순번,검진기관명,일반,영유아,구강,위암,대장암,간암,유방암,자궁경부암,폐암
1,한림대학교한강성심병원,내원,,,,,,,,
2,한림대학교강남성심병원,내원,내원,,내원,내원,내원,내원,내원,내원
3,성애의료재단성애병원,내원,내원,내원,내원,내원,내원,내원,내원,내원
4,대림성모병원,내원,,내원,내원,내원,내원,내원,내원,내원
5,명지성모병원,내원,,,내원,내원,내원,내원,내원,내원
6,씨엠병원,내원,,,내원,내원,내원,내원,내원,내원
7,의료법인인봉의료재단영등포병원,내원+출장,,내원,내원+출장,내원+출장,내원,내원+출장,내원,
8,건양의료재단김안과병원,내원,,,,,,,,
9,의료법인춘혜의료재단명지춘혜재활병원,내원,,,,,내원,,내원,
10,새길병원,내원,,,내원,내원,내원,내원,,
11,한강수병원,내원+출장,,,내원,내원+출장,내원,,내원,
12,신세계서울병원,내원,,,내원,내원,내원,내원,내원,
13,재단법인한국산업보건환경연구소부설해상병원,내원,,,,,,,,
14,김정묵내과의원,내원,,,내원,내원,내원,,,
15,백내과의원,내원,,,내원,내원,내원,,,
16,원일한상룡내과의원,내원,,,내원,,내원,,,
17,이상태산부인과의원,,,,,,,,내원,
18,연세이충호산부인과의원,,,,,,,,내원,
19,세인산부인과의원,,,,,,,,내원,
20,명소아청소년과의원,,내원,,,,,,,
21,삼성키즈소아청소년과의원,,내원,,,,,,,
22,킴앤리소아청소년과이비인후과의원,,내원,,,,,,,
23,문현창내과의원,내원,,,,,내원,,,
24,정해익소아청소년과의원,,내원,,,,,,,
25,이중연내과의원,내원,,,내원,,,,,
26,의료법인창덕의료재단필립의원,내원,,내원,내원,내원,내원,내원,내원,
27,윤민소아청소년과의원,,내원,,,,,,,
28,연세우리소아청소년과의원,,내원,,,,,,,
29,김영준소아청소년과의원,,내원,,,,,,,
30,최하주소아청소년과의원,,내원,,,,,,,
31,박진소아청소년과의원,,내원,,,,,,,
32,신풍내과의원,내원,,,내원,내원,내원,,,
33,서울우리내과의원,내원,,,내원,내원,내원,내원,내원,
34,백근욱내과의원,내원,,,내원,내원,내원,내원,내원,
35,라메르산부인과의원,내원,,,,,,내원,내원,
36,한빛내과의원,내원,,,내원,,내원,,,
37,연세행복한가정의학과의원,내원,,,,,,,,
38,영신치과의원,,,내원,,,,,,
39,명치과의원,,,내원,,,,,,
40,당산치과의원,,,내원,,,,,,
41,이혜영치과의원,,,내원,,,,,,
42,박치과의원,,,내원,,,,,,
43,이영석치과의원,,,내원,,,,,,
44,앰앤드디치과의원,,,내원,,,,,,
45,남서울치과의원,,,내원,,,,,,
46,하얀치과의원,,,내원,,,,,,
47,안앤유치과의원,,,내원,,,,,,
48,2080치과의원,,,내원,,,,,,
49,김원식치과의원,,,내원,,,,,,
50,연세봄치과의원,,,내원,,,,,,
51,원치과의원,,,내원,,,,,,
52,정민치과의원,,,내원,,,,,,
53,이중헌치과의원,,,내원,,,,,,
54,정연진치과의원,,,내원,,,,,,
55,남상치과의원,,,내원,,,,,,
56,윤정석치과의원,,,내원,,,,,,
57,뉴욕이치과의원,,,내원,,,,,,
58,엠스치과의원,,,내원,,,,,,
59,세명치과의원,,,내원,,,,,,
60,아름다운치과의원,,,내원,,,,,,
61,원플러스치과의원,,,내원,,,,,,
62,서울웰치과의원,,,내원,,,,,,
63,메이플치과의원,,,내원,,,,,,
64,금강치과의원,,,내원,,,,,,
65,수인치과의원,,,내원,,,,,,
66,연세고른이치과의원,,,내원,,,,,,
67,미림치과의원,,,내원,,,,,,
68,연세덕원치과의원,,,내원,,,,,,
69,고운이치과의원,,,내원,,,,,,
70,한빛치과의원,,,내원,,,,,,
71,우리치과의원,,,내원,,,,,,
72,유기종치과의원,,,내원,,,,,,
73,미연세치과의원,,,내원,,,,,,
74,푸른치과의원,,,내원,,,,,,
75,연세리더스치과의원,,,내원,,,,,,
76,화이트플러스치과의원,,,내원,,,,,,
77,경원치과의원,,,내원,,,,,,
78,스마일치과의원,,,내원,,,,,,
79,우리들치과의원,,,내원,,,,,,
80,행복한치과의원,,,내원,,,,,,
81,영치과의원,,,내원,,,,,,
82,연세플러스치과의원,,,내원,,,,,,
83,연세원치과의원,,,내원,,,,,,
84,미소최치과의원,,,내원,,,,,,
85,미소치과의원,,,내원,,,,,,
86,당산서울치과의원,,,내원,,,,,,
87,화이트치과의원,,,내원,,,,,,
88,늘푸른지에스치과의원,,,내원,,,,,,
89,서울맑은치과의원,,,내원,,,,,,
90,유아이씨시카고치과의원,,,내원,,,,,,
91,새싹사랑치과의원,,,내원,,,,,,
92,햇살가득한치과의원,,,내원,,,,,,
93,키즈웰소아치과의원,,,내원,,,,,,
94,미앤미치과의원,,,내원,,,,,,
95,와이플란트치과의원,,,내원,,,,,,
96,웰치과의원,,,내원,,,,,,
97,늘사랑치과의원,,,내원,,,,,,
98,이튼치과의원,,,내원,,,,,,
99,해온치과의원,,,내원,,,,,,
100,오플란트치과의원,,,내원,,,,,,
101,시카고부부치과의원,,,내원,,,,,,
102,제일중앙치과의원,,,내원,,,,,,
103,보스톤서울치과의원,,,내원,,,,,,
104,서울더좋은치과의원,,,내원,,,,,,
105,서울플러스치과의원,,,내원,,,,,,
106,가이드치과의원,,,내원,,,,,,
107,라온치과의원,,,내원,,,,,,
108,바른플란트치과의원,,,내원,,,,,,
109,사람사랑치과의원,,,내원,,,,,,
110,신길하나치과의원,,,내원,,,,,,
111,영등포연세이편한치과의원,,,내원,,,,,,
112,연세채움치과의원,,,내원,,,,,,
113,반듯한치과의원,,,내원,,,,,,
114,올굿치과의원,,,내원,,,,,,
115,연세바른이치과의원,,,내원,,,,,,
116,당산원치과의원,,,내원,,,,,,
117,내이플란트치과의원,,,내원,,,,,,
118,이우주치과의원,,,내원,,,,,,
119,키즈앤패밀리치과의원,,,내원,,,,,,
120,지노치과의원,,,내원,,,,,,
121,연세이좋은치과의원,,,내원,,,,,,
122,함께하는치과의원,,,내원,,,,,,
123,퍼스트치과의원,,,내원,,,,,,
124,서울그랜드치과의원,,,내원,,,,,,
125,덴티스킨치과의원,,,내원,,,,,,
126,미소현치과의원,,,내원,,,,,,
127,당산수치과의원,,,내원,,,,,,
128,더클래식치과의원,,,내원,,,,,,
129,연세감동치과의원,,,내원,,,,,,
130,서울아이사랑치과의원,,,내원,,,,,,
131,신길퍼스트치과의원,,,내원,,,,,,
132,서울고운이치과의원,,,내원,,,,,,
133,서울초이스치과의원,,,내원,,,,,,
134,미소정원치과의원,,,내원,,,,,,
135,88월드치과의원,,,내원,,,,,,
136,연세이로운치과의원,,,내원,,,,,,
137,365열린치과의원,,,내원,,,,,,
138,연세준치과의원,,,내원,,,,,,
139,서울센트럴치과의원,,,내원,,,,,,
140,서울슬기로운치과의원,,,내원,,,,,,
141,신풍미소치과의원,,,내원,,,,,,
142,연세프라임치과의원,,,내원,,,,,,
143,연세온치과의원,,,내원,,,,,,
144,마리아내과의원,내원,,,내원,내원,내원,,,
145,대우명소아과의원,,내원,,,,,,,
146,열린마음의원,,내원,,,,,,,
147,로뎀나무내과의원,내원,,,내원,내원,내원,내원,내원,
148,아산키즈소아청소년과의원,,내원,,,,,,,
149,조은내과의원,내원,,,내원,내원,내원,,,
150,신풍산부인과의원,,,,,,,,내원,
151,꽃세산부인과의원,,,,,,,,내원,
152,연세바른내과의원,내원,,,내원,내원,내원,,,
153,연세내과의원,내원,,,내원,내원,내원,내원,내원,
154,신남영상의학과의원,내원,,,내원,내원,내원,내원,내원,
155,이화퀸산부인과의원,,,,,,,,내원,
156,도림편한내과의원,내원,,,내원,내원,내원,,,
157,이강원이비인후과의원,,내원,,,,,,,
158,속편한내과의원,내원,,,내원,내원,내원,내원,내원,
159,지앤유산부인과의원,,,,,,,,내원,
160,유앤유외과의원,,,,,,,내원,,
161,박명석내과의원,내원,,,,,내원,,,
162,아란태산부인과의원,,내원,,,,,내원,내원,
163,아이엘산부인과소아청소년과의원,내원,내원,,,,,내원,내원,
164,대명앰알씨티의원,내원,,,내원,내원,내원,내원,내원,
165,신길연세365의원,내원,,,내원,내원,내원,내원,내원,
166,류운석내과의원,내원,,,내원,내원,내원,,,
167,림스내과의원,내원,내원,,내원,내원,내원,,,
168,연세센트럴소아청소년과의원,,내원,,,,,,,
169,박석준성모내과의원,내원,,,내원,내원,내원,내원,내원,
170,정의원,내원,,,,,,,,
171,국민건강내과의원,내원+출장,,,내원,내원,내원,내원,내원,
172,김환열내과의원,내원,,,내원,내원,내원,,,
173,아람연세소아청소년과의원,,내원,,,,,,,
174,자연산부인과의원,,,,,,,,내원,
175,웃는아이소아청소년과의원,,내원,,,,,,,
176,이덕기내과의원,내원,,,내원,내원,내원,내원,내원,
177,연세부영가정의학과의원,,내원,,,,,,,
178,베스트산부인과의원,,,,,,,,내원,
179,삼성드림소아청소년과의원,,내원,,,,,,,
180,연세준내과의원,내원,,,내원,내원,내원,,,
181,삼육오속편한내과의원,내원,,,내원,내원,내원,내원,내원,
182,행복드림내과의원,내원,,,내원,내원,내원,내원,내원,
183,베토벤이비인후과의원,,내원,,,,,,,
184,세인트여성의원,,,,,,,,내원,
185,박준형내과의원,내원,,,내원,내원,내원,내원,내원,
186,행복준내과의원,내원,,,내원,내원,내원,,,
187,제미수소아청소년과의원,,내원,,,,,,,
188,삼성바른내과의원,내원,,,내원,내원,내원,,,
189,좋은숨김동규내과재활의학과의원,내원,,,내원,내원,내원,,,
190,서울삼성내과의원,내원,,,내원,내원,내원,내원,내원,
191,연세영등포내과의원,내원,,,내원,내원,내원,,,
192,에스케이내과의원,내원,,,내원,내원,내원,내원,내원,
193,연세선우치과의원,,,내원,,,,,,
194,연세이엔박치과의원,,,내원,,,,,,
195,네이버치과의원,,,내원,,,,,,
196,바르다정치과의원,,,내원,,,,,,
197,연세더순수치과의원,,,내원,,,,,,
198,에이스치과의원영등포문래동점,,,내원,,,,,,
199,대림봄치과의원,,,내원,,,,,,
200,이앤씨치과의원,,,내원,,,,,,
201,서울아크로치과의원,,,내원,,,,,,
202,바른약속치과의원,,,내원,,,,,,
203,좋은날치과의원,,,내원,,,,,,
204,연세미엘치과의원,,,내원,,,,,,
205,서울연세감성치과의원,,,내원,,,,,,
206,연세디자인치과의원,,,내원,,,,,,
207,원덴탈솔루션치과의원,,,내원,,,,,,
208,작은별소아치과의원,,,내원,,,,,,
209,신길정성치과의원,,,내원,,,,,,
210,국제모아치과의원,,,내원,,,,,,
211,감탄치과의원,,,내원,,,,,,
212,성모속튼튼내과의원,내원,,,내원,내원,내원,내원,내원,
213,문래한마음내과의원,내원,,,내원,내원,내원,내원,내원,
214,성모가정의원,내원,,,,,,,,
215,서울사랑내과의원,내원,,,내원,내원,내원,내원,내원,
216,조은탑내과의원,내원,,,내원,내원,내원,내원,내원,
217,오케이내과심장혈관흉부외과의원,내원,,,내원,내원,내원,내원,내원,
218,서울드림의원,내원,,,내원,내원,내원,내원,내원,
219,삼성햇살내과의원,내원,,,내원,내원,내원,내원,내원,
220,이화앤유영상의학과의원,,,,,,,내원,,
221,삼성다온내과의원,내원,,,내원,내원,내원,내원,내원,
222,애플산부인과의원,,,,,,,,내원,
223,당산헤스티아여성의원,,,,,,,,내원,
224,새로운내과의원,내원,,,,,,,,
225,당산센트럴내과의원,내원,,,내원,내원,내원,내원,내원,
226,이(e)마스터치과의원,,,내원,,,,,,
227,건국대학교병원,내원,내원,,내원,내원,내원,내원,내원,내원
228,혜민병원,내원,,,내원,내원,내원,내원,내원,내원
229,서울프라임병원,내원,,,내원,내원,내원,내원,내원,
230,국립정신건강센터,내원,,내원,,,내원,내원,,
231,김요한의원,,내원,,,,,,,
232,(사)인구보건복지협회서울지회가족보건의원,내원,내원,,내원,내원,내원,내원,내원,
233,이남희산부인과의원,,,,,,,,내원,
234,김소아과의원,,내원,,,,,,,
235,정문호소아과의원,,내원,,,,,,,
236,성동고려의원,내원,,,내원,내원,내원,내원,내원,
237,최진소아청소년과의원,,내원,,,,,,,
238,신성내과의원,내원,,,내원,내원,내원,,,
239,권오상산부인과의원,,,,,,,,내원,
240,전영미산부인과의원,,,,,,,,내원,
241,독일의원,내원,내원,,내원,내원,내원,내원,내원,
242,더불어내과의원,내원,,,내원,,내원,,,
243,김종웅내과의원,내원,,,내원,내원,내원,내원,내원,
244,권소아과의원,,내원,,,,,,,
245,엄민숙소아청소년과의원,,내원,,,,,,,
246,김신응내과의원,내원,,,내원,내원,내원,,,
247,서소아과의원,,내원,,,,,,,
248,어광수가정의학과의원,내원,내원,,내원,내원,내원,내원,내원,
249,고려산부인과의원,,,,,,,,내원,
250,푸른꿈소아과의원,,내원,,,,,,,
251,주명희산부인과의원,,,,,,,,내원,
252,조내과의원,내원,,,내원,,내원,,,
253,라일락산부인과의원,,,,,,,,내원,
254,서울가정의원,,내원,,,,,,,
255,퀸산부인과의원,,,,,,,,내원,
256,이내과의원,내원,,,내원,내원,내원,,,
257,서울내과의원,내원,,,내원,내원,내원,내원,내원,
258,김영관내과안과의원,내원,,,내원,내원,내원,내원,내원,
259,지킴내과의원,내원,,,내원,내원,내원,내원,,
260,에스(S)리더치과병원,,,내원,,,,,,
261,광진예치과병원,,,내원,,,,,,
262,정태련치과의원,,,내원,,,,,,
263,서울남치과의원,,,내원,,,,,,
264,이치과의원,,,내원,,,,,,
265,박봉기치과의원,,,내원,,,,,,
266,한도치과의원,,,내원,,,,,,
267,혜민치과의원,,,내원,,,,,,
268,기독필치과의원,,,내원,,,,,,
269,공선식치과의원,,,내원,,,,,,
270,길치과의원,,,내원,,,,,,
271,최대우치과의원,,,내원,,,,,,
272,크리스탈치과의원,,,내원,,,,,,
273,최종명치과의원,,,내원,,,,,,
274,상아치과의원,,,내원,,,,,,
275,김수용치과의원,,,내원,,,,,,
276,김성수치과의원,,,내원,,,,,,
277,사랑가득한치과의원,,,내원,,,,,,
278,모웅남치과의원,,,내원,,,,,,
279,제일치과의원,,,내원,,,,,,
280,박현수치과의원,,,내원,,,,,,
281,군자플란트치과의원,,,내원,,,,,,
282,레몬치과의원,,,내원,,,,,,
283,김종훈치과의원,,,내원,,,,,,
284,유디치과의원,,,내원,,,,,,
285,구의본치과의원,,,내원,,,,,,
286,보우치과의원,,,내원,,,,,,
287,정치과의원,,,내원,,,,,,
288,프라임치과의원,,,내원,,,,,,
289,서울캐릭터치과의원,,,내원,,,,,,
290,최병규치과의원,,,내원,,,,,,
291,사랑의치과의원,,,내원,,,,,,
292,우리아이치과의원,,,내원,,,,,,
293,유노치과의원,,,내원,,,,,,
294,새연세치과의원,,,내원,,,,,,
295,가람치과의원,,,내원,,,,,,
296,연세수치과의원,,,내원,,,,,,
297,우리들치과의원,,,내원,,,,,,
298,하이치과의원,,,내원,,,,,,
299,치아미치과의원,,,내원,,,,,,
300,서울미소치과의원,,,내원,,,,,,
301,루트웰치과의원,,,내원,,,,,,
302,허브치과의원,,,내원,,,,,,
303,제이앤피웰치과의원,,,내원,,,,,,
304,쉐르빌서울치과의원,,,내원,,,,,,
305,고우니치과의원,,,내원,,,,,,
306,연세나루치과의원,,,내원,,,,,,
307,미소인치과의원,,,내원,,,,,,
308,덴토피아환희치과의원,,,내원,,,,,,
309,새서울치과의원,,,내원,,,,,,
310,소망치과의원,,,내원,,,,,,
311,스타시티치과의원,,,내원,,,,,,
312,미소치과의원,,,내원,,,,,,
313,연세휴치과의원,,,내원,,,,,,
314,서울선치과의원,,,내원,,,,,,
315,미치과의원,,,내원,,,,,,
316,보스톤스마트치과의원,,,내원,,,,,,
317,연세고운미소치과의원,,,내원,,,,,,
318,광진정플란트치과의원,,,내원,,,,,,
319,예쁜얼굴바른이치과의원,,,내원,,,,,,
320,더서울치과의원,,,내원,,,,,,
321,이편한치과의원,,,내원,,,,,,
322,극동치과의원,,,내원,,,,,,
323,서울앞선치과의원,,,내원,,,,,,
324,이튼플러스치과의원,,,내원,,,,,,
325,치하임치과의원,,,내원,,,,,,
326,센트럴치과의원,,,내원,,,,,,
327,예이랑치과교정과치과의원,,,내원,,,,,,
328,서울하이안치과의원,,,내원,,,,,,
329,중곡우리치과의원,,,내원,,,,,,
330,미소웰치과의원,,,내원,,,,,,
331,서울개구장이치과의원,,,내원,,,,,,
332,연세반가운치과의원,,,내원,,,,,,
333,미소필치과의원,,,내원,,,,,,
334,서울삼성치과의원,,,내원,,,,,,
335,온아치과의원,,,내원,,,,,,
336,서울참조은치과의원,,,내원,,,,,,
337,원플러스치과의원,,,내원,,,,,,
338,굿프렌즈치과의원,,,내원,,,,,,
339,라이트치과의원,,,내원,,,,,,
340,동부플란트치과의원,,,내원,,,,,,
341,보배로운치과의원,,,내원,,,,,,
342,바른훈치과의원,,,내원,,,,,,
343,미앤진치과의원,,,내원,,,,,,
344,연세퍼스트치과의원,,,내원,,,,,,
345,마음이닿는치과의원,,,내원,,,,,,
346,헤이사랑치과의원,,,내원,,,,,,
347,서울미니플란트치과의원,,,내원,,,,,,
348,앨리스치과의원,,,내원,,,,,,
349,건대기억치과의원,,,내원,,,,,,
350,서울훈훈한치과의원,,,내원,,,,,,
351,스마일온서울치과교정과치과의원,,,내원,,,,,,
352,서울든든한치과의원,,,내원,,,,,,
353,연세원드림치과의원,,,내원,,,,,,
354,서울넘버원치과의원,,,내원,,,,,,
355,해맑은소아과의원,,내원,,,,,,,
356,지킴소아과의원,,내원,,,,,,,
357,큰열매여성의원,내원,내원,,,,내원,,내원,
358,화양본내과의원,내원,,,내원,내원,내원,내원,내원,
359,늘좋은내과의원,내원,,,내원,내원,내원,내원,내원,
360,길내과의원,내원,,,내원,,내원,,,
361,서울내외의원,내원,,,내원,내원,내원,내원,내원,
362,아가사랑소아청소년과의원,,내원,,,,,,,
363,프리마여성의원,,,,,,,,내원,
364,박상내과의원,내원,,,내원,내원,내원,,,
365,항석내과의원,내원,,,내원,내원,내원,내원,내원,
366,소연산부인과의원,,,,,,,,내원,
367,건대와이(Y)산부인과의원,,,,,,,,내원,
368,삼성열린내과의원,내원,,,내원,내원,내원,,,
369,참사랑가정의학과의원,,내원,,,,,,,
370,고은가정의학과의원,,내원,,,,,,,
371,서울삼성내과의원,내원,,,,,,,,
372,유앤장이비인후과의원,,내원,,,,,,,
373,군자건항외과의원,내원,,,내원,내원,,,,
374,가족애내과의원,내원,,,내원,내원,내원,,,
375,늘푸른연세의원,,내원,,,,,,,
376,주민내과의원,내원,,,내원,내원,내원,,,
377,주함외과의원,내원,,,내원,내원,내원,내원,,
378,강남훈내과의원,내원,,,내원,내원,내원,,,
379,한우식내과의원,내원,,,내원,내원,내원,,,
380,명소아청소년과의원,,내원,,,,,,,
381,365류마고내과의원,내원,,,내원,내원,내원,내원,내원,
382,이(e)서울내과의원,내원,,,내원,내원,내원,내원,내원,
383,김형준가정의학과의원,내원,내원,,내원,내원,내원,,,
384,샤인소아청소년과의원,,내원,,,,,,,
385,삼성키즈소아청소년과의원,,내원,,,,,,,
386,화양영상의학과의원,내원,,,,내원,내원,내원,내원,
387,로앤산부인과의원,,,,,,,,내원,
388,서울엠비(MB)내과의원,내원,,,내원,내원,내원,내원,내원,
389,키즈엘소아청소년과의원,,내원,,,,,,,
390,SC제일산부인과의원,,내원,,,,,내원,내원,
391,이(e)누리내과의원,내원,,,내원,내원,내원,내원,내원,
392,비타민의원,내원,,,내원,내원,내원,,,
393,아이쑥쑥소아청소년과의원,,내원,,,,,,,
394,김숙희여성의원,,,,,,,,내원,
395,중곡제일내과의원,내원,,,내원,내원,내원,,내원,
396,고려H내과의원,내원,,,내원,내원,내원,내원,내원,
397,수가정의학과의원,내원,,,내원,내원,내원,,내원,
398,이화소아청소년과의원,,내원,,,,,,,
399,서울굿모닝내과의원,내원,,,내원,내원,내원,내원,,
400,아산한빛의원,내원,,,내원,내원,내원,내원,내원,
401,아산박내과의원,,내원,,,,,,,
402,워커힐여성의원,,,,,,,,내원,
403,세종스포츠정형외과의원,내원,,,,,내원,,,
404,삼성신내과의원,내원,,,,,내원,,,
405,그대의봄여성의원,,,,,,,,내원,
406,서울필치과의원,,,내원,,,,,,
407,구의고운미치과의원,,,내원,,,,,,
408,서울베스트치과의원,,,내원,,,,,,
409,서울허브치과의원,,,내원,,,,,,
410,서울연세임정규우상치과의원,,,내원,,,,,,
411,더치과의원,,,내원,,,,,,
412,광진탑치과의원,,,내원,,,,,,
413,광진베스트치과의원,,,내원,,,,,,
414,봄날의미소치과의원,,,내원,,,,,,
415,연세안심치과의원,,,내원,,,,,,
416,좋은미소치과의원,,,내원,,,,,,
417,모아재활의학과소아청소년과의원,,내원,,,,,,,
418,시원누리내과의원,내원,,,내원,내원,내원,내원,내원,
419,서울건강내과의원,내원,,,내원,내원,내원,,,
420,성모푸른내과의원,내원,,,내원,내원,내원,,내원,
421,은유외과의원,,,,,,,내원,,
422,연세박윤혜내과의원,내원,,,내원,내원,내원,내원,내원,
423,구의센트럴내과의원,내원,,,내원,내원,내원,내원,내원,
424,올유메디컬의원,내원,,,내원,내원,내원,내원,내원,
425,루트여성의원,내원,,,,,내원,내원,내원,
426,구의베스트내과의원,내원,,,내원,내원,내원,내원,내원,
427,이유여성의원,,,,,,,,내원,
428,아톰정형외과의원,내원,,,,,,,,
429,경희아산내과의원,내원,,,내원,내원,내원,,,
430,서울특별시동부병원,내원,내원,내원,내원,내원,내원,내원,내원,내원
431,삼육서울병원,내원+출장,내원,내원,내원,내원,내원,내원,내원,내원
432,경희대학교병원,내원+출장,내원,,내원,내원,내원,내원,내원,내원
433,서울성심병원,내원,내원,내원,내원,내원,내원,내원,내원,내원
434,코리아병원,내원,,,내원,,내원,,,
435,영동병원,내원,,,내원,내원,내원,,,
436,참튼튼병원,내원,,,내원,내원,내원,,,
437,린여성병원,내원,,내원,내원,내원,내원,내원,내원,
438,하늘병원,내원,,,내원,내원,내원,내원,,
439,서울나은병원,내원,,,내원,내원,내원,,내원,
440,엔플러스병원,내원,내원,,내원,내원,내원,내원,내원,
441,이연희산부인과의원,,,,,,,,내원,
442,최정애산부인과의원,,,,,,,,내원,
443,황인규산부인과의원,,,,,,,,내원,
444,허성욱내과의원,내원,,,,,,,,
445,윤명진윤나리내과의원,내원,,,내원,내원,내원,,,
446,새서울외과의원,내원,,,,,,,,
447,장세영소아과의원,,내원,,,,,,,
448,서울연세의원,내원,,,,내원,내원,,,
449,이소아과의원,,내원,,,,,,,
450,한국건강관리협회건강증진의원,내원,,,내원,내원,내원,내원,내원,
451,혜성플러스의원,내원,,,,,,,,
452,유진내과의원,내원,,,내원,,내원,,,
453,최은림산부인과의원,,,,,,,,내원,
454,현대중앙의원,내원,,,내원,내원,내원,,,
455,김현우내과의원,내원,,,내원,내원,내원,내원,내원,
456,주정형외과의원,내원,,,,,,,,
457,강신구가정의학과의원,,내원,,,,,,,
458,보인내과의원,내원,,,내원,,내원,,,
459,이성배내과의원,내원,,,내원,,내원,,,
460,김흥기산부인과의원,,,,,,,,내원,
461,경희대학교치과병원,,,내원+출장,,,,,,
462,삼육치과병원,,,내원+출장,,,,,,
463,시카고치과병원,,,내원,,,,,,
464,엘치과병원,,,내원,,,,,,
465,조치과의원,,,내원,,,,,,
466,허치과의원,,,내원,,,,,,
467,연세백석치과의원,,,내원,,,,,,
468,새하얀서울치과의원,,,내원,,,,,,
469,유석천치과의원,,,내원,,,,,,
470,서울리더스치과의원,,,내원,,,,,,
471,연세치과의원,,,내원,,,,,,
472,김선호치과의원,,,내원,,,,,,
473,소문난치과의원,,,내원,,,,,,
474,조영준치과의원,,,내원,,,,,,
475,늘솜치과의원,,,내원,,,,,,
476,한치과의원,,,내원,,,,,,
477,캘리포니아치과의원,,,내원,,,,,,
478,최치과의원,,,내원,,,,,,
479,제노치과의원,,,내원,,,,,,
480,유치과의원,,,내원,,,,,,
481,페리오플란트치과의원,,,내원,,,,,,
482,문성규치과의원,,,내원,,,,,,
483,윤호치과의원,,,내원,,,,,,
484,초이스치과의원,,,내원,,,,,,
485,제기유디치과의원,,,내원,,,,,,
486,와이엠(YM)예미안치과의원,,,내원,,,,,,
487,이현아치과의원,,,내원,,,,,,
488,최치과의원,,,내원,,,,,,
489,서울프라임치과의원,,,내원,,,,,,
490,새서울치과의원,,,내원,,,,,,
491,서울인치과의원,,,내원,,,,,,
492,박광선치과의원,,,내원,,,,,,
493,늘푸른치과의원,,,내원,,,,,,
494,사랑이가득한치과의원,,,내원,,,,,,
495,임치과의원,,,내원,,,,,,
496,연세밝은미소치과의원,,,내원,,,,,,
497,미서울치과의원,,,내원,,,,,,
498,연세흰돌치과의원,,,내원,,,,,,
499,한솔치과의원,,,내원,,,,,,
500,플러스덴치과의원,,,내원,,,,,,
501,E&I치과의원,,,내원,,,,,,
502,더시카고어린세상치과의원,,,내원,,,,,,
503,웰치과의원,,,내원,,,,,,
504,굿모닝치과의원,,,내원,,,,,,
505,엘플란트치과의원,,,내원,,,,,,
506,EB치과의원,,,내원,,,,,,
507,올치과의원,,,내원,,,,,,
508,연세키즈주니어치과의원,,,내원,,,,,,
509,연세휴치과의원,,,내원,,,,,,
510,청량리연세휴치과의원,,,내원,,,,,,
511,곤치과의원,,,내원,,,,,,
512,서울이앤이치과의원,,,내원,,,,,,
513,고운얼굴치과의원,,,내원,,,,,,
514,우리가족치과의원,,,내원,,,,,,
515,연세한스치과의원,,,내원,,,,,,
516,서울원치과의원,,,내원,,,,,,
517,강&이치과의원,,,내원,,,,,,
518,서울바른치과의원,,,내원,,,,,,
519,튼튼플란트치과의원,,,내원,,,,,,
520,연세바른이치과의원,,,내원,,,,,,
521,시카고초콜렛치과의원,,,내원,,,,,,
522,서울키즈파파치과의원,,,내원,,,,,,
523,한국건강관리협회건강증진치과의원,,,내원,,,,,,
524,예담치과의원,,,내원,,,,,,
525,나무치과의원,,,내원,,,,,,
526,서울완수치과의원,,,내원,,,,,,
527,반짝반짝어린이치과의원,,,내원,,,,,,
528,영동수치과의원,,,내원,,,,,,
529,래미안서울치과의원,,,내원,,,,,,
530,에이블치과의원,,,내원,,,,,,
531,서울유앤치과의원,,,내원,,,,,,
532,더감동치과의원,,,내원,,,,,,
533,백년치과의원,,,내원,,,,,,
534,서울올바르다치과의원,,,내원,,,,,,
535,서울기쁨치과의원,,,내원,,,,,,
536,경동수치과의원,,,내원,,,,,,
537,보스톤튼튼치과의원,,,내원,,,,,,
538,해날치과의원,,,내원,,,,,,
539,연세준치과교정과치과의원,,,내원,,,,,,
540,보스톤치과의원,,,내원,,,,,,
541,더끌림치과의원,,,내원,,,,,,
542,더끌림소아치과의원,,,내원,,,,,,
543,서울우수치과의원,,,내원,,,,,,
544,서울유플란트치과의원,,,내원,,,,,,
545,두산치과의원,,,내원,,,,,,
546,서울미치과의원,,,내원,,,,,,
547,라이트치과의원,,,내원,,,,,,
548,청량리연세제일치과의원,,,내원,,,,,,
549,제이웰365치과의원,,,내원,,,,,,
550,광덕안정치과의원청량리점,,,내원,,,,,,
551,서울뉴본치과의원,,,내원,,,,,,
552,이데아치과의원,,,내원,,,,,,
553,신현준&신은혜치과의원,,,내원,,,,,,
554,다서울치과의원,,,내원,,,,,,
555,디엠치과의원,,,내원,,,,,,
556,바른약속치과의원,,,내원,,,,,,
557,서울저스트치과의원,,,내원,,,,,,
558,연세다정한치과교정과치과의원,,,내원,,,,,,
559,더섬세한치과의원,,,내원,,,,,,
560,연세청량한치과의원,,,내원,,,,,,
561,연세아늑한소아치과의원,,,내원,,,,,,
562,스마일치과의원,,,내원,,,,,,
563,성소아청소년과의원,,내원,,,,,,,
564,우리외과의원,내원,,,내원,내원,,,,
565,연세이문소아청소년과의원,,내원,,,,,,,
566,조은내과의원,내원,내원,,내원,,내원,,,
567,휘경우리들내과의원,내원,,,내원,내원,내원,,,
568,전소아청소년과의원,,내원,,,,,,,
569,아람소아청소년과의원,,내원,,,,,,,
570,미즈아인산부인과의원,,,,,,,,내원,
571,궁산부인과의원,,,,,,,,내원,
572,라임소아청소년과의원,,내원,,,,,,,
573,고은산부인과의원,,,,,,,,내원,
574,참조은내과의원,내원,,,내원,내원,내원,,,
575,예진산부인과의원,,,,,,,,내원,
576,다정산부인과의원,,,,,,,,내원,
577,속튼튼내과의원,내원,,,내원,내원,내원,내원,내원,
578,허내과의원,내원,,,내원,내원,내원,,,
579,늘편한내과의원,,내원,,,,,,,
580,연세키즈소아청소년과의원,,내원,,,,,,,
581,아산키즈소아청소년과의원,,내원,,,,,,,
582,건강한우리내과의원,내원,,,내원,내원,내원,내원,내원,
583,사랑내과의원,내원,,,내원,내원,내원,,,
584,연세누리소아청소년과의원,,내원,,,,,,,
585,연세하나산부인과의원,,,,,,,,내원,
586,더원외과의원,내원,,,내원,내원,내원,,,
587,여자의봄산부인과의원,,,,,,,,내원,
588,딸기소아청소년과의원,,내원,,,,,,,
589,서울린소아청소년과의원,,내원,,,,,,,
590,동안비전내과의원,내원,,,내원,내원,내원,내원,내원,
591,서울메디투어의원,내원+출장,,,내원,내원,내원,내원,내원,
592,비너스산부인과의원,,,,,,,,내원,
593,오승현내과의원,내원,,,내원,내원,내원,내원,,
594,뮤여성의원,,,,,,,,내원,
595,늘품위내과의원,내원,,,내원,내원,내원,,,
596,우리안애내과의원,내원,,,내원,내원,내원,,내원,
597,빛나는여성의원,,,,,,,,내원,
598,다나성모소아청소년과의원,,내원,,,,,,,
599,세기가정의학과의원,내원,,,,,,,,
600,큰길내과의원,내원,,,내원,내원,내원,내원,내원,
601,경희임내과의원,내원,,,,,내원,,,
602,동서울정형외과의원,내원,,,내원,내원,내원,,,
603,서울삼성내과의원,내원,,,내원,내원,내원,내원,내원,
604,슈퍼맨소아청소년과의원,,내원,,,,,,,
605,아인스치과의원,,,내원,,,,,,
606,애플치과의원,,,내원,,,,,,
607,림플란트치과의원,,,내원,,,,,,
608,라이프치과의원,,,내원,,,,,,
609,서울아람치과의원,,,내원,,,,,,
610,아라현치과의원,,,내원,,,,,,
611,굿닥터치과의원,,,내원,,,,,,
612,서울에이스치과의원,,,내원,,,,,,
613,서울수치과의원,,,내원,,,,,,
614,바른케이(K)치과의원,,,내원,,,,,,
615,믿음가는치과의원,,,내원,,,,,,
616,아껴주는치과의원,,,내원,,,,,,
617,연세스카이치과의원,,,내원,,,,,,
618,서울드림치과의원,,,내원,,,,,,
619,삼성베스트내과의원,내원,,,내원,내원,내원,내원,내원,
620,서울사대내과의원,내원,,,내원,내원,내원,,,
621,강북으뜸내과의원,내원,,,내원,내원,내원,내원,내원,
622,성모수내과의원,내원,,,내원,내원,내원,내원,내원,
623,속편한내과의원,내원,,,내원,내원,내원,내원,내원,
624,삼성편한내과의원,내원,,,내원,내원,내원,내원,내원,
625,아이키소아청소년과의원,,내원,,,,,,,
626,연세세브란스치과의원,,,내원,,,,,,
627,서울동서남북치과의원,,,내원,,,,,,
628,서울석치과의원,,,내원,,,,,,
629,학교법인고려중앙학원고려대학교의과대학부속병원(안암병원),,내원,,,,,,,
630,서울척병원,내원,,,내원,내원,내원,내원,내원,
631,더서울병원,내원,,,내원,내원,내원,,,
632,성북우리아이들병원,내원,내원,내원,,,,,,
633,동서요양병원,내원,,,내원,내원,내원,내원,내원,
634,인선소아과의원,,내원,,,,,,,
635,온누리산부인과의원,,,,,,,,내원,
636,이라소아청소년과의원,,내원,,,,,,,
637,김인식내과의원,내원,,,내원,,내원,,,
638,윤영근내과의원,내원,,,,,내원,,,
639,송내과의원,,내원,,,,,,,
640,장대환내과의원,내원,,,내원,내원,내원,,,
641,최준내과의원,,내원,,,,,,,
642,최강식내과의원,내원,,,내원,내원,내원,내원,내원,
643,박가정의학과의원,내원,,,,,내원,,,
644,이보영소아과의원,,내원,,,,,,,
645,이태희가정의학과의원,,내원,,,,,,,
646,이인숙산부인과제일검진의원,내원,,,내원,내원,내원,내원,내원,
647,현대여성산부인과의원,,,,,,,,내원,
648,김명선내과의원,내원,,,,,,,,
649,최현주영상의학과의원,,,,,,,내원,,
650,최와김내과의원,내원,,,내원,내원,내원,내원,내원,
651,김장욱가정의학과의원,,내원,,,,,,,
652,한솔내과의원,내원,,,내원,내원,내원,내원,내원,
653,미치과의원,,,내원,,,,,,
654,이은영치과의원,,,내원,,,,,,
655,김두현치과의원,,,내원,,,,,,
656,나종보치과의원,,,내원,,,,,,
657,김종탁치과의원,,,내원,,,,,,
658,이상주치과의원,,,내원,,,,,,
659,홍치과의원,,,내원,,,,,,
660,수치과의원,,,내원,,,,,,
661,연세란치과의원,,,내원,,,,,,
662,노종호치과의원,,,내원,,,,,,
663,이철환치과의원,,,내원,,,,,,
664,서울치과의원,,,내원,,,,,,
665,노아치과의원,,,내원,,,,,,
666,로덴송치과의원,,,내원,,,,,,
667,김희균치과의원,,,내원,,,,,,
668,이재석치과의원,,,내원,,,,,,
669,이주석치과의원,,,내원,,,,,,
670,한양치과의원,,,내원,,,,,,
671,임인학치과의원,,,내원,,,,,,
672,대한치과의원,,,내원,,,,,,
673,서울필치과의원,,,내원,,,,,,
674,선치과의원,,,내원,,,,,,
675,사람인치과의원,,,내원,,,,,,
676,서울뉴치과의원,,,내원,,,,,,
677,한빛치과의원,,,내원,,,,,,
678,뉴타운치과의원,,,내원,,,,,,
679,서울미소치과의원,,,내원,,,,,,
680,지동욱치과의원,,,내원,,,,,,
681,미소천사치과의원,,,내원,,,,,,
682,열린치과의원,,,내원,,,,,,
683,강북사랑으로치과의원,,,내원,,,,,,
684,이안치과의원,,,내원,,,,,,
685,윈치과의원,,,내원,,,,,,
686,테마가있는치과의원,,,내원,,,,,,
687,뉴욕엔와이유치과의원,,,내원,,,,,,
688,장위이사랑치과의원,,,내원,,,,,,
689,차앤안치과의원,,,내원,,,,,,
690,서울바른소아치과의원,,,내원,,,,,,
691,석계고운이치과의원,,,내원,,,,,,
692,엘에이치과의원,,,내원,,,,,,
693,중앙치과의원,,,내원,,,,,,
694,서울좋은치과의원,,,내원,,,,,,
695,처음처럼치과의원,,,내원,,,,,,
696,연세프라임치과의원,,,내원,,,,,,
697,서울명인치과의원,,,내원,,,,,,
698,서울미래치과의원,,,내원,,,,,,
699,바른부부치과의원,,,내원,,,,,,
700,동우미앤미치과의원,,,내원,,,,,,
701,웃는이치과의원,,,내원,,,,,,
702,정치과의원,,,내원,,,,,,
703,위드치과의원,,,내원,,,,,,
704,연세바른치과의원,,,내원,,,,,,
705,연세밝은아이치과의원,,,내원,,,,,,
706,편한미소치과의원,,,내원,,,,,,
707,서울비케이치과의원,,,내원,,,,,,
708,성북이엔이치과의원,,,내원+출장,,,,,,
709,아이세상치과의원,,,내원,,,,,,
710,이스터치과의원,,,내원,,,,,,
711,미소진치과의원,,,내원,,,,,,
712,예가치과의원,,,내원,,,,,,
713,서울S플러스치과의원,,,내원,,,,,,
714,석관서울좋은치과의원,,,내원,,,,,,
715,서울아트치과의원,,,내원,,,,,,
716,미보치과의원,,,내원,,,,,,
717,뉴서울치과의원,,,내원,,,,,,
718,안암엘와이엔치과의원,,,내원,,,,,,
719,하하치과의원,,,내원,,,,,,
720,로뎀나무치과의원,,,내원,,,,,,
721,프라임치과의원,,,내원,,,,,,
722,길음연세치과의원,,,내원,,,,,,
723,월곡나무치과의원,,,내원,,,,,,
724,이룸치과의원,,,내원,,,,,,
725,보문치과의원,,,내원,,,,,,
726,키즈웰치과의원,,,내원,,,,,,
727,연세우리치과의원,,,내원,,,,,,
728,빈센트치과의원,,,내원,,,,,,
729,시카고치과의원,,,내원,,,,,,
730,더편한치과의원,,,내원,,,,,,
731,성심바른치과의원,,,내원,,,,,,
732,서울예담치과의원,,,내원,,,,,,
733,서울휴치과의원,,,내원,,,,,,
734,서울치과의원,,,내원,,,,,,
735,유씨캘리포니아치과의원(UC캘리포니아치과의원),,,내원,,,,,,
736,서울고운치과의원,,,내원,,,,,,
737,율치과교정과치과의원,,,내원,,,,,,
738,사랑담은치과의원,,,내원,,,,,,
739,성신웰치과의원,,,내원,,,,,,
740,굿모닝치과의원,,,내원,,,,,,
741,성북센트럴치과의원,,,내원,,,,,,
742,서울베스트치과의원,,,내원,,,,,,
743,서울에스치과의원,,,내원,,,,,,
744,서울참좋은치과의원,,,내원,,,,,,
745,서울에이스치과의원,,,내원,,,,,,
746,더봄치과의원,,,내원,,,,,,
747,이상한나라앨리스치과의원,,,내원,,,,,,
748,서울바로치과의원,,,내원,,,,,,
749,연세고마운치과의원,,,내원,,,,,,
750,장위으뜸치과의원,,,내원,,,,,,
751,서울이로운치과의원,,,내원,,,,,,
752,서울스카이치과의원,,,내원,,,,,,
753,서울클리어치과교정과치과의원,,,내원,,,,,,
754,서울시민의료소비자생활협동조합서울시민치과의원,,,내원,,,,,,
755,바른샘치과의원,,,내원,,,,,,
756,성모치과의원,,,내원,,,,,,
757,다사랑치과의원,,,내원,,,,,,
758,연세푸른치과의원,,,내원,,,,,,
759,김상일치과의원,,,내원,,,,,,
760,정릉치과의원,,,내원,,,,,,
761,서울열린치과의원,,,내원,,,,,,
762,연세휴치과의원,,,내원,,,,,,
763,종암개운한치과의원,,,내원,,,,,,
764,정릉보건지소,,내원,,,,,,,
765,장위석관보건지소,,내원,,,,,,,
766,김선영소아과의원,,내원,,,,,,,
767,박규호내과의원,내원,,,,,내원,,,
768,한문수의원,,내원,,,,,,,
769,박소아청소년과의원,,내원,,,,,,,
770,명가정의학과의원,,내원,,,,,,,
771,연세오내과의원,내원,,,내원,내원,내원,,,
772,참이비인후과의원,,내원,,,,,,,
773,유항맥서울외과의원,내원,,,내원,내원,내원,내원,내원,
774,용가정의학과의원,,내원,,,,,,,
775,굿모닝플러스외과의원,내원,,,내원,내원,내원,내원,,
776,서울가정의학과의원,,내원,,,,,,,
777,열린산부인과의원,,,,,,,내원,내원,
778,우리가정의학과의원,,내원,,,,,,,
779,맘편한내과의원,내원,,,내원,내원,내원,내원,내원,
780,키즈쑥쑥소아청소년과의원,,내원,,,,,,,
781,삼성프렌드의원,내원,,,내원,내원,내원,,,
782,연세수내과의원,내원,,,내원,,,,,
783,김효석내과의원,내원,,,내원,내원,내원,,,
784,이지현내과의원,내원,,,내원,,내원,,,
785,박상현소아청소년과의원,,내원,,,,,,,
786,송이여성의원,,,,,,,,내원,
787,아이&I소아청소년과의원,,내원,,,,,,,
788,지인산부인과의원,,,,,,,,내원,
789,성북성심신경과의원,,,,,,,내원,,
790,우리기쁜산부인과의원,,내원,,,,,내원,내원,
791,강북삼성의원,내원,,,,,,,,
792,연세속편한의원,내원,,,내원,내원,내원,내원,내원,
793,에스메디센터내과외과의원,내원,,,내원,내원,내원,내원,내원,
794,정릉성모내과의원,내원,,,내원,,내원,,,
795,김세진소아청소년과의원,,내원,,,,,,,
796,김동일내과의원,내원,,,내원,내원,내원,,,
797,안산부인과의원,내원,,,,,,내원,내원,
798,서울하나내과의원,내원,,,내원,내원,내원,내원,내원,
799,엔젤소아청소년과의원,,내원,,,,,,,
800,아리랑가정의원,내원,내원,,,,,,,
801,푸른숲소아청소년과의원,,내원,,,,,,,
802,더행복한산부인과의원,,,,,,,,내원,
803,SKY서울가정의학과의원,내원,내원,,,,내원,,,
804,윤홍선내과의원,내원,,,내원,내원,내원,,,
805,삼선서울내과의원,내원,,,내원,내원,내원,,,
806,우리봄소아청소년과의원,,내원,,,,,,,
807,국민건강내과의원,내원,,,내원,내원,내원,내원,내원,
808,삼성키즈소아청소년과의원,,내원,,,,,,,
809,삼성손앤박이비인후과의원,,내원,,,,,,,
810,기린아이소아청소년과의원,,내원,,,,,,,
811,박앤김내과의원,내원,,,내원,내원,내원,내원,내원,
812,열린소아청소년과의원,,내원,,,,,,,
813,숨편한인광호내과의원,내원,,,,,,,,
814,삼성바른내과의원,내원,,,내원,내원,내원,내원,내원,
815,더(THE)꼼꼼한치과의원,,,내원,,,,,,
816,더서울치과의원,,,내원,,,,,,
817,서울효치과의원,,,내원,,,,,,
818,서울온치과의원,,,내원,,,,,,
819,서울온샘치과의원,,,내원,,,,,,
820,제이(J)스타일치과의원,,,내원,,,,,,
821,서울훈치과의원,,,내원,,,,,,
822,서울바른닥터치과의원,,,내원,,,,,,
823,유디치과의원,,,내원,,,,,,
824,성북성심의원,내원,,,내원,내원,내원,,내원,
825,더소중한여성의원,,,,,,,,내원,
826,리츠서울내과의원,내원,,,내원,내원,내원,내원,내원,
827,연세건강드림내과의원,내원,,,내원,내원,내원,내원,내원,
828,서울진소아청소년과의원,,내원,,,,,,,
829,속편한내과의원,내원,,,내원,내원,내원,내원,내원,
830,돈암성모내과의원,내원,,,내원,내원,내원,내원,내원,
831,서울바른가정의학과의원,내원,,,내원,내원,내원,,,
832,성북탑내과의원,내원,,,내원,내원,내원,내원,내원,
833,애플산부인과의원,,,,,,,,내원,
834,미소플러스산부인과의원,,,,,,,,내원,
835,꿈의숲산부인과의원,,,,,,,,내원,
836,인제대학교상계백병원,내원,,,내원,내원,내원,내원,내원,
837,노원을지대학교병원,내원,,내원,내원,내원,내원,내원,내원,내원
838,한국원자력의학원원자력병원,내원,내원,내원,내원,내원,내원,내원,내원,내원
839,방병원,내원,,,내원,내원,내원,내원,내원,
840,강북연세병원,내원,,,내원,내원,내원,내원,내원,
841,메디아이여성병원,,내원,,,,,내원,내원,
842,박현숙소아과의원,,내원,,,,,,,
843,참사랑의원,,내원,,,,,,,
844,태능성심의원,내원,,,내원,내원,내원,내원,내원,
845,구소아청소년과의원,,내원,,,,,,,
846,김지호산부인과의원,,내원,,,,,,내원,
847,송영훈소아청소년과의원,,내원,,,,,,,
848,한상호내과의원,내원,,,내원,내원,내원,,,
849,위앤장이원표내과의원,내원,,,내원,내원,내원,,,
850,이형일소아과의원,,내원,,,,,,,
851,박상호의원,,내원,,,,,,,
852,홍성환산부인과의원,,,,,,,,내원,
853,연세김&이소아과의원,,내원,,,,,,,
854,성문의원,내원,,,내원,내원,내원,내원,내원,
855,제일산부인과의원,,,,,,,,내원,
856,서울산부인과의원,,,,,,,,내원,
857,유진상내과의원,내원,,,,,내원,,,
858,신웅식내과의원,내원,,,,,내원,,,
859,제이내과의원,내원,,,내원,내원,내원,내원,내원,
860,아름다운여성의원,,,,,,,,내원,
861,함영백소아과의원,,내원,,,,,,,
862,퀸스메디산부인과의원,,,,,,,내원,내원,
863,문미호소아과의원,,내원,,,,,,,
864,임지연소아청소년과의원,,내원,,,,,,,
865,파티마의원,내원,,,,,,,,
866,노원방사선과의원,내원,,,내원,내원,내원,내원,내원,
867,몸편한내과의원,내원,,,내원,내원,내원,내원,내원,
868,큐빅산부인과의원,,,,,,,,내원,
869,박규희산부인과의원,,,,,,,,내원,
870,정소아청소년과의원,,내원,,,,,,,
871,서울의원,내원,,,내원,내원,내원,내원,내원,
872,고은소아청소년과의원,,내원,,,,,,,
873,송내과의원,내원,,,내원,,내원,,,
874,상계연세소아과의원,,내원,,,,,,,
875,남미현산부인과의원,,,,,,,,내원,
876,오승희산부인과의원,,,,,,,,내원,
877,노원강북예치과병원,,,내원,,,,,,
878,다인치과병원,,,내원,,,,,,
879,샤인치과교정과치과병원,,,내원,,,,,,
880,중앙치과의원,,,내원,,,,,,
881,자모치과의원,,,내원,,,,,,
882,심재철치과의원,,,내원,,,,,,
883,배민득치과의원,,,내원,,,,,,
884,안수민치과의원,,,내원,,,,,,
885,수치과의원,,,내원,,,,,,
886,달라스치과의원,,,내원,,,,,,
887,박창후치과의원,,,내원,,,,,,
888,연세미페이스치과의원,,,내원,,,,,,
889,이광기치과의원,,,내원,,,,,,
890,서울모아치과의원,,,내원,,,,,,
891,오치과의원,,,내원,,,,,,
892,박경빈치과의원,,,내원,,,,,,
893,구명삼치과의원,,,내원,,,,,,
894,이경태치과의원,,,내원,,,,,,
895,서영택치과의원,,,내원,,,,,,
896,박희운치과의원,,,내원,,,,,,
897,안성민치과의원,,,내원,,,,,,
898,이철민치과의원,,,내원,,,,,,
899,브라운스톤치과의원,,,내원,,,,,,
900,이고른치과의원,,,내원,,,,,,
901,김영걸치과의원,,,내원,,,,,,
902,박치과의원,,,내원,,,,,,
903,한솔치과의원,,,내원,,,,,,
904,예감치과의원,,,내원,,,,,,
905,마평수치과의원,,,내원,,,,,,
906,에이원치과의원,,,내원,,,,,,
907,정미치과의원,,,내원,,,,,,
908,동산치과의원,,,내원,,,,,,
909,조성욱치과의원,,,내원,,,,,,
910,이튼치과의원,,,내원,,,,,,
911,시카고백중치과의원,,,내원,,,,,,
912,김태진치과의원,,,내원,,,,,,
913,구재용치과의원,,,내원,,,,,,
914,노원치과의원,,,내원,,,,,,
915,동문치과의원,,,내원,,,,,,
916,엔유아이씨(N-UIC)치과의원,,,내원,,,,,,
917,서울부부치과의원,,,내원,,,,,,
918,좋은치과의원,,,내원,,,,,,
919,서울아인치과의원,,,내원,,,,,,
920,한재준치과의원,,,내원,,,,,,
921,김덕치과의원,,,내원,,,,,,
922,경아치과의원,,,내원,,,,,,
923,미치과의원,,,내원,,,,,,
924,명인치과의원,,,내원,,,,,,
925,서울정치과의원,,,내원,,,,,,
926,김연성치과의원,,,내원,,,,,,
927,연세덴티플러스치과의원,,,내원,,,,,,
928,예인치과의원,,,내원,,,,,,
929,장현대치과의원,,,내원,,,,,,
930,예손치과의원,,,내원,,,,,,
931,류용도치과의원,,,내원,,,,,,
932,고운이치과의원,,,내원,,,,,,
933,필치과의원,,,내원,,,,,,
934,꿈동산치과의원,,,내원,,,,,,
935,비타민치과의원,,,내원,,,,,,
936,서울이잘난치과교정과치과의원,,,내원,,,,,,
937,스마일치과의원,,,내원,,,,,,
938,조세종치과의원,,,내원,,,,,,
939,연세본치과의원,,,내원,,,,,,
940,이바른치과교정과치과의원,,,내원,,,,,,
941,중계수치과의원,,,내원,,,,,,
942,피터팬치과의원,,,내원,,,,,,
943,시카고치과의원,,,내원,,,,,,
944,이스마일치과의원,,,내원,,,,,,
945,연세미치과의원,,,내원,,,,,,
946,서울하이치과의원,,,내원,,,,,,
947,서울본치과의원,,,내원,,,,,,
948,연세준치과의원,,,내원,,,,,,
949,W(더블유)치과의원,,,내원,,,,,,
950,플러스치과의원,,,내원,,,,,,
951,서울H치과의원,,,내원,,,,,,
952,강북연세미치과의원,,,내원,,,,,,
953,은혜부부치과의원,,,내원,,,,,,
954,캘리포니아치과의원,,,내원,,,,,,
955,상계우리치과의원,,,내원,,,,,,
956,휴플러스치과의원,,,내원+출장,,,,,,
957,조은치과의원,,,내원,,,,,,
958,연세임플치과교정과치과의원,,,내원,,,,,,
959,서울리더스치과의원,,,내원,,,,,,
960,연세주니어치과의원,,,내원,,,,,,
961,서울미소그린치과의원,,,내원,,,,,,
962,금문치과의원,,,내원,,,,,,
963,호21C치과의원,,,내원,,,,,,
964,토론토행복치과의원,,,내원,,,,,,
965,연세웰치과의원,,,내원,,,,,,
966,노원아이디치과의원,,,내원,,,,,,
967,홍익치과의원,,,내원,,,,,,
968,보스톤치과의원,,,내원,,,,,,
969,월계현대치과의원,,,내원,,,,,,
970,선한마음치과의원,,,내원,,,,,,
971,윤세훈치과의원,,,내원,,,,,,
972,현치과의원,,,내원,,,,,,
973,연세스타일치과의원,,,내원,,,,,,
974,마들웰치과의원,,,내원,,,,,,
975,리라치과의원,,,내원,,,,,,
976,덴타피아치과의원,,,내원,,,,,,
977,푸른치과의원,,,내원,,,,,,
978,서울하이안치과의원,,,내원,,,,,,
979,연세봄치과의원,,,내원,,,,,,
980,노원플러스치과의원,,,내원,,,,,,
981,라임치과의원,,,내원,,,,,,
982,마이키즈치과의원,,,내원,,,,,,
983,W서울화이트치과의원,,,내원,,,,,,
984,석계치과의원,,,내원,,,,,,
985,미소사랑치과의원,,,내원,,,,,,
986,인연합치과의원,,,내원,,,,,,
987,태릉씨티치과의원,,,내원,,,,,,
988,서울이튼치과의원,,,내원,,,,,,
989,인우치과의원,,,내원,,,,,,
990,뉴욕굿모닝치과의원,,,내원,,,,,,
991,서울수락치과의원,,,내원,,,,,,
992,서울이편한치과의원,,,내원,,,,,,
993,웃는아이치과의원,,,내원,,,,,,
994,함께걸음마을치과의원,,,내원,,,,,,
995,서울으뜸치과의원,,,내원,,,,,,
996,서울미소치과의원,,,내원,,,,,,
997,정정권치과의원,,,내원,,,,,,
998,석계탑치과의원,,,내원,,,,,,
999,서울준치과의원,,,내원,,,,,,
1000,평화치과의원,,,내원,,,,,,
1001,삼성플란트치과의원,,,내원,,,,,,
1002,서울메이플치과교정과치과의원,,,내원,,,,,,
1003,화랑윤구강악안면외과치과의원,,,내원,,,,,,
1004,원더플란트치과의원,,,내원,,,,,,
1005,좋은날치과의원,,,내원,,,,,,
1006,연세바른치과의원,,,내원,,,,,,
1007,닥터권치과의원,,,내원,,,,,,
1008,바른이정치과의원,,,내원,,,,,,
1009,오른치과의원,,,내원,,,,,,
1010,서울더플랜치과의원,,,내원,,,,,,
1011,연세퍼스트원치과의원,,,내원,,,,,,
1012,퍼스트원치과교정과치과의원,,,내원,,,,,,
1013,지음치과의원,,,내원,,,,,,
1014,바른최치과의원,,,내원,,,,,,
1015,바른임플치과의원,,,내원,,,,,,
1016,노원연세리안치과의원,,,내원,,,,,,
1017,CBK최영균치과의원,,,내원,,,,,,
1018,마음에치과의원,,,내원,,,,,,
1019,바이블치과의원,,,내원,,,,,,
1020,서울닥터한치과의원,,,내원,,,,,,
1021,노원연세제일치과의원,,,내원,,,,,,
1022,서울쌍둥이치과의원,,,내원,,,,,,
1023,공릉온치과의원,,,내원,,,,,,
1024,추교영내과의원,내원,,,내원,내원,내원,내원,,
1025,김호철방사선과의원,내원,,,내원,내원,내원,내원,,
1026,장대국내과의원,내원,,,,,,,,
1027,평화내과의원,내원,,,내원,내원,내원,,내원,
1028,박성제내과의원,내원,,,내원,내원,내원,내원,내원,
1029,남서울내과의원,내원,,,내원,내원,내원,내원,내원,
1030,노원이서진내과의원,내원,,,,,,,,
1031,제민통합내과정형외과의원,내원,,,,,,내원,내원,
1032,새서울연합의원,내원,,,내원,내원,내원,,,
1033,백소아과의원,,내원,,,,,,,
1034,새하늘이비인후과의원,,내원,,,,,,,
1035,기쁜가정의학과의원,내원,내원,,내원,,내원,,내원,
1036,희락서울가정의학과의원,내원,내원,,내원,,내원,,,
1037,힐링산부인과의원,,,,,,,,내원,
1038,미즈아이프라자산부인과의원,,내원,,,,,,내원,
1039,연세키즈소아청소년과의원,,내원,,,,,,,
1040,권내과의원,내원,,,내원,,내원,,,
1041,중계우리들의원,내원,,,내원,내원,내원,내원,내원,
1042,굳쎈정형외과의원,내원,,,내원,내원,내원,내원,내원,
1043,중계윌내과의원,내원,,,내원,내원,내원,내원,내원,
1044,상계아산내과의원,내원,,,내원,내원,내원,,,
1045,신항외과의원,내원,,,내원,내원,내원,내원,내원,
1046,월계의원,,내원,,,,,,,
1047,피오나여성의원,,,,,,,,내원,
1048,엘림소아청소년과의원,,내원,,,,,,,
1049,상계심내과의원,내원,,,내원,내원,내원,,,
1050,에비뉴여성의원,,,,,,,,내원,
1051,올리브산부인과의원,,,,,,,,내원,
1052,365열린내과의원,내원,,,내원,내원,내원,내원,내원,
1053,건강미소내과의원,내원,,,내원,내원,내원,내원,내원,
1054,하늘별소아청소년과의원,,내원,,,,,,,
1055,연세프렌즈소아청소년과의원,,내원,,,,,,,
1056,서울삼성내과의원,내원,,,내원,내원,내원,내원,,
1057,중계튼튼의원,내원,내원,,,,내원,,,
1058,박화영소아청소년과의원,,내원,,,,,,,
1059,에스엔(SN)재활의학과내과의원,내원,,,내원,내원,내원,,,
1060,김앤박내과의원,내원,,,내원,내원,내원,,,
1061,우리의원,내원,,,,,,,,
1062,유정의원,내원,,,,,,,,
1063,세화소아청소년과의원,,내원,,,,,,,
1064,삼성드림소아청소년과의원,,내원,,,,,,,
1065,선두외과의원,내원,,,내원,내원,내원,내원,내원,
1066,참내과의원,내원,,,내원,내원,내원,,,
1067,편한내과의원,내원,,,내원,내원,내원,,,
1068,퀸스메디소아청소년과의원,,내원,,,,,,,
1069,애플소아청소년과의원,,내원,,,,,,,
1070,베스트가정의학과의원,내원+출장,,,내원,,내원,,,
1071,진내과의원,내원,,,,,내원,,,
1072,공릉의원,,내원,,,,,,,
1073,정가정의학과의원,,내원,,,,,,,
1074,마들수내과의원,내원,,,내원,내원,내원,내원,,
1075,삼성바른내과의원,내원,,,내원,내원,내원,내원,,
1076,이가영산부인과의원,,,,,,,,내원,
1077,위대한내과의원,내원,,,내원,내원,내원,내원,내원,
1078,더웰내과의원,내원,,,내원,내원,내원,내원,내원,
1079,삼성편한내과의원,내원,,,내원,내원,내원,내원,내원,
1080,서울제니스치과의원,,,내원,,,,,,
1081,서울더바른치과교정과치과의원,,,내원,,,,,,
1082,센트럴치과의원,,,내원,,,,,,
1083,중앙드림치과의원,,,내원,,,,,,
1084,임플라인치과의원,,,내원,,,,,,
1085,하늘치과의원,,,내원,,,,,,
1086,감동치과의원,,,내원,,,,,,
1087,키즈니치과의원,,,내원,,,,,,
1088,디자인치과의원,,,내원,,,,,,
1089,연치과의원,,,내원,,,,,,
1090,상계율치과의원,,,내원,,,,,,
1091,연세주치과의원,,,내원,,,,,,
1092,서울이니셜치과의원,,,내원,,,,,,
1093,서울안심치과의원,,,내원,,,,,,
1094,태릉정원내과의원,내원,,,내원,내원,내원,내원,내원,
1095,노원센트럴의원,내원,,,내원,내원,내원,내원,내원,
1096,상계예일내과의원,내원,,,내원,내원,내원,내원,내원,
1097,더조은내과의원,내원,,,내원,내원,내원,내원,내원,
1098,88플러스내과산부인과의원,내원,,,내원,내원,내원,내원,내원,
1099,윤내과의원,내원,,,내원,내원,내원,내원,내원,
1100,속편해진내과의원,내원,,,내원,내원,내원,,,
1101,마을의원,내원,내원,,,,내원,,,
1102,연세더블유산부인과의원,,,,,,,,내원,
1103,혜성민가족의원,내원,내원,,내원,내원,내원,,,
1104,삼성조은내과의원,내원,,,,,내원,,,
1105,마들성모내과의원,내원,,,내원,내원,내원,내원,,
1106,노원베스트내과의원,내원,,,내원,내원,내원,내원,내원,
1107,공릉든든내과의원,내원,,,내원,내원,내원,,내원,
1108,언니마음산부인과의원,,,,,,,,내원,
1109,노원뉴하트내과의원,내원,,,,,,,,
1110,연세스마일치과의원,,,내원,,,,,,
1111,연세대학교의과대학세브란스병원,내원,,,,,,,,
1112,의료법인동신의료재단동신병원,내원,,,내원,내원,내원,내원,내원,내원
1113,서울호흡안심병원,내원,,,내원,내원,내원,내원,내원,
1114,미즈앤미여성의원,,,,,,,,내원,
1115,변우현이비인후과의원,,내원,,,,,,,
1116,채내과의원,내원,,,내원,내원,내원,내원,내원,
1117,최아란산부인과의원,,,,,,,,내원,
1118,항미소외과의원,내원,,,,내원,,,,
1119,이소아청소년과의원,,내원,,,,,,,
1120,안희권내과의원,내원,,,내원,,,,,
1121,이명아산부인과의원,,,,,,,,내원,
1122,황신소아청소년과의원,,내원,,,,,,,
1123,손동현내과의원,내원,,,내원,내원,내원,,,
1124,미즈미산부인과의원,,,,,,,,내원,
1125,연세가정의학과의원,내원,,,,,,,,
1126,연세소아청소년과의원,,내원,,,,,,,
1127,이용진창문외과의원,내원,,,,내원,,,,
1128,박성균소아청소년과의원,,내원,,,,,,,
1129,독립문연세내과의원,내원,내원,,내원,,내원,,,
1130,박성규내과의원,내원,,,내원,내원,내원,,,
1131,연세대학교치과대학치과병원,,,내원+출장,,,,,,
1132,잎사귀치과병원,,,내원,,,,,,
1133,최치과의원,,,내원,,,,,,
1134,박규현치과의원,,,내원,,,,,,
1135,이석우치과의원,,,내원,,,,,,
1136,이태호치과의원,,,내원,,,,,,
1137,미치과의원,,,내원,,,,,,
1138,김선욱치과의원,,,내원,,,,,,
1139,신용필치과의원,,,내원,,,,,,
1140,박선규치과의원,,,내원,,,,,,
1141,굿모닝치과의원,,,내원,,,,,,
1142,동산치과의원,,,내원,,,,,,
1143,가재울치과의원,,,내원,,,,,,
1144,김우평뿌리깊은치과의원,,,내원,,,,,,
1145,연세엘에이(LA)치과의원,,,내원,,,,,,
1146,고른이치과의원,,,내원,,,,,,
1147,김주식치과의원,,,내원,,,,,,
1148,이광수치과의원,,,내원,,,,,,
1149,보람치과의원,,,내원,,,,,,
1150,임희식치과의원,,,내원,,,,,,
1151,빛날빈치과의원,,,내원,,,,,,
1152,홍제연세치과의원,,,내원,,,,,,
1153,홍치과의원,,,내원,,,,,,
1154,참좋은치과의원,,,내원,,,,,,
1155,예쁜미소치과의원,,,내원,,,,,,
1156,연세치과의원,,,내원,,,,,,
1157,사랑의치과의원,,,내원,,,,,,
1158,에이원치과교정과치과의원,,,내원,,,,,,
1159,서울착한치과의원,,,내원,,,,,,
1160,윤선치과의원,,,내원,,,,,,
1161,개구장이치과의원,,,내원,,,,,,
1162,드림서울치과의원,,,내원,,,,,,
1163,연세해맑은치과의원,,,내원,,,,,,
1164,예성치과의원,,,내원,,,,,,
1165,올바른연세치과의원,,,내원,,,,,,
1166,연세연희치과의원,,,내원,,,,,,
1167,연세드림치과의원,,,내원,,,,,,
1168,서울아름다운치과의원,,,내원,,,,,,
1169,하얀미소치과의원,,,내원,,,,,,
1170,연세건강한치과의원,,,내원,,,,,,
1171,서울미소담은치과의원,,,내원,,,,,,
1172,치아가즐거운락치과의원,,,내원,,,,,,
1173,미소라인치과의원,,,내원,,,,,,
1174,이화이트치과의원,,,내원,,,,,,
1175,튼튼아이치과의원,,,내원,,,,,,
1176,수석치과의원,,,내원,,,,,,
1177,홍은연세림(林)치과의원,,,내원,,,,,,
1178,허브치과의원,,,내원,,,,,,
1179,따뜻한인치과의원,,,내원,,,,,,
1180,e365치과의원,,,내원,,,,,,
1181,e-아름다운치과의원,,,내원,,,,,,
1182,길치과의원,,,내원,,,,,,
1183,스카이플란트치과의원,,,내원,,,,,,
1184,스마일치과의원,,,내원,,,,,,
1185,서울아이치과의원,,,내원,,,,,,
1186,디엠씨(DMC)바른치과의원,,,내원,,,,,,
1187,서울좋은이치과의원,,,내원,,,,,,
1188,닥터정치과의원,,,내원,,,,,,
1189,연세솔치과의원,,,내원,,,,,,
1190,재단법인화강문화재단서울이웃린치과의원,,,내원,,,,,,
1191,디엠씨(DMC)플러스치과의원,,,내원,,,,,,
1192,서울컬럼비아치과의원,,,내원,,,,,,
1193,베리굿치과의원,,,내원,,,,,,
1194,사람사랑치과의원,,,내원,,,,,,
1195,미지치과의원,,,내원,,,,,,
1196,연세아이소망치과의원,,,내원,,,,,,
1197,윤구강악안면외과치과의원,,,내원,,,,,,
1198,서울안심치과의원,,,내원,,,,,,
1199,유한중치과의원,,,내원,,,,,,
1200,서울정성가득치과의원,,,내원,,,,,,
1201,연세하이치과의원,,,내원,,,,,,
1202,서울예인치과의원,,,내원,,,,,,
1203,이지치과의원,,,내원,,,,,,
1204,가좌서울치과의원,,,내원,,,,,,
1205,서울예봄치과의원,,,내원,,,,,,
1206,연세내일치과의원,,,내원,,,,,,
1207,연세에이스치과의원,,,내원,,,,,,
1208,메가플란트치과의원,,,내원,,,,,,
1209,참편한치과의원,,,내원,,,,,,
1210,서울재생치과의원,,,내원,,,,,,
1211,정영호치과교정과치과의원,,,내원,,,,,,
1212,제일치과의원,,,내원,,,,,,
1213,이일우치과의원,,,내원,,,,,,
1214,디엠씨리더스치과의원,,,내원,,,,,,
1215,서대문구보건소,,,내원,,,,,,
1216,김은아소아청소년과의원,,내원,,,,,,,
1217,서울가정의학과의원,,내원,,,,,,,
1218,연세가정의원,,내원,,,,,,,
1219,황&신소아청소년과의원,,내원,,,,,,,
1220,김주예소아청소년과의원,,내원,,,,,,,
1221,연세박내과의원,내원,,,내원,내원,내원,,,
1222,오지현소아과의원,,내원,,,,,,,
1223,수내과의원,내원,,,내원,내원,내원,내원,내원,
1224,연세365의원,내원,내원,,내원,내원,내원,,내원,
1225,연세송도외과의원,내원,,,내원,내원,,,,
1226,연세고운가정의학과의원,,내원,,,,,,,
1227,서울연세의원,내원,,,내원,내원,내원,,내원,
1228,서울성모내과의원,내원,,,내원,내원,내원,내원,내원,
1229,미래아이내과의원,내원,,,내원,내원,내원,,,
1230,누리사랑의원,내원,,,내원,내원,내원,,,
1231,강한내과의원,내원,,,내원,내원,내원,,,
1232,제이여성의원,내원,,,,내원,,내원,내원,
1233,연세봄이비인후과의원,,내원,,,,,,,
1234,연세속편한의원,내원,,,내원,내원,내원,,내원,
1235,엘림이비인후과의원,,내원,,,,,,,
1236,연세류내과의원,내원,,,내원,내원,내원,,,
1237,나남여성의원,,,,,,,,내원,
1238,편한내과의원,내원,,,내원,내원,내원,,,
1239,위대항의원,내원,,,내원,내원,내원,,,
1240,봄산부인과의원,,,,,,,,내원,
1241,현대중앙의원,내원,,,내원,내원,내원,내원,내원,
1242,휘소아청소년과의원,,내원,,,,,,,
1243,윤사라산부인과의원,,,,,,,,내원,
1244,그대안에산부인과의원,,,,,,,,내원,
1245,애플산부인과의원,,,,,,,,내원,
1246,김의원,내원,내원,,,,,,,
1247,가재울정내과의원,내원,,,내원,내원,내원,,,
1248,홍제속편한내과의원,내원,,,내원,내원,내원,내원,내원,
1249,연세우리의원,내원,,,내원,내원,내원,,,
1250,삼성키즈소아청소년과의원,,내원,,,,,,,
1251,새이로치과의원,,,내원,,,,,,
1252,바른서울치과의원,,,내원,,,,,,
1253,서울퍼스트치과의원,,,내원,,,,,,
1254,연세고마운치과의원,,,내원,,,,,,
1255,홍제탑치과의원,,,내원,,,,,,
1256,연세본치과의원,,,내원,,,,,,
1257,서울클래식치과의원,,,내원,,,,,,
1258,서울수치과의원,,,내원,,,,,,
1259,이사랑치과의원,,,내원,,,,,,
1260,이하루치과의원,,,내원,,,,,,
1261,드라큘라치과의원,,,내원,,,,,,
1262,리얼라인치과의원,,,내원,,,,,,
1263,우리가족치과의원,,,내원,,,,,,
1264,슬기로운치과의원,,,내원,,,,,,
1265,착한이치과의원,,,내원,,,,,,
1266,연세은혜내과의원,내원,,,내원,내원,내원,내원,내원,
1267,서울대항유외과의원,내원,,,내원,내원,,내원,내원,
1268,중앙내과의원,내원,,,내원,내원,내원,내원,내원,
1269,연세아름다운산부인과의원,,,,,,,,내원,
1270,연세혜원산부인과의원,,,,,,,,내원,
1271,봄꽃산부인과의원,,,,,,,,내원,
1272,홍제365치과의원,,,내원,,,,,,
1273,이화여자대학교의과대학부속목동병원,내원,,내원+출장,내원,내원,내원,내원,내원,내원
1274,홍익병원,내원,내원,내원,내원,내원,내원,내원,내원,내원
1275,서울특별시서남병원,내원,내원,내원,내원,내원,내원,내원,내원,내원
1276,포미즈여성병원,내원,내원,,내원,내원,내원,내원,내원,
1277,메디힐병원,내원,,,내원,내원,내원,내원,내원,
1278,목동제일여성병원,,내원,,,,,,내원,
1279,늘봄의원,,내원,,,,,,,
1280,양미혜산부인과의원,,,,,,,내원,내원,
1281,아름다운소아청소년과의원,,내원,,,,,,,
1282,목동한소아청소년과의원,,내원,,,,,,,
1283,서울소아과의원,,내원,,,,,,,
1284,방소아청소년과의원,,내원,,,,,,,
1285,세란의원,,내원,,,,,,,
1286,신내과의원,내원,,,내원,내원,내원,내원,내원,
1287,송재원소아과의원,,내원,,,,,,,
1288,혜담소아청소년과의원,,내원,,,,,,,
1289,정현수산부인과의원,,,,,,,,내원,
1290,위앤장(We&Jang)공내과의원,내원,,,내원,내원,내원,내원,내원,
1291,이기섭의원,내원,내원,,,,,,,
1292,임가정의학과의원,내원,내원,,,,내원,,,
1293,윤종일내과의원,내원,,,내원,,내원,,,
1294,권현민내과의원,내원,,,내원,,내원,,,
1295,강봉수가정의학과의원,,내원,,,,,,,
1296,한강외과의원,내원,,,내원,내원,내원,,,
1297,해성산부인과의원,,,,,,,,내원,
1298,박내과의원,내원,,,내원,,내원,,,
1299,필내과의원,내원,,,,,내원,,,
1300,푸른가정의학과의원,,내원,,,,,,,
1301,목동예치과병원,,,내원,,,,,,
1302,삼성새로이치과병원,,,내원,,,,,,
1303,목동중앙치과병원,,,내원,,,,,,
1304,이봉재치과의원,,,내원,,,,,,
1305,변종언치과의원,,,내원,,,,,,
1306,하트온치과의원,,,내원,,,,,,
1307,목동부부치과의원,,,내원,,,,,,
1308,이혜자치과의원,,,내원,,,,,,
1309,연세치과의원,,,내원,,,,,,
1310,목동제일치과의원,,,내원,,,,,,
1311,연세대성치과의원,,,내원,,,,,,
1312,연세힐링치과의원,,,내원,,,,,,
1313,김인섭치과의원,,,내원,,,,,,
1314,삼성치과의원,,,내원,,,,,,
1315,이윤우치과의원,,,내원,,,,,,
1316,연세민치과의원,,,내원,,,,,,
1317,우리동네김치과의원,,,내원,,,,,,
1318,우리서울치과의원,,,내원,,,,,,
1319,유치과의원,,,내원,,,,,,
1320,김희정치과의원,,,내원,,,,,,
1321,연세크리스마스치과의원,,,내원,,,,,,
1322,리빙웰치과의원,,,내원,,,,,,
1323,박원기치과의원,,,내원,,,,,,
1324,연세샌프란시스코치과의원,,,내원,,,,,,
1325,정문성치과의원,,,내원,,,,,,
1326,유펜치과의원,,,내원,,,,,,
1327,베스트덴치과의원,,,내원,,,,,,
1328,영빈치과의원,,,내원,,,,,,
1329,강승훈치과의원,,,내원,,,,,,
1330,고광희치과의원,,,내원,,,,,,
1331,서남치과의원,,,내원,,,,,,
1332,본치과의원,,,내원,,,,,,
1333,인치과의원,,,내원,,,,,,
1334,개구장이치과의원,,,내원,,,,,,
1335,김전치과의원,,,내원,,,,,,
1336,고운이치과의원,,,내원,,,,,,
1337,문국일치과의원,,,내원,,,,,,
1338,미그린치과의원,,,내원,,,,,,
1339,서울21치과의원,,,내원,,,,,,
1340,건치과의원,,,내원,,,,,,
1341,조국영치과의원,,,내원,,,,,,
1342,목동서울치과의원,,,내원,,,,,,
1343,연세밝은아이치과의원,,,내원,,,,,,
1344,정민치과의원,,,내원,,,,,,
1345,로덴행복을주는치과의원,,,내원,,,,,,
1346,서울원치과의원,,,내원,,,,,,
1347,예사랑치과의원,,,내원,,,,,,
1348,목동아름다운치과의원,,,내원,,,,,,
1349,연세으뜸치과의원,,,내원,,,,,,
1350,이사랑부부치과의원,,,내원,,,,,,
1351,연세고운미소치과의원,,,내원,,,,,,
1352,서울메디탑치과의원,,,내원+출장,,,,,,
1353,연세마스터치과의원,,,내원,,,,,,
1354,연세주니어치과의원,,,내원,,,,,,
1355,강서영치과의원,,,내원,,,,,,
1356,산타클로스치과의원,,,내원,,,,,,
1357,씨네연세치과의원,,,내원,,,,,,
1358,이편한치과의원,,,내원,,,,,,
1359,형제치과의원,,,내원,,,,,,
1360,미래미소치과의원,,,내원,,,,,,
1361,윤일권치과의원,,,내원,,,,,,
1362,위드치과의원,,,내원,,,,,,
1363,사람사랑치과의원,,,내원,,,,,,
1364,예인치과의원,,,내원,,,,,,
1365,연세시카고치과의원,,,내원,,,,,,
1366,목동키즈치과의원,,,내원,,,,,,
1367,밝은미소치과의원,,,내원,,,,,,
1368,서울탑치과의원,,,내원,,,,,,
1369,신목치과의원,,,내원,,,,,,
1370,미소치과의원,,,내원,,,,,,
1371,수프라임치과의원,,,내원,,,,,,
1372,사랑의치과의원,,,내원,,,,,,
1373,다니엘치과의원,,,내원,,,,,,
1374,서울리더스치과의원,,,내원,,,,,,
1375,믿음치과의원,,,내원,,,,,,
1376,플러스치과의원,,,내원,,,,,,
1377,서울순플란트치과의원,,,내원,,,,,,
1378,한성치과의원,,,내원,,,,,,
1379,서울온빛치과의원,,,내원,,,,,,
1380,미소안치과의원,,,내원,,,,,,
1381,스위트콘치과의원,,,내원,,,,,,
1382,신트리치과의원,,,내원,,,,,,
1383,365목동바로치과의원,,,내원,,,,,,
1384,예스치과의원,,,내원,,,,,,
1385,목동이안치과의원,,,내원,,,,,,
1386,연세닥터장치과의원,,,내원,,,,,,
1387,비젼치과의원,,,내원,,,,,,
1388,온누리효치과의원,,,내원,,,,,,
1389,현대이치과의원,,,내원,,,,,,
1390,목동안치과의원,,,내원,,,,,,
1391,유디치과의원,,,내원,,,,,,
1392,백진우치과의원,,,내원+출장,,,,,,
1393,목동수치과의원,,,내원,,,,,,
1394,서울익투스치과의원,,,내원,,,,,,
1395,바른생각치과의원,,,내원,,,,,,
1396,서울S치과의원,,,내원,,,,,,
1397,이상치과의원,,,내원,,,,,,
1398,늘봄미소치과의원,,,내원,,,,,,
1399,목동샤인치과의원,,,내원,,,,,,
1400,더조은치과의원,,,내원,,,,,,
1401,신영치과의원,,,내원,,,,,,
1402,연세스마일치과의원,,,내원,,,,,,
1403,서울이치과의원,,,내원,,,,,,
1404,이원재치과의원,,,내원,,,,,,
1405,연세늘봄치과의원,,,내원,,,,,,
1406,삼성플란트치과의원,,,내원,,,,,,
1407,따뜻치과의원,,,내원,,,,,,
1408,연세바로치과교정과치과의원,,,내원,,,,,,
1409,다짐치과의원,,,내원,,,,,,
1410,연세김앤김치과의원,,,내원,,,,,,
1411,삼성올바른치과의원,,,내원,,,,,,
1412,서울큰치과의원,,,내원,,,,,,
1413,연세바름치과의원,,,내원,,,,,,
1414,연세쌍둥이구강악안면외과치과의원,,,내원,,,,,,
1415,서울이로움치과의원,,,내원,,,,,,
1416,남플란트치과의원,,,내원,,,,,,
1417,언제나치과의원,,,내원,,,,,,
1418,꼼꼼치과의원,,,내원,,,,,,
1419,하나치과의원,,,내원,,,,,,
1420,연세조앤조치과의원,,,내원,,,,,,
1421,서울프로치과의원,,,내원,,,,,,
1422,리버스치과의원,,,내원,,,,,,
1423,여인호바른이치과교정과의원,,,내원,,,,,,
1424,의료법인해인의료재단동신한방병원,내원,,,,,,,,
1425,힘찬병원,내원,,,내원,내원,내원,,,
1426,우리내과의원,내원,,,내원,내원,내원,내원,,
1427,소화의원,,내원,,,,,,,
1428,박내과의원,,내원,,,,,,,
1429,꿈나무소아과의원,,내원,,,,,,,
1430,예인소아청소년과의원,,내원,,,,,,,
1431,양천연세내과의원,내원,,,내원,,내원,,,
1432,마이빌내과의원,내원,,,내원,내원,내원,내원,내원,
1433,아이맘소아과의원,,내원,,,,,,,
1434,서울가정의원,내원,내원,,내원,,내원,,,
1435,소망내과의원,,내원,,,,,,,
1436,김&안소아과의원,,내원,,,,,,,
1437,목동연세수산부인과의원,,,,,,,,내원,
1438,여미애산부인과의원,,,,,,,,내원,
1439,열린연세소아과의원,,내원,,,,,,,
1440,기쁜소식산부인과의원,,,,,,,,내원,
1441,이진우내과의원,내원,,,내원,내원,내원,내원,내원,
1442,연세365소아청소년과의원,,내원,,,,,,,
1443,우리산부인과의원,,,,,,,,내원,
1444,아이리스산부인과의원,,,,,,,,내원,
1445,밝은미래산부인과의원,,내원,,,,,,내원,
1446,우성의원,내원,,,내원,내원,내원,,,
1447,김윤희소아청소년과의원,,내원,,,,,,,
1448,마디랑내과의원,내원,,,,,,,,
1449,조삼권내과의원,내원,,,내원,내원,내원,,,
1450,튼튼소아청소년과의원,,내원,,,,,,,
1451,서울삼성내과의원,내원,,,내원,내원,내원,내원,내원,
1452,맑은샘이비인후과의원,,내원,,,,,,,
1453,서영탁내과의원,내원,,,내원,내원,내원,내원,내원,
1454,봄빛내과의원,내원,,,내원,내원,내원,내원,내원,
1455,연세윤내과의원,내원,,,내원,내원,내원,내원,,
1456,목동연세365의원,내원,내원,,내원,내원,내원,내원,,
1457,유헬스내과의원,내원,,,내원,내원,내원,내원,내원,
1458,라온여성의원,,,,,,,,내원,
1459,삼성키즈소아청소년과의원,,내원,,,,,,,
1460,독일의원,내원,,,내원,내원,내원,,,
1461,별소아청소년과의원,,내원,,,,,,,
1462,연세최내과의원,내원,,,내원,내원,내원,,,
1463,마이내과의원,내원,,,내원,내원,내원,내원,내원,
1464,연세더블유산부인과의원,,,,,,,,내원,
1465,목동키즈웰소아청소년과의원,,내원,,,,,,,
1466,더본내과의원,내원,,,,,내원,,,
1467,연세위드유외과의원,,,,,,,내원,,
1468,우디여성의원,,,,,,,,내원,
1469,필립소아청소년과의원,,내원,,,,,,,
1470,양천성모소아청소년과의원,,내원,,,,,,,
1471,인터메드내과의원,내원,,,내원,내원,내원,,,
1472,서울드림내과의원,내원,,,내원,내원,내원,내원,내원,
1473,연세레몬치과의원,,,내원,,,,,,
1474,올스마일치과의원,,,내원+출장,,,,,,
1475,목동플랜트치과의원,,,내원,,,,,,
1476,더바르게치과의원,,,내원,,,,,,
1477,메디힐치과의원,,,내원,,,,,,
1478,목동나무치과의원,,,내원,,,,,,
1479,행복플란트치과의원,,,내원,,,,,,
1480,서울이다치과의원,,,내원,,,,,,
1481,오늘편한치과의원,,,내원,,,,,,
1482,더365치과의원,,,내원,,,,,,
1483,연세꿈꾸는치과의원,,,내원,,,,,,
1484,삼성탑가정의학과의원,내원,내원,,내원,내원,내원,,,
1485,서울미라클의원,,내원,,,,,,,
1486,채움소아청소년과의원,,내원,,,,,,,
1487,목동플러스내과의원,내원,,,내원,내원,내원,내원,내원,
1488,목동더나은내과의원,내원,,,내원,내원,내원,내원,내원,
1489,목동서울청내과의원,내원,,,내원,내원,내원,내원,내원,
1490,꽃소아청소년과의원,,내원,,,,,,,
1491,서울메디탑내과의원,내원,,,내원,내원,내원,내원,내원,
1492,목동삼성탑내과의원,내원,,,내원,내원,내원,내원,내원,
1493,양천에이스내과의원,내원,,,내원,내원,내원,,내원,
1494,목동깨비365의원,내원,,,내원,내원,내원,내원,내원,
1495,프라임영상의학과의원,내원,,,,,내원,,,
1496,목동제일내과의원,내원,,,내원,내원,내원,내원,,
1497,서울내몸케어내과의원,내원,,,내원,내원,내원,내원,내원,
1498,서울지디치과의원,,,내원,,,,,,
1499,고려대학교의과대학부속구로병원,내원,내원,,,,,,,
1500,구로성심병원,내원+출장,,,내원,내원,내원,내원,내원,내원
1501,삼성미래여성병원,,내원,,,,,내원,내원,
1502,아름제일병원,내원,내원,,내원,내원,내원,내원,내원,
1503,의료법인우리아이들의료재단우리아이들병원,내원,내원,내원,,,,,,
1504,연세사랑모아여성병원,,,,,,,내원,내원,
1505,참튼튼병원,내원+출장,,,내원,내원,내원,내원,내원,
1506,의료법인미소들노인전문병원,내원,,,,,,,,
1507,송소아과의원,,내원,,,,,,,
1508,디에이치(DH)대항외과의원,내원,,,내원,내원,내원,,,
1509,박산부인과의원,,,,,,,,내원,
1510,정내과의원,내원,,,내원,내원,내원,내원,내원,
1511,김경효소아과의원,,내원,,,,,,,
1512,강내과의원,내원,,,내원,내원,내원,,,
1513,연세봉봉소아청소년과의원,,내원,,,,,,,
1514,동진가정의학과의원,,내원,,,,,,,
1515,남광우내과의원,내원,,,내원,,내원,,,
1516,강서내과의원,내원,,,내원,,내원,,,
1517,김관수산부인과의원,,,,,,,,내원,
1518,애경내과의원,내원,,,,,내원,,,
1519,성재의원,,내원,,,,,,,
1520,한사랑가정의원,내원,,,내원,내원,내원,,,
1521,오형태내과의원,내원,,,내원,내원,내원,,,
1522,한양정형외과내과의원,내원,,,내원,내원,내원,,,
1523,정가정의학과의원,,내원,,,,,,,
1524,연세내과의원,내원,,,내원,내원,내원,,내원,
1525,송영훈산부인과의원,,,,,,,,내원,
1526,연희산부인과의원,,,,,,,,내원,
1527,최태진내과의원,내원,내원,,내원,내원,내원,,내원,
1528,이영우내과의원,내원,,,내원,내원,내원,내원,내원,
1529,박철수내과의원,내원,,,내원,내원,내원,,,
1530,송미영가정의학과의원,,내원,,,,,,,
1531,마루치과병원,,,내원,,,,,,
1532,김형선치과의원,,,내원,,,,,,
1533,장도훈치과의원,,,내원,,,,,,
1534,김용진치과의원,,,내원,,,,,,
1535,햇빛치과의원,,,내원,,,,,,
1536,유동철치과의원,,,내원,,,,,,
1537,하이덴트치과의원,,,내원,,,,,,
1538,최영식치과의원,,,내원,,,,,,
1539,윤치과의원,,,내원,,,,,,
1540,이영훈치과의원,,,내원,,,,,,
1541,김용갑치과의원,,,내원,,,,,,
1542,한상현치과의원,,,내원,,,,,,
1543,소망치과의원,,,내원,,,,,,
1544,김남규치과의원,,,내원,,,,,,
1545,신동석치과의원,,,내원,,,,,,
1546,민영규치과의원,,,내원,,,,,,
1547,수치과의원,,,내원,,,,,,
1548,해피치과의원,,,내원,,,,,,
1549,중앙미치과의원,,,내원,,,,,,
1550,고운니치과의원,,,내원,,,,,,
1551,아임플치과의원,,,내원,,,,,,
1552,강상훈치과의원,,,내원,,,,,,
1553,강충희치과의원,,,내원,,,,,,
1554,그린치과의원,,,내원,,,,,,
1555,양근영치과의원,,,내원,,,,,,
1556,굿타이밍치과의원,,,내원,,,,,,
1557,조이치과의원,,,내원,,,,,,
1558,앙센치과의원,,,내원,,,,,,
1559,연세사랑치과의원,,,내원,,,,,,
1560,세브란스치과의원,,,내원,,,,,,
1561,항동서울치과의원,,,내원,,,,,,
1562,시민치과의원,,,내원,,,,,,
1563,참좋은리빙웰치과의원,,,내원,,,,,,
1564,성심치과의원,,,내원,,,,,,
1565,탑치과의원,,,내원,,,,,,
1566,연세한결치과의원,,,내원,,,,,,
1567,치아랑치과의원,,,내원,,,,,,
1568,서울에이스치과의원,,,내원,,,,,,
1569,연세치과의원,,,내원,,,,,,
1570,푸른치과의원,,,내원,,,,,,
1571,조은치과의원,,,내원,,,,,,
1572,필치과의원,,,내원,,,,,,
1573,고려치과의원,,,내원,,,,,,
1574,정명치과의원,,,내원,,,,,,
1575,연세타임치과의원,,,내원,,,,,,
1576,화인치과의원,,,내원,,,,,,
1577,미사랑치과의원,,,내원,,,,,,
1578,연세봄치과의원,,,내원,,,,,,
1579,기분좋은치과의원,,,내원,,,,,,
1580,큐브치과의원,,,내원,,,,,,
1581,뉴욕치과의원,,,내원,,,,,,
1582,덕산이편한치과의원,,,내원,,,,,,
1583,구로플러스치과의원,,,내원,,,,,,
1584,뉴욕비엔에스치과의원,,,내원,,,,,,
1585,개봉웰치과의원,,,내원,,,,,,
1586,하나치과의원,,,내원,,,,,,
1587,서울미소그린치과의원,,,내원,,,,,,
1588,이앤치과의원,,,내원,,,,,,
1589,개봉치과의원,,,내원,,,,,,
1590,솔로몬치과의원,,,내원,,,,,,
1591,미치과의원,,,내원,,,,,,
1592,서울푸르덴치과의원,,,내원,,,,,,
1593,연세유치과의원,,,내원,,,,,,
1594,모두치과의원,,,내원,,,,,,
1595,서울본치과의원,,,내원,,,,,,
1596,단아치과의원,,,내원,,,,,,
1597,바이오란트치과의원,,,내원,,,,,,
1598,수플러스치과의원,,,내원,,,,,,
1599,이(e)스타치과의원,,,내원,,,,,,
1600,오복만세치과의원,,,내원,,,,,,
1601,월드치과의원,,,내원,,,,,,
1602,연세미소드림치과의원,,,내원,,,,,,
1603,서울이튼치과의원,,,내원,,,,,,
1604,로이치과의원,,,내원,,,,,,
1605,에이케이(AK)치과의원,,,내원,,,,,,
1606,천왕에이스치과의원,,,내원,,,,,,
1607,구로성심치과의원,,,내원+출장,,,,,,
1608,퍼스트치과의원,,,내원,,,,,,
1609,연세굿샘치과의원,,,내원,,,,,,
1610,민트치과의원,,,내원,,,,,,
1611,행복치과의원,,,내원,,,,,,
1612,진정성레오치과의원,,,내원,,,,,,
1613,스마트백평치과의원,,,내원,,,,,,
1614,스마일치과의원,,,내원,,,,,,
1615,그린서울치과의원,,,내원,,,,,,
1616,우리웰치과의원,,,내원,,,,,,
1617,이가온치과의원,,,내원,,,,,,
1618,뉴욕디지털치과의원,,,내원,,,,,,
1619,웰티스치과의원,,,내원,,,,,,
1620,맑은미소치과의원,,,내원,,,,,,
1621,비타민치과의원,,,내원,,,,,,
1622,자연e치과의원,,,내원,,,,,,
1623,뉴욕말씀치과의원,,,내원,,,,,,
1624,이미지치과의원,,,내원,,,,,,
1625,이웃사랑치과의원,,,내원,,,,,,
1626,바른송치과의원,,,내원,,,,,,
1627,미서울치과의원,,,내원,,,,,,
1628,서울하우치과의원,,,내원,,,,,,
1629,서울엘치과의원,,,내원,,,,,,
1630,바른정치과의원,,,내원,,,,,,
1631,연세도아소아치과치과의원,,,내원,,,,,,
1632,올바른치과의원,,,내원,,,,,,
1633,연세남구로치과의원,,,내원,,,,,,
1634,연세무지개치과의원,,,내원,,,,,,
1635,주헌장치과의원,,,내원,,,,,,
1636,서울다정치과의원,,,내원,,,,,,
1637,이디치과의원,,,내원,,,,,,
1638,서울푸른별치과의원,,,내원,,,,,,
1639,구로이편한치과의원,,,내원,,,,,,
1640,정직한이치과의원,,,내원,,,,,,
1641,투엠치과의원,,,내원,,,,,,
1642,연세패밀리치과의원,,,내원,,,,,,
1643,우리가족소아치과의원,,,내원,,,,,,
1644,이튼튼치과의원,,,내원,,,,,,
1645,골드맥치과의원,,,내원,,,,,,
1646,치과가는날치과의원,,,내원,,,,,,
1647,신도림이편한치과의원,,,내원,,,,,,
1648,정원창치과의원,,,내원,,,,,,
1649,김진아소아과의원,,내원,,,,,,,
1650,고려MS영상의학과의원,,,,,,,내원,,
1651,아름샘의원,내원,,,,,,,내원,
1652,고려가정의학과의원,내원,,,내원,내원,내원,,,
1653,굿모닝의원,,내원,,,,,,,
1654,양정안소아청소년과의원,,내원,,,,,,,
1655,건강세상의원,내원,,,내원,내원,내원,내원,내원,
1656,덕산속조은내과의원,내원,,,내원,내원,내원,내원,내원,
1657,세진내과의원,내원,,,내원,내원,내원,,,
1658,메디서울이비인후과의원,,내원,,,,,,,
1659,연세튼튼소아청소년과의원,,내원,,,,,,,
1660,윤의원,,내원,,,,,,,
1661,건강드림내과의원,내원,,,내원,내원,내원,내원,내원,
1662,임혜라소아청소년과의원,,내원,,,,,,,
1663,서울내과의원,내원,,,내원,내원,내원,내원,내원,
1664,지앤산부인과의원,,,,,,,,내원,
1665,정재면내과의원,내원,,,내원,내원,내원,내원,내원,
1666,서울가정의학과의원,,내원,,,,,,,
1667,연세연합의원,,내원,,,,,,,
1668,구로연세소아과의원,,내원,,,,,,,
1669,본내과의원,내원,,,내원,내원,,,,
1670,365더튼튼의원,내원,,,,,,,,
1671,연세의원,,내원,,,,,,,
1672,별소아청소년과의원,,내원,,,,,,,
1673,연세나우가정의원,,내원,,,,,,,
1674,이아소내과의원,내원,,,내원,내원,내원,내원,내원,
1675,이레소아청소년과의원,,내원,,,,,,,
1676,예산부인과의원,,,,,,,,내원,
1677,서울삼성내과의원,내원,,,내원,내원,내원,내원,내원,
1678,김은주산부인과의원,,,,,,,,내원,
1679,삼성편한내과의원,내원,,,내원,내원,내원,,,
1680,참좋은내과의원,내원,,,내원,내원,내원,,,
1681,서울아가온여성의원,,,,,,,,내원,
1682,아이온소아청소년과의원,,내원,,,,,,,
1683,삼성키즈소아청소년과의원,,내원,,,,,,,
1684,연세정인내과의원,내원,,,내원,내원,내원,내원,내원,
1685,장윤주산부인과의원,,,,,,,,내원,
1686,애경연세소아청소년과의원,,내원,,,,,,,
1687,제일성모내과의원,내원,,,,,,,,
1688,구일굿모닝내과의원,내원,,,내원,내원,내원,,,
1689,삼성신내과의원,내원,,,내원,내원,내원,,,
1690,베스트내과의원,내원,,,내원,내원,내원,내원,내원,
1691,큐브산부인과의원,,,,,,,,내원,
1692,고려튼튼외과의원,내원,,,,,,,,
1693,서울WE좋은내과의원,내원,,,내원,내원,내원,내원,내원,
1694,성신가정의학과의원,,내원,,,,,,,
1695,민전산부인과의원,,내원,,,,,,내원,
1696,이연합의원,,내원,,,,,,,
1697,마음속내과의원,내원,,,내원,내원,내원,내원,내원,
1698,늘푸른소아청소년과의원,,내원,,,,,,,
1699,동그라미소아청소년과의원,,내원,,,,,,,
1700,항동연세소아청소년과의원,,내원,,,,,,,
1701,서울오케이내과의원,내원,,,내원,내원,내원,내원,내원,
1702,서울구로디지털의원,내원,,,,,내원,,,
1703,서울푸른숲내과의원,내원,,,내원,내원,내원,내원,,
1704,삼성리더스치과의원,,,내원,,,,,,
1705,연세오치과의원,,,내원,,,,,,
1706,행복한치과의원,,,내원,,,,,,
1707,닥터진치과의원,,,내원,,,,,,
1708,구로좋은치과의원,,,내원,,,,,,
1709,서울웃는얼굴치과의원,,,내원,,,,,,
1710,서울올리브치과의원,,,내원,,,,,,
1711,디지털밸리치과의원,,,내원,,,,,,
1712,구로유디치과의원,,,내원,,,,,,
1713,서울e치과의원,,,내원,,,,,,
1714,안아프니치과의원,,,내원,,,,,,
1715,구로에이스치과의원,,,내원,,,,,,
1716,인아치과의원,,,내원,,,,,,
1717,우리가족치과의원,,,내원,,,,,,
1718,더케이내과의원,내원,,,,,,,,
1719,지타워의원,내원,,,,,,,,
1720,자애내과의원,내원,,,내원,내원,내원,,,
1721,정앤장내과의원,내원,,,내원,내원,내원,내원,내원,
1722,성모나은내과의원,내원,,,내원,내원,내원,내원,내원,
1723,아산바른내과의원,내원,,,내원,내원,내원,내원,내원,
1724,서울로움산부인과의원,,,,,,,,내원,
1725,삼성바른내과의원,내원,,,내원,내원,내원,내원,내원,
1726,고척으뜸내과의원,내원,,,내원,내원,내원,내원,,
1727,구로항유외과의원,내원,,,내원,내원,내원,,,
1728,서울늘봄메디칼내과의원,내원,,,,,,,,
1729,에스퀸산부인과의원,,,,,,,,내원,
1730,한내과의원,내원,,,,,,,,
1731,서울명치과의원,,,내원,,,,,,
1732,의료법인서울효천의료재단에이치플러스양지병원,내원+출장,내원,,내원,내원,내원,내원,내원,내원
1733,강남고려병원,내원+출장,,내원,내원,내원,내원,내원,내원,
1734,척편한병원,내원,,,,,,,,
1735,조인트힐병원,내원,,,내원,내원,내원,내원,내원,
1736,심정병원,내원,,,내원,내원,내원,내원,내원,
1737,사랑의병원,내원,,,내원,내원,내원,내원,내원,
1738,장튼위튼병원,내원,,,내원,내원,내원,내원,내원,
1739,강남힐병원,내원,,,내원,내원,내원,,,
1740,서울퍼스트병원,내원,,,,,,,,
1741,서울복십자의원,내원+출장,,,,,,,,
1742,박산부인과의원,,,,,,,,내원,
1743,이정길소아과의원,,내원,,,,,,,
1744,박춘식산부인과의원,,,,,,,,내원,
1745,변산부인과의원,,,,,,,,내원,
1746,황내과의원,내원,,,내원,,내원,,,
1747,김혜근의원,,내원,,,,,,,
1748,홍이경산부인과의원,,,,,,,,내원,
1749,그린소아과의원,,내원,,,,,,,
1750,주인종내과의원,내원,,,내원,내원,내원,,,
1751,위상오내과의원,내원,,,내원,내원,내원,내원,,
1752,명소아청소년과의원,,내원,,,,,,,
1753,박성신소아과의원,,내원,,,,,,,
1754,노영숙산부인과의원,,,,,,,,내원,
1755,손소아과의원,,내원,,,,,,,
1756,이정희소아청소년과의원,,내원,,,,,,,
1757,신동진내과의원,내원,,,내원,내원,내원,내원,내원,
1758,박미란소아청소년과의원,,내원,,,,,,,
1759,관악성모의원,내원,,,내원,내원,내원,내원,내원,
1760,최진현내과의원,내원,,,내원,,내원,,,
1761,신숙진산부인과의원,,,,,,,,내원,
1762,이진숙산부인과의원,,,,,,,,내원,
1763,한사랑의원,,내원,,,,,,,
1764,연세가정의원,,내원,,,,,,,
1765,강경훈소아과의원,,내원,,,,,,,
1766,유영미서울소아청소년과의원,,내원,,,,,,,
1767,항외과의원,내원,,,내원,내원,,,,
1768,봉천연세가정의원,,내원,,,,,,,
1769,조내과의원,내원,,,,,내원,,,
1770,이규남내과의원,내원,,,내원,,내원,,,
1771,서초영상의학과의원,내원,,,내원,내원,내원,,내원,
1772,엘산부인과의원,,,,,,,,내원,
1773,보스턴은소아청소년과의원,,내원,,,,,,,
1774,새생명내과의원,내원,,,내원,내원,내원,,,
1775,서울가정의학과의원,,내원,,,,,,,
1776,관악서울대학교치과병원,,,내원+출장,,,,,,
1777,153치과의원,,,내원,,,,,,
1778,오치과의원,,,내원,,,,,,
1779,김태경치과의원,,,내원,,,,,,
1780,관악전치과의원,,,내원,,,,,,
1781,에스엔케이치과의원,,,내원,,,,,,
1782,신종렬치과의원,,,내원,,,,,,
1783,조용진치과의원,,,내원,,,,,,
1784,박경준치과의원,,,내원,,,,,,
1785,최유석치과의원,,,내원,,,,,,
1786,이그린치과의원,,,내원,,,,,,
1787,연세에이플러스치과의원,,,내원,,,,,,
1788,명경치과의원,,,내원+출장,,,,,,
1789,도경치과의원,,,내원,,,,,,
1790,서울최치과의원,,,내원,,,,,,
1791,예인치과의원,,,내원,,,,,,
1792,서울안치과의원,,,내원,,,,,,
1793,오민구치과의원,,,내원,,,,,,
1794,스마일라인치과의원,,,내원,,,,,,
1795,박영섭치과의원,,,내원,,,,,,
1796,한솔치과의원,,,내원,,,,,,
1797,문현치과의원,,,내원,,,,,,
1798,다니엘치과의원,,,내원,,,,,,
1799,이너스치과의원,,,내원,,,,,,
1800,우정치과의원,,,내원,,,,,,
1801,이(e)-행복한치과의원,,,내원,,,,,,
1802,강훈치과의원,,,내원,,,,,,
1803,사과나무치과의원,,,내원,,,,,,
1804,서울본치과의원,,,내원,,,,,,
1805,사당유디치과의원,,,내원,,,,,,
1806,하얀치과의원,,,내원,,,,,,
1807,노벨치과의원,,,내원,,,,,,
1808,미치과의원,,,내원,,,,,,
1809,마리아쥬니어치과의원,,,내원,,,,,,
1810,더봄치과의원,,,내원,,,,,,
1811,나비화이트치과의원,,,내원,,,,,,
1812,우리들치과의원,,,내원,,,,,,
1813,관악서울치과의원,,,내원,,,,,,
1814,이레치과의원,,,내원,,,,,,
1815,아이비치과의원,,,내원,,,,,,
1816,고은치과의원,,,내원,,,,,,
1817,밀레니엄치과의원,,,내원,,,,,,
1818,조이치과의원,,,내원,,,,,,
1819,오플란트치과의원,,,내원,,,,,,
1820,두산열린치과의원,,,내원,,,,,,
1821,현대치과의원,,,내원,,,,,,
1822,이맑은치과의원,,,내원,,,,,,
1823,한사랑치과의원,,,내원,,,,,,
1824,서울누가치과의원,,,내원,,,,,,
1825,서울준치과의원,,,내원,,,,,,
1826,서울키즈플러스치과의원,,,내원,,,,,,
1827,선앤민치과의원,,,내원,,,,,,
1828,에이스치과의원,,,내원,,,,,,
1829,서울드림치과의원,,,내원,,,,,,
1830,관악LA치과의원,,,내원,,,,,,
1831,아트치과의원,,,내원,,,,,,
1832,함박웃음치과의원,,,내원,,,,,,
1833,사랑의치과의원,,,내원,,,,,,
1834,이편한치과의원,,,내원,,,,,,
1835,이재준치과의원,,,내원,,,,,,
1836,서울나란이치과교정과치과의원,,,내원,,,,,,
1837,연세참소망치과의원,,,내원,,,,,,
1838,연세해맑은치과교정과치과의원,,,내원,,,,,,
1839,OK치과의원,,,내원,,,,,,
1840,뿌리샘치과의원,,,내원,,,,,,
1841,하나치과의원,,,내원,,,,,,
1842,스마트올치과의원,,,내원,,,,,,
1843,제니스치과의원,,,내원,,,,,,
1844,아너스치과교정과치과의원,,,내원,,,,,,
1845,서울하이안치과의원,,,내원,,,,,,
1846,홍성철치과의원,,,내원,,,,,,
1847,관악웰치과의원,,,내원,,,,,,
1848,스마일치과의원,,,내원,,,,,,
1849,언제나이든치과의원,,,내원,,,,,,
1850,퍼스트왕치과의원,,,내원,,,,,,
1851,연세미래치과의원,,,내원,,,,,,
1852,김서랑치과의원,,,내원,,,,,,
1853,관악소아치과의원,,,내원,,,,,,
1854,미소안치과의원,,,내원,,,,,,
1855,센트럴치과의원,,,내원,,,,,,
1856,신대방서울하이안치과의원,,,내원,,,,,,
1857,유디치과의원,,,내원,,,,,,
1858,필치과의원,,,내원,,,,,,
1859,관악본치과의원,,,내원,,,,,,
1860,서울화인치과의원,,,내원,,,,,,
1861,열린수치과의원,,,내원,,,,,,
1862,바른이고른이치과의원,,,내원,,,,,,
1863,바르다권치과의원,,,내원,,,,,,
1864,서울삼성치과의원,,,내원,,,,,,
1865,리더스치과의원,,,내원,,,,,,
1866,은혜치과의원,,,내원,,,,,,
1867,예솔치과의원,,,내원,,,,,,
1868,서울호치과의원,,,내원,,,,,,
1869,양지치과의원,,,내원,,,,,,
1870,서울S치과의원,,,내원,,,,,,
1871,연세공감치과의원,,,내원,,,,,,
1872,예미담치과의원,,,내원,,,,,,
1873,오사랑치과의원,,,내원,,,,,,
1874,미드미치과의원,,,내원,,,,,,
1875,행운치과의원,,,내원,,,,,,
1876,세이브치과의원,,,내원,,,,,,
1877,즐거운치과의원,,,내원,,,,,,
1878,따뜻한인치과의원,,,내원,,,,,,
1879,관악이안치과의원,,,내원,,,,,,
1880,치과의정석치과의원,,,내원,,,,,,
1881,해온미소치과의원,,,내원,,,,,,
1882,최선애(愛)치과의원,,,내원,,,,,,
1883,연세더바른치과의원,,,내원,,,,,,
1884,난곡으뜸치과의원,,,내원,,,,,,
1885,관악퍼스트치과의원,,,내원,,,,,,
1886,서울성심치과의원,,,내원,,,,,,
1887,서울리뉴치과의원,,,내원,,,,,,
1888,관악이웃치과의원,,,내원,,,,,,
1889,플란트인치과의원,,,내원,,,,,,
1890,원스치과교정과치과의원,,,내원,,,,,,
1891,리뉴치과교정과치과의원,,,내원,,,,,,
1892,서울정다움치과의원,,,내원,,,,,,
1893,뉴욕치과의원,,,내원,,,,,,
1894,클린치과의원,,,내원,,,,,,
1895,올리브나무치과의원,,,내원,,,,,,
1896,365탑치과의원,,,내원,,,,,,
1897,사랑니에진심치과의원,,,내원,,,,,,
1898,연세미소인치과의원,,,내원,,,,,,
1899,연세세브란스치과의원,,,내원,,,,,,
1900,한내과의원,내원,,,,,,,,
1901,우리가정의원,,내원,,,,,,,
1902,아이빛소아과의원,,내원,,,,,,,
1903,민내과의원,내원,내원,,내원,내원,내원,내원,내원,
1904,손홍주내과의원,내원,,,,,,,,
1905,소망의원,,내원,,,,,,,
1906,연세키즈소아과의원,,내원,,,,,,,
1907,이내과의원,내원,,,내원,내원,내원,내원,내원,
1908,연세바른의원,,내원,,,,,,,
1909,선산부인과의원,,,,,,,,내원,
1910,향기나는내과의원,내원,,,내원,,,,,
1911,서울김정아소아청소년과의원,,내원,,,,,,,
1912,온누리내과의원,내원,,,내원,내원,내원,,,
1913,신대방성모내과의원,내원,,,내원,내원,내원,내원,내원,
1914,연세편한내과의원,내원,,,내원,내원,내원,,,
1915,삼성산부인과의원,,,,,,,,내원,
1916,더영산부인과의원,,,,,,,,내원,
1917,김앤조내과의원,내원,,,,,,,,
1918,연세베스트의원,,내원,,,,,,,
1919,김정화산부인과의원,,,,,,,,내원,
1920,연세건강한내과의원,내원,,,내원,내원,내원,내원,내원,
1921,아름드리가정의원,내원,내원,,,,내원,,,
1922,서울삼성내과의원,내원,,,내원,내원,내원,내원,내원,
1923,늘푸른소아청소년과의원,,내원,,,,,,,
1924,삼성편한내과의원,내원,,,내원,내원,내원,내원,,
1925,가연관악산부인과의원,,내원,,,,,,내원,
1926,최희정내과의원,내원,,,내원,내원,내원,내원,내원,
1927,사는기쁨이비인후과의원,,내원,,,,,,,
1928,관악정의원,내원,,,내원,내원,내원,,,
1929,서울원정형외과소아청소년과의원,,내원,,,,,,,
1930,닥터강이비인후과의원,,내원,,,,,,,
1931,아이랑소아청소년과의원,,내원,,,,,,,
1932,연세365산부인과의원,,,,,,,,내원,
1933,리즈산부인과의원,,,,,,,,내원,
1934,이진내과의원,내원,,,내원,내원,내원,내원,내원,
1935,연세W산부인과의원(구로점),,,,,,,,내원,
1936,연세우리내과의원,내원,,,내원,내원,내원,,,
1937,세이브내과의원,내원,,,내원,내원,내원,내원,내원,
1938,사당연세365의원,내원,,,내원,내원,내원,내원,,
1939,강인구내과의원,내원,,,내원,내원,내원,,,
1940,서울W내과의원,내원,,,내원,내원,내원,내원,내원,
1941,유테라산부인과의원,,,,,,,,내원,
1942,최준호내과의원,내원,,,내원,내원,내원,,,
1943,이한규내과의원,내원,,,,,,,,
1944,레이디유외과의원,,,,,,,내원,,
1945,연세쉬즈산부인과의원,,,,,,,,내원,
1946,김지연산부인과의원,,,,,,,,내원,
1947,더나은내과의원,내원,,,내원,내원,내원,내원,,
1948,연세조은내과의원,내원,,,내원,내원,내원,,내원,
1949,고운맘소아청소년과의원,,내원,,,,,,,
1950,관악수내과의원,내원,,,내원,내원,내원,내원,내원,
1951,아이보리소아청소년과의원,,내원,,,,,,,
1952,연세제이엘산부인과의원,,,,,,,,내원,
1953,애플산부인과의원,,,,,,,,내원,
1954,관악정다운의료복지사회적협동조합정다운우리의원,내원,내원,,,,내원,,,
1955,관악연세공감치과의원,,,내원,,,,,,
1956,이수백치과의원,,,내원,,,,,,
1957,풀잎치과의원,,,내원,,,,,,
1958,더나은치과의원,,,내원,,,,,,
1959,이앤치과의원,,,내원,,,,,,
1960,연세다온치과의원,,,내원,,,,,,
1961,산치과의원,,,내원,,,,,,
1962,관악더드림치과의원,,,내원,,,,,,
1963,난곡치과의원,,,내원,,,,,,
1964,이음턱편한치과의원,,,내원,,,,,,
1965,삼성현치과의원,,,내원,,,,,,
1966,이화이치과의원,,,내원,,,,,,
1967,서울이편한치과의원,,,내원,,,,,,
1968,신림올바른치과의원,,,내원,,,,,,
1969,포근한치과의원,,,내원,,,,,,
1970,보라매정다운치과의원,,,내원,,,,,,
1971,오케이치과의원,,,내원,,,,,,
1972,바른치과의원,,,내원,,,,,,
1973,단단플란트치과의원,,,내원,,,,,,
1974,서울리멤버치과의원,,,내원,,,,,,
1975,연세속편한내과의원,내원,,,내원,내원,내원,내원,내원,
1976,삼모라인내과의원,내원,,,내원,내원,내원,내원,내원,
1977,솜산부인과의원,,,,,,,,내원,
1978,연세위드내과의원,내원,,,내원,내원,내원,내원,,
1979,울트라내과의원,내원,,,내원,내원,내원,내원,내원,
1980,신림라움산부인과의원,,,,,,,,내원,
1981,관악정내과의원,내원,,,내원,내원,내원,내원,내원,
1982,라비뉴여성의원,,,,,,,,내원,
1983,푸른편안내과의원,내원,,,내원,내원,내원,,,
1984,서울탑내과의원,내원,,,내원,내원,내원,내원,내원,
1985,아산오름내과의원,내원,,,내원,내원,내원,내원,내원,
1986,신림성모유외과의원,,,,,,,내원,,
1987,어울림산부인과의원,,,,,,,,내원,
1988,서울대입구더원내과의원,내원,,,내원,내원,내원,내원,내원,
1989,서울열린치과의원,,,내원,,,,,,
1990,서울오늘플란트치과의원,,,내원,,,,,,
1991,기쁨병원,내원,내원,내원,내원,내원,내원,내원,내원,내원
1992,서울특별시어린이병원,내원,내원,내원,,,,,,
1993,서울안강병원,내원,,,내원,내원,내원,내원,내원,
1994,세기의료원,내원,,내원,내원,내원,내원,,,
1995,동심소아청소년과의원,,내원,,,,,,,
1996,변혜란소아청소년과의원,,내원,,,,,,,
1997,의료법인삼광의료재단삼광의원,내원,,,,,,,,
1998,이진오소아과의원,,내원,,,,,,,
1999,의료법인명경의료재단메디플라워헬스케어의원,내원,,,내원,내원,내원,내원,내원,
2000,서울소아청소년과의원,,내원,,,,,,,
2001,연세제일소아청소년과의원,,내원,,,,,,,
2002,의료법인녹십자의료재단녹십자아이메드강남의원,내원,,,내원,내원,내원,내원,내원,
2003,남재현프렌닥터내과의원,내원,,,내원,내원,내원,내원,내원,
2004,오현숙내과의원,내원,,,,,내원,,,
2005,연세가정의학과의원,내원,,,내원,,내원,,,
2006,서울탑치과병원,,,내원,,,,,,
2007,한솔이준규치과의원,,,내원,,,,,,
2008,백영완치과의원,,,내원,,,,,,
2009,박치과의원,,,내원,,,,,,
2010,이태준치과의원,,,내원,,,,,,
2011,나이스치과의원,,,내원,,,,,,
2012,서인치과의원,,,내원,,,,,,
2013,민치과의원,,,내원,,,,,,
2014,이태수치과의원,,,내원,,,,,,
2015,콩세알튼튼치과의원,,,내원,,,,,,
2016,황인준치과의원,,,내원,,,,,,
2017,정문섭치과의원,,,내원,,,,,,
2018,사랑치과의원,,,내원,,,,,,
2019,믿음치과의원,,,내원,,,,,,
2020,크림치과의원,,,내원,,,,,,
2021,지성준치과의원,,,내원,,,,,,
2022,박성호치과의원,,,내원,,,,,,
2023,이선규치과의원,,,내원,,,,,,
2024,김민겸치과의원,,,내원,,,,,,
2025,남부치과의원,,,내원,,,,,,
2026,벤틀니치과의원,,,내원,,,,,,
2027,서초부부치과의원,,,내원,,,,,,
2028,예스치과의원,,,내원,,,,,,
2029,미시간순치과의원,,,내원,,,,,,
2030,케이치과의원,,,내원,,,,,,
2031,누가치과의원,,,내원,,,,,,
2032,세모치과의원,,,내원,,,,,,
2033,예미솔치과의원,,,내원,,,,,,
2034,김승수치과의원,,,내원,,,,,,
2035,초이스치과의원,,,내원,,,,,,
2036,화이트플란트치과의원,,,내원,,,,,,
2037,윤동주치과의원,,,내원,,,,,,
2038,지앤미치과의원,,,내원,,,,,,
2039,케이에스치과의원,,,내원,,,,,,
2040,사랑이가득한치과의원,,,내원,,,,,,
2041,백옥치과의원,,,내원,,,,,,
2042,서울심미치과의원,,,내원,,,,,,
2043,강남레옹치과의원,,,내원,,,,,,
2044,수바른이치과의원,,,내원,,,,,,
2045,서울미래치과의원,,,내원,,,,,,
2046,아인스치과교정과치과의원,,,내원,,,,,,
2047,신데렐라치과의원,,,내원,,,,,,
2048,한국치과의원,,,내원,,,,,,
2049,서울제이에스치과의원,,,내원,,,,,,
2050,서울이좋은치과의원,,,내원,,,,,,
2051,연세미치과의원,,,내원,,,,,,
2052,서울예인치과의원,,,내원,,,,,,
2053,이미지치과의원,,,내원,,,,,,
2054,아트부부치과의원,,,내원,,,,,,
2055,내인생치과의원,,,내원,,,,,,
2056,서울리마치과의원,,,내원,,,,,,
2057,리니어치과의원,,,내원,,,,,,
2058,공치과의원,,,내원,,,,,,
2059,미담치과의원,,,내원,,,,,,
2060,우면본치과의원,,,내원,,,,,,
2061,페리오치과의원,,,내원,,,,,,
2062,연세에이플란트치과의원,,,내원,,,,,,
2063,사람사랑치과의원,,,내원,,,,,,
2064,서울호호치과의원,,,내원,,,,,,
2065,이엔이치과의원,,,내원,,,,,,
2066,하얀돌치과의원,,,내원,,,,,,
2067,웃는오늘치과의원,,,내원,,,,,,
2068,김앤이치과의원,,,내원,,,,,,
2069,루덴치과의원,,,내원,,,,,,
2070,오케이플란트치과의원,,,내원,,,,,,
2071,나무정원치과의원,,,내원,,,,,,
2072,연세내곡치과의원,,,내원,,,,,,
2073,의료법인명경의료재단꽃마을치과의원,,,내원,,,,,,
2074,예미안치과의원,,,내원,,,,,,
2075,삼성탑치과의원,,,내원,,,,,,
2076,연세더편한치과의원,,,내원,,,,,,
2077,정으로가는치과의원,,,내원,,,,,,
2078,서울큰사랑치과의원,,,내원+출장,,,,,,
2079,선플러스치과의원,,,내원,,,,,,
2080,서초힐치과의원,,,내원,,,,,,
2081,강남엔터치과의원,,,내원,,,,,,
2082,굿모닝치과의원,,,내원,,,,,,
2083,도담도담키즈치과의원,,,내원,,,,,,
2084,내곡웰치과의원,,,내원,,,,,,
2085,뿌리와새싹치과의원,,,내원,,,,,,
2086,체리스마일치과의원,,,내원,,,,,,
2087,황순정구강악안면외과치과의원,,,내원,,,,,,
2088,고르다치과의원,,,내원,,,,,,
2089,최앤최치과의원,,,내원,,,,,,
2090,길튼치과의원,,,내원,,,,,,
2091,온마음치과의원,,,내원,,,,,,
2092,더밝은치과의원,,,내원,,,,,,
2093,이롬치과의원,,,내원,,,,,,
2094,서울이엔이치과의원,,,내원,,,,,,
2095,서초주니어치과의원,,,내원,,,,,,
2096,서울서이치과의원,,,내원,,,,,,
2097,뉴엔치과의원,,,내원,,,,,,
2098,강남젠틀치과의원,,,내원,,,,,,
2099,오늘의치과의원,,,내원,,,,,,
2100,재주좋은치과의원,,,내원,,,,,,
2101,서울양치과의원,,,내원,,,,,,
2102,리엔장치과의원,,,내원,,,,,,
2103,연세차인호치과의원,,,내원,,,,,,
2104,서초구보건소,내원,내원,내원,,,,,,
2105,모커리한방병원,내원,,,,,,,,
2106,서초아가페의원,내원,내원,,,,,,,
2107,이승남강남베스트의원,내원,,,내원,내원,내원,,내원,
2108,장은진산부인과의원,,,,,,,,내원,
2109,봄내과의원,내원,,,내원,,,,,
2110,메디스캔의원,내원,,,내원,내원,내원,내원,내원,
2111,현진해내과의원,내원,,,내원,내원,내원,내원,,
2112,정가정의원,내원,,,내원,,내원,,,
2113,지앤산부인과의원,,,,,,,,내원,
2114,서초서울삼성내과의원,내원,,,내원,,내원,,,
2115,호움산부인과의원,,,,,,,,내원,
2116,에이린산부인과의원,,,,,,,,내원,
2117,로앤산부인과의원,,,,,,,,내원,
2118,디디소아청소년과의원,,내원,,,,,,,
2119,동화산부인과의원,,,,,,,,내원,
2120,조은연세산부인과의원,,,,,,,,내원,
2121,소소아청소년과의원,,내원,,,,,,,
2122,한현주여성의원,,,,,,,,내원,
2123,서초아이소아청소년과의원,,내원,,,,,,,
2124,메디테라내과의원,내원,,,내원,내원,내원,내원,내원,
2125,내곡소아청소년과의원,,내원,,,,,,,
2126,아이숲소아청소년과의원,,내원,,,,,,,
2127,최상산부인과의원,,,,,,,,내원,
2128,연세더블유산부인과의원,,,,,,,,내원,
2129,튼튼소아청소년과의원,,내원,,,,,,,
2130,카모마일의원,,내원,,,,,,,
2131,강남헬스케어의원,내원,,,,,,,,
2132,강남권산부인과의원,,,,,,,,내원,
2133,푸른내과의원,내원,,,내원,내원,내원,,내원,
2134,서초하나산부인과의원,,,,,,,,내원,
2135,필메디스의원,내원,,,,,,,,
2136,서이드림내과의원,내원,,,내원,내원,내원,내원,내원,
2137,연세휴가정의학과의원,내원,,,,,,,,
2138,연세해맑은소아청소년과의원,,내원,,,,,,,
2139,하이연세산부인과의원,,,,,,,,내원,
2140,연세미시간산부인과의원,,,,,,,,내원,
2141,청계내과의원,내원,,,내원,내원,내원,,,
2142,서초리한산부인과의원,,,,,,,,내원,
2143,강남탑내과의원,내원,,,내원,내원,내원,내원,내원,
2144,서초엘산부인과의원,,,,,,,,내원,
2145,랑뜨산부인과의원,,,,,,,,내원,
2146,어울림치과의원,,,내원,,,,,,
2147,연세좋은손치과의원,,,내원,,,,,,
2148,서초하나로치과의원,,,내원,,,,,,
2149,닥터홍바른치과의원,,,내원,,,,,,
2150,서초삼성치과의원,,,내원,,,,,,
2151,연세자연애치과의원,,,내원,,,,,,
2152,오르세치과의원,,,내원,,,,,,
2153,루센트치과의원,,,내원,,,,,,
2154,미소라움치과의원,,,내원,,,,,,
2155,서울내곡치과의원,,,내원,,,,,,
2156,연세봄치과의원,,,내원,,,,,,
2157,아나플란트치과의원,,,내원,,,,,,
2158,서초보건지소,,내원,,,,,,,
2159,서초바른내과의원,내원,,,내원,내원,내원,,내원,
2160,서초엔도내과의원,내원,,,내원,내원,내원,내원,내원,
2161,더독한내과의원,내원,,,내원,내원,내원,,,
2162,성모라임가정의학과의원,내원,,,,,,,,
2163,연세에이스내과의원,내원,,,내원,내원,내원,내원,내원,
2164,서울김내과의원,내원,,,,,,,,
2165,애플산부인과의원,,,,,,,,내원,
2166,강남르시엘여성의원,,,,,,,내원,내원,
2167,양철우내과의원,,내원,,,,,,,
2168,이화내과의원,내원,,,내원,,내원,,,
2169,정직한내과의원,내원,,,내원,내원,내원,내원,내원,
2170,성모하나내과의원,내원,,,내원,내원,내원,내원,내원,
2171,경찰병원,내원+출장,내원,,내원,내원,내원,내원,내원,
2172,재단법인아산사회복지재단서울아산병원,,내원,,,,,,,
2173,한솔병원,내원,,내원,내원,내원,내원,내원,내원,
2174,뉴스타트병원,내원,,,내원,내원,내원,내원,내원,
2175,강남힘찬병원,내원,,,,,,,,
2176,서울병원,내원,,내원,내원,내원,내원,내원,내원,
2177,서울석병원,내원,,,내원,내원,내원,내원,내원,
2178,민트병원,,,,,,,내원,내원,
2179,서울세계로병원,내원,,,내원,내원,내원,내원,내원,
2180,연세우리병원,내원,,,내원,내원,내원,,,
2181,다나움요양병원,,,내원,,,,,,
2182,김정훈내과의원,내원,,,,,내원,,,
2183,김정자산부인과의원,,,,,,,,내원,
2184,김혜숙산부인과의원,,,,,,,,내원,
2185,키즈위즈소아청소년과의원,,내원,,,,,,,
2186,푸른소아청소년과의원,,내원,,,,,,,
2187,성모자애의원,내원,,,내원,,내원,,,
2188,황정아소아과의원,,내원,,,,,,,
2189,조소아과의원,,내원,,,,,,,
2190,연세메디칼내과의원,내원,,,,,내원,,,
2191,연세가정의학과의원,내원,,,내원,,내원,,,
2192,황소아과의원,,내원,,,,,,,
2193,김학원소아과의원,,내원,,,,,,,
2194,윤석중내과의원,내원,,,내원,내원,내원,내원,내원,
2195,세란소아청소년과의원,,내원,,,,,,,
2196,윤명희소아과의원,,내원,,,,,,,
2197,그린소아청소년과의원,,내원,,,,,,,
2198,김기우내과의원,내원,,,내원,내원,내원,,,
2199,포유문산부인과의원,,내원,,,,,내원,내원,
2200,이가정의학과의원,,내원,,,,,,,
2201,중앙내과의원,내원,,,,,내원,,,
2202,지파이브(G5)연합의원,내원,,,,,,,,
2203,상덕의원,내원,,,내원,내원,내원,내원,내원,
2204,문소아과의원,,내원,,,,,,,
2205,메디스콥영상의학과의원,내원,,,,,내원,,,
2206,국민체력센터의원,내원,,,내원,내원,,내원,내원,
2207,행복한서내과의원,내원,내원,,내원,내원,내원,내원,내원,
2208,송파본내과의원,내원,,,내원,내원,내원,내원,내원,
2209,삼성산부인과의원,,,,,,,,내원,
2210,김윤숙산부인과의원,,,,,,,,내원,
2211,성림내과의원,내원,,,내원,내원,내원,,,
2212,위례소소아청소년과의원,,내원,,,,,,,
2213,수치과병원,,,내원,,,,,,
2214,케이치과병원,,,내원,,,,,,
2215,더바름치과병원,,,내원,,,,,,
2216,서울오브치과병원,,,내원,,,,,,
2217,엘스치과의원,,,내원,,,,,,
2218,훼미리주치과의원,,,내원,,,,,,
2219,고치과의원,,,내원,,,,,,
2220,굿모닝치과의원,,,내원,,,,,,
2221,문정치과의원,,,내원,,,,,,
2222,부부치과의원,,,내원,,,,,,
2223,이세영치과의원,,,내원,,,,,,
2224,이준규치과의원,,,내원,,,,,,
2225,정세현치과의원,,,내원,,,,,,
2226,이원균치과의원,,,내원,,,,,,
2227,이젠치과의원,,,내원,,,,,,
2228,황정섭치과의원,,,내원,,,,,,
2229,박선치과의원,,,내원,,,,,,
2230,탁스치과의원,,,내원,,,,,,
2231,힐치과의원,,,내원,,,,,,
2232,유아이씨시카고치과의원,,,내원,,,,,,
2233,오륜곽치과의원,,,내원,,,,,,
2234,유영선치과의원,,,내원,,,,,,
2235,배호진치과의원,,,내원,,,,,,
2236,씨디아이씨시카고치과의원,,,내원,,,,,,
2237,임상욱치과의원,,,내원,,,,,,
2238,사랑플러스치과의원,,,내원,,,,,,
2239,김성직치과의원,,,내원,,,,,,
2240,가락우리치과의원,,,내원,,,,,,
2241,정금태치과의원,,,내원,,,,,,
2242,이편한치과의원,,,내원,,,,,,
2243,B&B치과의원,,,내원,,,,,,
2244,최경수치과의원,,,내원,,,,,,
2245,장재완치과의원,,,내원,,,,,,
2246,강정수치과의원,,,내원,,,,,,
2247,문희권치과의원,,,내원,,,,,,
2248,나치과의원,,,내원,,,,,,
2249,김형남치과의원,,,내원,,,,,,
2250,동네치과의원,,,내원,,,,,,
2251,박치과의원,,,내원,,,,,,
2252,이계원치과의원,,,내원,,,,,,
2253,유진치과의원,,,내원,,,,,,
2254,우리치과의원,,,내원,,,,,,
2255,튼튼치과의원,,,내원,,,,,,
2256,서울민치과의원,,,내원,,,,,,
2257,신치과의원,,,내원,,,,,,
2258,김민성치과의원,,,내원,,,,,,
2259,서현이-바른치과의원,,,내원,,,,,,
2260,가브리엘치과의원,,,내원,,,,,,
2261,김석훈치과의원,,,내원,,,,,,
2262,풍납연세치과의원,,,내원,,,,,,
2263,조진희치과의원,,,내원,,,,,,
2264,김동현치과의원,,,내원,,,,,,
2265,한빛치과의원,,,내원,,,,,,
2266,웰치과의원,,,내원,,,,,,
2267,골드캐슬치과의원,,,내원,,,,,,
2268,잠실세브란스치과의원,,,내원,,,,,,
2269,트리지움치과의원,,,내원,,,,,,
2270,송파연세치과의원,,,내원,,,,,,
2271,새한치과의원,,,내원,,,,,,
2272,정경철치과의원,,,내원,,,,,,
2273,정승우치과의원,,,내원,,,,,,
2274,가인치과의원,,,내원,,,,,,
2275,방이치과의원,,,내원,,,,,,
2276,사과꽃치과의원,,,내원,,,,,,
2277,연세치과의원,,,내원,,,,,,
2278,바인치과의원,,,내원,,,,,,
2279,곧은치과의원,,,내원,,,,,,
2280,알파치과의원,,,내원,,,,,,
2281,연세예스치과의원,,,내원,,,,,,
2282,연세화이트치과의원,,,내원,,,,,,
2283,연세벧엘치과의원,,,내원,,,,,,
2284,e-하얀치과의원,,,내원,,,,,,
2285,조이치과의원,,,내원,,,,,,
2286,서울천사치과의원,,,내원,,,,,,
2287,사랑의치과의원,,,내원,,,,,,
2288,풍납현대치과의원,,,내원,,,,,,
2289,선치과의원,,,내원,,,,,,
2290,서울탑치과의원,,,내원,,,,,,
2291,일신치과의원,,,내원,,,,,,
2292,하나치과의원,,,내원,,,,,,
2293,2080치과의원,,,내원,,,,,,
2294,프라임서울치과의원,,,내원,,,,,,
2295,한솔치과의원,,,내원,,,,,,
2296,방이덴토피아치과의원,,,내원,,,,,,
2297,미소앤치과의원,,,내원,,,,,,
2298,빛치과의원,,,내원,,,,,,
2299,백치과의원,,,내원,,,,,,
2300,서울허브치과의원,,,내원,,,,,,
2301,서울심치과의원,,,내원,,,,,,
2302,박호영치과의원,,,내원,,,,,,
2303,시연치과의원,,,내원,,,,,,
2304,김현영치과의원,,,내원,,,,,,
2305,가락연세치과의원,,,내원,,,,,,
2306,서울미치과의원,,,내원,,,,,,
2307,가치과의원,,,내원,,,,,,
2308,닥터포유치과의원,,,내원,,,,,,
2309,강.임.강.정서울치과의원,,,내원,,,,,,
2310,연세웰빙치과의원,,,내원,,,,,,
2311,다나에치과의원,,,내원,,,,,,
2312,오지혜서울치과의원,,,내원,,,,,,
2313,우리가족치과의원,,,내원,,,,,,
2314,허브치과의원,,,내원,,,,,,
2315,성도치과의원,,,내원,,,,,,
2316,라임치과교정과치과의원,,,내원,,,,,,
2317,조은치과의원,,,내원,,,,,,
2318,마천현대치과의원,,,내원,,,,,,
2319,연세사랑치과의원,,,내원,,,,,,
2320,서울W(더블유)치과의원,,,내원,,,,,,
2321,메이연세치과의원,,,내원,,,,,,
2322,갤러리아치과의원,,,내원,,,,,,
2323,서울에스바른치과의원,,,내원,,,,,,
2324,비전치과의원,,,내원,,,,,,
2325,위례중앙치과의원,,,내원,,,,,,
2326,유진영치과의원,,,내원,,,,,,
2327,서울S플러스치과의원,,,내원,,,,,,
2328,로스윌준치과교정과치과의원,,,내원,,,,,,
2329,이튼치과의원,,,내원,,,,,,
2330,오복치과의원,,,내원,,,,,,
2331,밝은서울치과의원,,,내원,,,,,,
2332,서울청치과의원,,,내원,,,,,,
2333,유디치과의원,,,내원,,,,,,
2334,서울삼성치과의원,,,내원,,,,,,
2335,서울라파치과의원,,,내원,,,,,,
2336,연세유라인치과의원,,,내원,,,,,,
2337,송파본치과의원,,,내원,,,,,,
2338,The원치과의원,,,내원,,,,,,
2339,위즈덤치과의원,,,내원,,,,,,
2340,유디신천치과의원,,,내원,,,,,,
2341,봄날의미소치과의원,,,내원,,,,,,
2342,서울퍼스트치과의원,,,내원,,,,,,
2343,허인식치과의원,,,내원,,,,,,
2344,꿈꾸는치과의원,,,내원,,,,,,
2345,서울진치과의원,,,내원,,,,,,
2346,사람과치과의원,,,내원,,,,,,
2347,이재용치과의원,,,내원,,,,,,
2348,유펜바른치과의원,,,내원,,,,,,
2349,송파으뜸치과의원,,,내원,,,,,,
2350,잠실이사랑치과의원,,,내원,,,,,,
2351,단단치과의원,,,내원,,,,,,
2352,온치과의원,,,내원,,,,,,
2353,서울파크리오치과의원,,,내원,,,,,,
2354,서울나무치과의원,,,내원,,,,,,
2355,더365치과의원,,,내원,,,,,,
2356,서울더치과의원,,,내원,,,,,,
2357,연치과의원,,,내원,,,,,,
2358,뉴욕플러스치과의원,,,내원,,,,,,
2359,서울S(에스)치과의원,,,내원,,,,,,
2360,서울본치과의원,,,내원,,,,,,
2361,위드치과의원,,,내원,,,,,,
2362,새이드림치과의원,,,내원,,,,,,
2363,연세홈치과의원,,,내원,,,,,,
2364,닥터스마일치과의원,,,내원,,,,,,
2365,방이서울치과의원,,,내원,,,,,,
2366,베스필치과의원,,,내원,,,,,,
2367,마천세브란스치과의원,,,내원,,,,,,
2368,서울보스턴치과의원,,,내원,,,,,,
2369,예스주니어치과의원,,,내원,,,,,,
2370,Dr.서치과의원,,,내원,,,,,,
2371,연세하이디치과의원,,,내원,,,,,,
2372,연세하임치과의원,,,내원,,,,,,
2373,포인트원치과의원,,,내원,,,,,,
2374,연세스타치과의원,,,내원,,,,,,
2375,맑음치과의원,,,내원,,,,,,
2376,연세우리치과의원,,,내원,,,,,,
2377,리드치과의원,,,내원,,,,,,
2378,서울스위트치과의원,,,내원,,,,,,
2379,미소진치과의원,,,내원,,,,,,
2380,마음편한행복치과의원,,,내원,,,,,,
2381,연세굿플란트치과의원,,,내원,,,,,,
2382,탑플러스치과의원,,,내원,,,,,,
2383,서울조영민치과의원,,,내원,,,,,,
2384,이상구치과의원,,,내원,,,,,,
2385,하이치과의원,,,내원,,,,,,
2386,JnS오치과의원,,,내원,,,,,,
2387,서울화이트치과의원,,,내원,,,,,,
2388,서울튼튼키즈치과소아치과의원,,,내원,,,,,,
2389,송파온마음치과의원,,,내원,,,,,,
2390,대장장이하마새치과의원,,,내원,,,,,,
2391,채움치과의원,,,내원,,,,,,
2392,연세어린이치과의원,,,내원,,,,,,
2393,연세봄치과의원,,,내원,,,,,,
2394,위례봄치과의원,,,내원,,,,,,
2395,사람사랑치과의원,,,내원,,,,,,
2396,하늘치과의원,,,내원,,,,,,
2397,연세계치과의원,,,내원,,,,,,
2398,연세수천치과의원,,,내원,,,,,,
2399,이처럼치과의원,,,내원,,,,,,
2400,연세올곧은치과교정과치과의원,,,내원,,,,,,
2401,화인김동현치과의원,,,내원,,,,,,
2402,굿플란트치과의원,,,내원,,,,,,
2403,서울권치과의원,,,내원,,,,,,
2404,서울메이저치과의원,,,내원,,,,,,
2405,서울정답치과교정과치과의원,,,내원,,,,,,
2406,서울에스수치과의원,,,내원,,,,,,
2407,잠실서울치과의원,,,내원,,,,,,
2408,한일치과의원,,,내원,,,,,,
2409,서울손치과의원,,,내원,,,,,,
2410,그린치과의원,,,내원,,,,,,
2411,서울클리어치과교정과치과의원,,,내원,,,,,,
2412,연세하얀치과의원,,,내원,,,,,,
2413,남치과의원,,,내원,,,,,,
2414,서울준치과의원,,,내원,,,,,,
2415,서울다루치과의원,,,내원,,,,,,
2416,잠실이로움치과의원,,,내원,,,,,,
2417,미래로치과의원,,,내원,,,,,,
2418,바른구강내과치과의원,,,내원,,,,,,
2419,연세웰주니어치과의원,,,내원,,,,,,
2420,한걸음더치과의원,,,내원,,,,,,
2421,더튼튼플란트치과의원,,,내원,,,,,,
2422,서울아르떼치과의원,,,내원,,,,,,
2423,휴아치과의원,,,내원,,,,,,
2424,다시봄치과의원,,,내원,,,,,,
2425,바른턱치과교정과치과의원,,,내원,,,,,,
2426,서울봄플란트치과의원,,,내원,,,,,,
2427,서울좋은하루치과의원,,,내원,,,,,,
2428,서울용한치과의원,,,내원,,,,,,
2429,서울의리치과의원,,,내원,,,,,,
2430,한국건강관리협회건강증진치과의원,,,내원,,,,,,
2431,아트플란트치과의원,,,내원,,,,,,
2432,위례양치과의원,,,내원,,,,,,
2433,밝은하루치과의원,,,내원,,,,,,
2434,담은치과의원,,,내원,,,,,,
2435,아미치과의원,,,내원,,,,,,
2436,가락서울치과의원,,,내원,,,,,,
2437,거여연세치과의원,,,내원,,,,,,
2438,참좋은플란트치과의원,,,내원,,,,,,
2439,서울롱치과교정과치과의원,,,내원,,,,,,
2440,잠실원치과의원,,,내원,,,,,,
2441,서울0.1치과의원,,,내원,,,,,,
2442,스마일독일치과의원,,,내원,,,,,,
2443,서울더좋은치과의원,,,내원,,,,,,
2444,이아소치과의원,,,내원,,,,,,
2445,연세우리집치과의원,,,내원,,,,,,
2446,송파수치과의원,,,내원,,,,,,
2447,서울에이플치과의원,,,내원,,,,,,
2448,서울열린치과의원,,,내원,,,,,,
2449,거여베스트치과의원,,,내원,,,,,,
2450,연세일등치과의원,,,내원,,,,,,
2451,연세레이크치과의원,,,내원,,,,,,
2452,서울더편한치과의원,,,내원,,,,,,
2453,연세꿈꾸는아이치과의원,,,내원,,,,,,
2454,닥터설치과의원,,,내원,,,,,,
2455,위키즈주니어치과의원,,,내원,,,,,,
2456,서울상아치과의원,,,내원,,,,,,
2457,서울바른경치과의원,,,내원,,,,,,
2458,연세꿈꾸는치과교정과의원,,,내원,,,,,,
2459,연세다감치과의원,,,내원,,,,,,
2460,카이스트치과의원,,,내원,,,,,,
2461,대전대학교서울한방병원,내원,,,,,,,,
2462,김철우내과의원,내원,,,내원,내원,내원,,,
2463,송파우리들의원,,내원,,,,,,,
2464,소소아과의원,,내원,,,,,,,
2465,최원준내과의원,내원,,,내원,내원,내원,,,
2466,공내과의원,내원,,,내원,내원,내원,내원,,
2467,연세키즈소아과의원,,내원,,,,,,,
2468,이미정산부인과의원,,,,,,,,내원,
2469,이석호내과의원,내원,,,내원,내원,내원,,,
2470,연세정소아과의원,,내원,,,,,,,
2471,연세차내과의원,내원,,,내원,,내원,,,
2472,두얼의원,,내원,,,,,,,
2473,강지혜소아청소년과의원,,내원,,,,,,,
2474,아이웰소아청소년과의원,,내원,,,,,,,
2475,참내과의원,내원,,,내원,내원,내원,내원,내원,
2476,아산현소아청소년과의원,,내원,,,,,,,
2477,참사랑가정의원,내원,내원,,,,내원,,,
2478,엠버여성의원,,,,,,,,내원,
2479,고운맘소아청소년과의원,,내원,,,,,,,
2480,서울드림이비인후과의원,내원,내원,,,,,,,
2481,서종내과의원,내원,,,내원,내원,내원,,,
2482,김성희마리안산부인과의원,,,,,,,,내원,
2483,서울아산샘내과의원,내원,,,내원,내원,내원,내원,내원,
2484,서울삼성내과의원,내원,,,내원,내원,내원,내원,내원,
2485,최은희소아과의원,,내원,,,,,,,
2486,굿앤웰내과소아청소년과의원,내원,,,내원,내원,내원,,,
2487,한사랑의원,,내원,,,,,,,
2488,삼전내과의원,내원,,,내원,,내원,,,
2489,더블유산부인과의원,,,,,,,,내원,
2490,송파GF의원,내원,내원,,,,,,,
2491,아미산부인과의원,,,,,,,,내원,
2492,미소와산부인과의원,,,,,,,,내원,
2493,행복아이소아청소년과의원,,내원,,,,,,,
2494,킴스의원,내원,,,내원,내원,내원,내원,내원,
2495,햇살가득내과의원,내원,내원,,내원,내원,내원,내원,내원,
2496,한국건강관리협회건강증진의원,내원,,,내원,내원,내원,내원,내원,
2497,고은빛산부인과의원,,내원,,,,,,내원,
2498,송파가정의학과의원,,내원,,,,,,,
2499,기린소아청소년과의원,,내원,,,,,,,
2500,Dr홍연합의원,내원,,,,,,,,
2501,잠실연세내과의원,내원,,,내원,내원,내원,내원,,
2502,서울삼성여성의원,,,,,,,,내원,
2503,로앤산부인과의원,,,,,,,,내원,
2504,본가정의학과의원,,내원,,,,,,,
2505,건강한내과의원,내원,,,내원,내원,내원,,,
2506,(스카이메디)연세건강증진내과의원,내원,,,내원,내원,내원,내원,,
2507,메디큐내과의원,내원,,,내원,내원,내원,,,
2508,사랑아이여성의원,,,,,,,,내원,
2509,서울아산탑내과의원,내원,,,내원,내원,내원,내원,,
2510,연세믿음내과의원,내원,,,내원,내원,내원,,,
2511,이루이비인후과의원,,내원,,,,,,,
2512,서울권앤김내과의원,내원,,,내원,내원,내원,내원,,
2513,키즈맘소아청소년과의원,,내원,,,,,,,
2514,위례별가정의학과의원,내원,내원,,내원,내원,내원,,내원,
2515,오금우리내과의원,내원,,,내원,내원,내원,,,
2516,미래연여성의원,,,,,,,,내원,
2517,송파성모내과의원,내원,,,내원,내원,내원,내원,내원,
2518,오수연유외과의원,,,,,,,내원,,
2519,다온헬스케어의원,내원,,,내원,내원,내원,내원,내원,
2520,이민규내과의원,내원,,,내원,내원,내원,,,
2521,참외과참소아청소년과의원,내원,내원,,내원,내원,내원,내원,내원,
2522,위키소아청소년과의원,,내원,,,,,,,
2523,삼성어울림의원,내원,,,,,,,,
2524,연세아이맘소아청소년과의원,,내원,,,,,,,
2525,김미경산부인과의원,,,,,,,,내원,
2526,송파항외과의원,내원,,,내원,내원,내원,,,
2527,속속내과의원,내원,,,내원,내원,내원,내원,내원,
2528,송파윌내과의원,내원,,,내원,내원,내원,,,
2529,이브여성의원,,,,,,,,내원,
2530,와이비소아청소년과의원,,내원,,,,,,,
2531,연세국민건강내과소아청소년과의원,내원,내원,,내원,내원,내원,내원,내원,
2532,삼성강내과의원,내원,,,내원,내원,내원,,,
2533,스타키즈소아청소년과의원,,내원,,,,,,,
2534,잠실연세하와유외과의원,,,,,,,내원,,
2535,민성가정의학과의원,,내원,,,,,,,
2536,서울박현경내과의원,내원,,,내원,내원,내원,,,
2537,헬리오아이언소아청소년과의원,,내원,,,,,,,
2538,연세헬리오소아청소년과의원,,내원,,,,,,,
2539,닥터예스팀산부인과의원,,,,,,,,내원,
2540,호수내과의원,내원,,,내원,내원,내원,내원,내원,
2541,아산미즈영상의학과의원,,,,,,,내원,,
2542,온가족소아청소년과의원,,내원,,,,,,,
2543,아산사랑의원,,내원,,,,,,,
2544,송파베스트내과의원,내원,,,내원,내원,내원,내원,내원,
2545,연세송앤김내과의원,내원,,,내원,내원,내원,,,
2546,연세수피아산부인과의원,,,,,,,,내원,
2547,강플러스내과의원,내원,,,내원,내원,내원,내원,내원,
2548,송파다인치과의원,,,내원,,,,,,
2549,서울행복한치과의원,,,내원,,,,,,
2550,123치과교정과치과의원,,,내원,,,,,,
2551,하얀치과의원,,,내원,,,,,,
2552,스탠다드치과의원,,,내원,,,,,,
2553,연세바움치과의원,,,내원,,,,,,
2554,서울영플란트치과의원,,,내원,,,,,,
2555,미서울치과의원,,,내원,,,,,,
2556,"치과,더젠틀치과의원",,,내원,,,,,,
2557,바른사람치과의원,,,내원,,,,,,
2558,차오름치과의원,,,내원,,,,,,
2559,제이치과의원,,,내원,,,,,,
2560,치아엔치과의원,,,내원,,,,,,
2561,서울플러스치과의원,,,내원,,,,,,
2562,아이디문정치과의원,,,내원,,,,,,
2563,준앤미치과의원,,,내원,,,,,,
2564,연세새미치과교정과치과의원,,,내원,,,,,,
2565,스텔라치과의원,,,내원,,,,,,
2566,닥터지치과의원,,,내원,,,,,,
2567,더힐병원,내원,,,,,내원,,내원,
2568,연세라이프내과의원,내원,,,내원,내원,내원,내원,내원,
2569,닥터오즈여성의원,,,,,,,,내원,
2570,임기현소아청소년과의원,,내원,,,,,,,
2571,마천서울내과의원,내원,,,내원,내원,내원,내원,내원,
2572,하나산부인과의원,,,,,,,,내원,
2573,연세행복내과의원,내원,,,,,내원,,,
2574,튼튼소아청소년과의원,,내원,,,,,,,
2575,백상기백광현내과의원,내원,,,내원,내원,내원,내원,,
2576,연세헬리오산부인과의원,,,,,,,,내원,
2577,해와별소아청소년과의원,,내원,,,,,,,
2578,보들아이소아청소년과의원,,내원,,,,,,,
2579,연세샘유영상의학과의원,,,,,,,내원,,
2580,세온내과의원,내원,,,내원,내원,내원,내원,내원,
2581,드림권내과의원,내원,,,내원,내원,내원,내원,내원,
2582,연세리센츠산부인과의원,,,,,,,,내원,
2583,문정유외과의원,,,,,,,내원,,
2584,삼성포근한내과의원,내원,,,내원,내원,내원,,,
2585,송파서울산부인과의원,,,,,,,,내원,
2586,프리샤산부인과의원,,,,,,,,내원,
2587,윤선웅내과의원,내원,,,내원,내원,내원,,,
2588,드림365내과의원,내원,,,,,내원,,,
2589,하이엔소아청소년과의원,,내원,,,,,,,
2590,새봄여성의원,,,,,,,,내원,
2591,애플산부인과의원,,,,,,,,내원,
2592,잠실유외과의원,,,,,,,내원,,
2593,오늘하루치과의원,,,내원,,,,,,
2594,서울리오치과의원,,,내원,,,,,,
2595,서울테라치과의원,,,내원,,,,,,
2596,석촌호수치과의원,,,내원,,,,,,
2597,신촌연세병원,내원+출장,,,내원,내원,내원,내원,내원,
2598,연세한강병원,내원,,,,내원,내원,,,
2599,푸르메재단넥슨어린이재활병원,내원,내원,,,,,,,
2600,에스엠씨요양병원,내원,,,내원,내원,내원,,,
2601,이내과의원,내원,,,내원,내원,내원,,내원,
2602,박상수내과의원,내원,,,내원,,내원,,,
2603,이재일내과의원,내원,,,내원,,내원,,,
2604,안영옥산부인과의원,,,,,,,,내원,
2605,임선영산부인과의원,,,,,,,,내원,
2606,우리성모내과의원,내원,,,,내원,내원,,,
2607,서울본내과의원,내원,,,내원,내원,내원,내원,내원,
2608,신계원소아청소년과의원,,내원,,,,,,,
2609,이인화내과의원,내원,,,내원,내원,내원,내원,내원,
2610,양성우산부인과의원,,,,,,,,내원,
2611,신.홍산부인과의원,,,,,,,,내원,
2612,더튼튼소아청소년과의원,,내원,,,,,,,
2613,진오비산부인과의원,,,,,,,,내원,
2614,최호열내과의원,내원,,,내원,내원,내원,,,
2615,독일하트의원,내원,,,내원,내원,내원,내원,내원,
2616,양대원내과의원,내원,,,내원,내원,내원,내원,내원,
2617,연세석가정의학과의원,,내원,,,,,,,
2618,하나산부인과의원,,,,,,,,내원,
2619,신촌연세퀸산부인과의원,,,,,,,,내원,
2620,정다운소아청소년과의원,,내원,,,,,,,
2621,대한의료영상의학과의원,내원,,,,,내원,내원,,
2622,마포늘푸른의원,,내원,,,,,,,
2623,강가정의학과의원,내원,내원,,,,,,,
2624,최지원소아청소년과의원,,내원,,,,,,,
2625,내안애내과의원,내원,,,내원,내원,내원,내원,내원,
2626,네모치과병원,,,내원,,,,,,
2627,한그루치과병원,,,내원+출장,,,,,,
2628,신촌다인치과병원,,,내원,,,,,,
2629,예치과의원,,,내원,,,,,,
2630,이경수치과의원,,,내원,,,,,,
2631,연세하늘빛치과의원,,,내원,,,,,,
2632,서울디엠씨치과의원,,,내원,,,,,,
2633,일진치과의원,,,내원,,,,,,
2634,삼창치과의원,,,내원,,,,,,
2635,연세웨스턴치과의원,,,내원,,,,,,
2636,마포리빙웰치과의원,,,내원,,,,,,
2637,심재창치과의원,,,내원,,,,,,
2638,한울치과의원,,,내원,,,,,,
2639,서강박치과의원,,,내원+출장,,,,,,
2640,미서울치과의원,,,내원,,,,,,
2641,은혜치과의원,,,내원,,,,,,
2642,서울치과의원,,,내원,,,,,,
2643,서울준현치과의원,,,내원,,,,,,
2644,신수치과의원,,,내원,,,,,,
2645,허우교치과의원,,,내원,,,,,,
2646,상암하늘치과의원,,,내원,,,,,,
2647,합정치과의원,,,내원,,,,,,
2648,지윤섭치과의원,,,내원,,,,,,
2649,성치과의원,,,내원,,,,,,
2650,기세호치과의원,,,내원,,,,,,
2651,연세치과의원,,,내원,,,,,,
2652,한사랑치과의원,,,내원,,,,,,
2653,메이트치과의원,,,내원,,,,,,
2654,건치과의원,,,내원+출장,,,,,,
2655,민치과의원,,,내원,,,,,,
2656,브라이튼치과의원,,,내원,,,,,,
2657,양병근치과의원,,,내원,,,,,,
2658,아현연세치과의원,,,내원,,,,,,
2659,성산부부치과의원,,,내원,,,,,,
2660,예본치과의원,,,내원,,,,,,
2661,신용준치과의원,,,내원,,,,,,
2662,채림치과의원,,,내원,,,,,,
2663,디엠씨서울치과의원,,,내원,,,,,,
2664,연세라임치과의원,,,내원,,,,,,
2665,서왕연치과의원,,,내원,,,,,,
2666,김앤장치과의원,,,내원,,,,,,
2667,홍대미래치과의원,,,내원,,,,,,
2668,엠와이치과의원,,,내원,,,,,,
2669,신연세치과의원,,,내원,,,,,,
2670,누리꿈서울치과의원,,,내원,,,,,,
2671,크리스마스치과의원,,,내원,,,,,,
2672,모던치과의원,,,내원,,,,,,
2673,데시앙치과의원,,,내원,,,,,,
2674,연세행복치과의원,,,내원,,,,,,
2675,요셉치과의원,,,내원,,,,,,
2676,에버그린치과의원,,,내원,,,,,,
2677,연세조은치과의원,,,내원,,,,,,
2678,연세봄치과의원,,,내원,,,,,,
2679,자이베스트치과의원,,,내원,,,,,,
2680,휴플러스치과의원,,,내원,,,,,,
2681,연세안치과의원,,,내원,,,,,,
2682,연세수치과의원,,,내원,,,,,,
2683,서울리베뉴치과의원,,,내원,,,,,,
2684,아프지않은행복치과의원,,,내원,,,,,,
2685,서울연두치과의원,,,내원,,,,,,
2686,서울뿌리깊은치과의원,,,내원,,,,,,
2687,서울비전치과의원,,,내원+출장,,,,,,
2688,프라미스치과의원,,,내원,,,,,,
2689,어린왕자치과의원,,,내원,,,,,,
2690,서울앤플란트치과의원,,,내원,,,,,,
2691,경성길치과의원,,,내원,,,,,,
2692,디자인스타치과의원,,,내원,,,,,,
2693,정성가득수치과의원,,,내원,,,,,,
2694,밝은미소치과의원,,,내원,,,,,,
2695,지앤미치과의원,,,내원,,,,,,
2696,원치윤치과의원,,,내원,,,,,,
2697,연세우리아이치과의원,,,내원,,,,,,
2698,에이스치과의원,,,내원,,,,,,
2699,연세이안치과의원,,,내원,,,,,,
2700,사랑의두레치과의원,,,내원,,,,,,
2701,연세휴치과의원,,,내원,,,,,,
2702,바른정치과의원,,,내원,,,,,,
2703,서울이편한치과의원,,,내원,,,,,,
2704,연세가은치과의원,,,내원,,,,,,
2705,콧숨치과의원,,,내원,,,,,,
2706,서교탑치과의원,,,내원,,,,,,
2707,서울프리벤치과의원,,,내원,,,,,,
2708,조은이치과의원,,,내원,,,,,,
2709,마포사과나무치과의원,,,내원,,,,,,
2710,친절한임치과의원,,,내원,,,,,,
2711,신촌고운미소치과의원,,,내원,,,,,,
2712,서울예스치과의원,,,내원,,,,,,
2713,스마일치과의원,,,내원,,,,,,
2714,서울한결치과의원,,,내원,,,,,,
2715,이사랑치과의원,,,내원,,,,,,
2716,행복한치과의원,,,내원,,,,,,
2717,서울이안치과의원,,,내원,,,,,,
2718,연세하늘치과의원,,,내원,,,,,,
2719,상암지앤미치과의원,,,내원,,,,,,
2720,늘봄서울치과의원,,,내원,,,,,,
2721,연세메세나치과의원,,,내원,,,,,,
2722,서울미네르반치과의원,,,내원,,,,,,
2723,서울애플민트치과의원,,,내원,,,,,,
2724,슈어란트치과의원,,,내원,,,,,,
2725,푸른치과의원,,,내원,,,,,,
2726,삼성탑치과의원,,,내원,,,,,,
2727,스마일플란트치과의원,,,내원,,,,,,
2728,연세바른생각치과의원,,,내원,,,,,,
2729,서울탑치과의원,,,내원,,,,,,
2730,서강플러스치과의원,,,내원,,,,,,
2731,연세파미에치과의원,,,내원,,,,,,
2732,같은생각치과의원,,,내원,,,,,,
2733,365바른약속치과의원,,,내원,,,,,,
2734,서울상아치과의원,,,내원,,,,,,
2735,서울봄봄치과의원,,,내원,,,,,,
2736,시그니처스마일치과의원,,,내원,,,,,,
2737,서울새한치과의원,,,내원,,,,,,
2738,리틀스마일소아치과의원,,,내원,,,,,,
2739,연세통합치과의원,,,내원,,,,,,
2740,순정치과의원,,,내원,,,,,,
2741,서울망원치과의원,,,내원,,,,,,
2742,밤섬이치과의원,,,내원,,,,,,
2743,연세엘치과의원,,,내원,,,,,,
2744,자연치아살리기합정모아치과의원,,,내원,,,,,,
2745,준플란트치과의원,,,내원,,,,,,
2746,유디마포치과의원,,,내원,,,,,,
2747,서울에이프릴치과의원,,,내원,,,,,,
2748,박성호치과의원,,,내원,,,,,,
2749,하루치과의원,,,내원,,,,,,
2750,연세루아치과교정과의원,,,내원,,,,,,
2751,서울리브치과의원,,,내원,,,,,,
2752,키즈앤드림치과의원,,,내원,,,,,,
2753,하이치과의원,,,내원,,,,,,
2754,연세세브란스치과의원공덕점,,,내원,,,,,,
2755,악어새의정원치과의원,,,내원,,,,,,
2756,송치과의원,,,내원,,,,,,
2757,마포구보건소,,내원,내원,,,,,,
2758,혜당한방병원,내원,,,,,,,,
2759,김유정산부인과의원,,,,,,,,내원,
2760,한사랑의원,내원,내원,,내원,내원,내원,내원,내원,
2761,백신경외과의원,내원,,,,,내원,,,
2762,연세우리내과의원,내원,,,내원,내원,내원,내원,내원,
2763,서울안내과의원,내원,,,내원,내원,내원,,,
2764,박영준내과의원,내원,,,내원,내원,,,,
2765,고려가정의학과의원,,내원,,,,,,,
2766,꿈나무소아청소년과의원,,내원,,,,,,,
2767,우리가정의학과의원,,내원,,,,,,,
2768,영재소아청소년과의원,,내원,,,,,,,
2769,제일소아청소년과의원,,내원,,,,,,,
2770,상암고려가정의학과의원,내원,,,,내원,,,,
2771,기쁨내과의원,내원,,,내원,내원,내원,,,
2772,포근담산부인과의원,,,,,,,,내원,
2773,신촌티오피산부인과의원,,,,,,,,내원,
2774,염문선내과의원,내원,,,내원,내원,내원,내원,내원,
2775,튼튼사랑소아청소년과의원,,내원,,,,,,,
2776,움튼산부인과의원,,,,,,,,내원,
2777,미소퀸산부인과의원,,,,,,,,내원,
2778,리즈산부인과의원,,,,,,,,내원,
2779,연세나무소아청소년과의원,,내원,,,,,,,
2780,서울라헬여성의원,,,,,,,,내원,
2781,재단법인한국산업보건연구재단서울디엠씨건강의원,내원,,,내원,내원,내원,내원,내원,
2782,시민내과의원,내원,,,내원,내원,내원,,,
2783,닥터훈소아청소년과의원,,내원,,,,,,,
2784,공덕아산내과의원,내원,내원,,내원,내원,내원,내원,내원,
2785,누리꿈서울아산내과의원,내원,,,내원,내원,내원,내원,,
2786,마포의료복지사회적협동조합무지개의원,내원,내원,,내원,내원,,,,
2787,언니네영상의학과의원,,,,,,,내원,,
2788,서울메디케어의원,내원,,,내원,내원,내원,내원,내원,
2789,세린산부인과의원,,,,,,,,내원,
2790,조은영소아청소년과의원,,내원,,,,,,,
2791,건강한내과의원,내원,,,내원,내원,내원,내원,,
2792,우리동네내과의원,내원,내원,,내원,,내원,,,
2793,이화더블유산부인과의원,,,,,,,,내원,
2794,인앤인내과의원,내원,,,내원,내원,내원,내원,,
2795,제이랑여성의원,,,,,,,,내원,
2796,공덕365의원,내원,내원,,,,,,,
2797,다웰내과의원,내원,,,내원,내원,내원,내원,내원,
2798,애플산부인과의원,,,,,,,,내원,
2799,신촌바른내과의원,내원,,,내원,내원,내원,내원,내원,
2800,아마존여성의원,,,,,,,,내원,
2801,별소아청소년과의원,,내원,,,,,,,
2802,연세사랑산부인과의원,,,,,,,,내원,
2803,아산편한내과의원,내원,,,내원,내원,내원,내원,내원,
2804,루나여성의원,,,,,,,,내원,
2805,김도형내과의원,내원,,,내원,내원,내원,,,
2806,연세MY바른이치과의원,,,내원,,,,,,
2807,서울제니스치과의원,,,내원,,,,,,
2808,마포연세윤치과의원,,,내원,,,,,,
2809,오름치과의원,,,내원,,,,,,
2810,서울청춘치과의원,,,내원,,,,,,
2811,서울우리치과의원,,,내원,,,,,,
2812,해미소치과의원,,,내원,,,,,,
2813,일등치과의원,,,내원,,,,,,
2814,딜라이트치과의원,,,내원,,,,,,
2815,서울유펜치과의원,,,내원,,,,,,
2816,라이크치과의원,,,내원,,,,,,
2817,동행치과의원,,,내원,,,,,,
2818,서울김진철치과의원,,,내원,,,,,,
2819,앙쥬소아치과치과의원,,,내원,,,,,,
2820,고은이(e)플란트치과의원,,,내원,,,,,,
2821,마포리더스내과의원,내원,,,내원,내원,내원,내원,내원,
2822,연세소아청소년과의원,,내원,,,,,,,
2823,봄봄소아청소년과의원,,내원,,,,,,,
2824,허동식유외과의원,,,,,,,내원,,
2825,온리유외과의원,,,,,,,내원,,
2826,류수형쏙내과의원,내원,,,내원,내원,내원,,,
2827,도로시여성의원,,,,,,,,내원,
2828,성산위편한내과의원,내원,,,내원,내원,내원,내원,내원,
2829,율산부인과의원,,,,,,,,내원,
2830,아이키소아청소년과의원,,내원,,,,,,,
2831,맘스유외과의원,,,,,,,내원,,
2832,성산필내과의원,내원,,,내원,내원,내원,,,
2833,메디원영상의학과내과의원,내원,,,내원,내원,내원,내원,내원,
2834,연세다온산부인과의원,,,,,,,,내원,
2835,서울비전내과의원,내원+출장,,내원+출장,내원,내원,내원,내원,내원,
2836,봄날에민내과의원,내원,,,내원,내원,내원,내원,내원,
2837,연세보담내과의원,내원,,,내원,내원,내원,내원,내원,
2838,연세이로운치과보존과치과의원,,,내원,,,,,,
2839,강북삼성병원,내원+출장,,내원+출장,내원,내원,내원,내원,내원,내원
2840,서울적십자병원,내원,내원,내원,내원,내원,내원,내원,내원,내원
2841,세란병원,내원,,내원,내원,내원,내원,내원,내원,내원
2842,서울지구병원,내원,,내원,내원,내원,내원,,내원,
2843,의료법인하나로의료재단하나로의원,내원,,,내원,내원,내원,내원,내원,
2844,혜화영상의학과의원,내원,,,내원,내원,내원,내원,내원,
2845,삼성보스톤내과의원,내원,,,내원,내원,내원,내원,내원,
2846,(재)한국의학연구소한국중부의원,내원+출장,,,내원,내원,내원,내원,내원,
2847,한빛내과의원,내원,,,내원,내원,내원,,,
2848,미즈여성산부인과의원,,,,,,,,내원,
2849,소화연세소아청소년과의원,,내원,,,,,,,
2850,서울대학교치과병원,,,내원+출장,,,,,,
2851,김정우치과의원,,,내원,,,,,,
2852,성철제치과의원,,,내원,,,,,,
2853,정치과의원,,,내원,,,,,,
2854,송치과의원,,,내원,,,,,,
2855,하나로치과의원,,,내원,,,,,,
2856,로뎀치과의원,,,내원,,,,,,
2857,장갑성애플치과의원,,,내원,,,,,,
2858,최치원치과의원,,,내원,,,,,,
2859,연세김치과의원,,,내원,,,,,,
2860,바른이치과의원,,,내원,,,,,,
2861,박재찬치과의원,,,내원,,,,,,
2862,웅플란트치과의원,,,내원,,,,,,
2863,이플러스치과의원,,,내원,,,,,,
2864,지앤미치과의원,,,내원,,,,,,
2865,손윤희치과의원,,,내원,,,,,,
2866,동대문치과의원,,,내원,,,,,,
2867,고은이치과의원,,,내원,,,,,,
2868,조은치과의원,,,내원,,,,,,
2869,미플란트치과의원,,,내원,,,,,,
2870,세실치과의원,,,내원,,,,,,
2871,혜화수치과의원,,,내원,,,,,,
2872,연세이엔오치과의원,,,내원,,,,,,
2873,참좋은치과의원,,,내원,,,,,,
2874,연세자연치과의원,,,내원,,,,,,
2875,연세해맑은치과의원,,,내원,,,,,,
2876,이플란치과의원,,,내원,,,,,,
2877,인치과의원,,,내원,,,,,,
2878,서울예다운치과의원,,,내원,,,,,,
2879,광화문치과의원,,,내원,,,,,,
2880,오복플란트치과의원,,,내원,,,,,,
2881,서울리더스치과의원,,,내원,,,,,,
2882,입안에행복치과의원,,,내원,,,,,,
2883,평창다인치과의원,,,내원,,,,,,
2884,라파(Rapha)연세치과의원,,,내원,,,,,,
2885,연세고운미소치과의원,,,내원,,,,,,
2886,안국수치과의원,,,내원,,,,,,
2887,서울예안치과의원,,,내원,,,,,,
2888,하늘치과의원,,,내원,,,,,,
2889,사과나무치과의원,,,내원,,,,,,
2890,다인치과의원,,,내원,,,,,,
2891,이루미치과의원,,,내원,,,,,,
2892,기분좋은치과의원,,,내원,,,,,,
2893,이물비치과의료생활협동조합이물비치과의원,,,내원,,,,,,
2894,향기로운서울훈치과의원,,,내원,,,,,,
2895,서울봄빛치과의원,,,내원,,,,,,
2896,메이트치과의원,,,내원,,,,,,
2897,연세리치과의원,,,내원,,,,,,
2898,메이플치과의원,,,내원,,,,,,
2899,연세세브란스치과의원,,,내원,,,,,,
2900,서울사랑니치과의원,,,내원,,,,,,
2901,런던치과의원,,,내원,,,,,,
2902,서울바로치과의원,,,내원,,,,,,
2903,서울미유치과의원,,,내원,,,,,,
2904,광화문더블유치과의원,,,내원,,,,,,
2905,광화문연세치과의원,,,내원,,,,,,
2906,종로30분치과의원,,,내원,,,,,,
2907,장주혜치과의원,,,내원,,,,,,
2908,종로본치과의원,,,내원,,,,,,
2909,서울언제나치과의원,,,내원,,,,,,
2910,연세턱별한구강내과치과의원,,,내원,,,,,,
2911,서울새봄플란트치과의원,,,내원,,,,,,
2912,지인내과의원,내원,,,내원,내원,내원,내원,내원,
2913,연세우리소아과의원,,내원,,,,,,,
2914,한빛산부인과의원,,,,,,,,내원,
2915,강북서울외과의원,내원,,,내원,내원,내원,내원,내원,
2916,메디홈가정의학과의원,내원,,,내원,,내원,,,
2917,로앤산부인과의원,,,,,,,,내원,
2918,리즈산부인과의원,,,,,,,,내원,
2919,광화문헬스케어의원,내원,,,,,,,,
2920,곽내과의원,내원,,,,,내원,,,
2921,의료법인해정의료재단해정의원,내원,,,내원,내원,내원,내원,,
2922,대학로메리힐산부인과의원,,,,,,,,내원,
2923,정재원더블유(W)산부인과의원,,,,,,,,내원,
2924,삼성바른내과의원,내원,,,내원,내원,내원,내원,,
2925,김패밀리의원,내원,,,,,내원,,,
2926,튼튼내과의원,내원,,,내원,내원,내원,내원,내원,
2927,연세소아청소년과의원,,내원,,,,,,,
2928,참다운내과의원,내원,,,내원,내원,내원,내원,내원,
2929,새희망내과의원,내원,,,내원,내원,내원,,,
2930,연세로의료의원,내원,,,내원,내원,내원,,,
2931,한송이산부인과의원,,,,,,,,내원,
2932,삼성튼튼소아청소년과의원,,내원,,,,,,,
2933,스템스치과의원,,,내원,,,,,,
2934,종로밀레니엄치과의원,,,내원,,,,,,
2935,연세정인치과의원,,,내원,,,,,,
2936,강한치과의원,,,내원,,,,,,
2937,365서울치과의원,,,내원,,,,,,
2938,미유치과의원,,,내원,,,,,,
2939,신세계치과의원,,,내원,,,,,,
2940,서울본치과의원,,,내원,,,,,,
2941,연세마이덴치과의원,,,내원,,,,,,
2942,서울새린치과의원,,,내원,,,,,,
2943,평화로운치과의원,,,내원,,,,,,
2944,정안산부인과의원,,,,,,,,내원,
2945,연세조이산부인과의원,,,,,,,,내원,
2946,아이비여성의원,,,,,,,,내원,
2947,서울삼성내과의원,내원,,,내원,내원,내원,,,
2948,위드산부인과의원,,,,,,,,내원,
2949,푸른나무내과의원,내원,,,내원,내원,내원,,,
2950,연세유세브란스치과의원,,,내원,,,,,,
2951,순천향대학교부속서울병원,내원+출장,,내원,내원,내원,내원,내원,내원,
2952,금강아산병원(재단법인아산사회복지재단),내원+출장,,,내원,내원,내원,내원,내원,
2953,신경란의원,,내원,,,,,,,
2954,박소아과의원,,내원,,,,,,,
2955,명소아과의원,,내원,,,,,,,
2956,우리가정의원,내원,,,내원,,내원,,,
2957,최내과의원,내원,,,내원,내원,내원,,내원,
2958,연소아과의원,,내원,,,,,,,
2959,차내과의원,내원,,,내원,내원,내원,내원,,
2960,정소아과의원,,내원,,,,,,,
2961,서소아청소년과의원,,내원,,,,,,,
2962,연세산부인과의원,,,,,,,내원,내원,
2963,한빛의원,내원,,,내원,,내원,,,
2964,김내과의원,내원,,,내원,내원,내원,내원,내원,
2965,김도현소아청소년과의원,,내원,,,,,,,
2966,원효산부인과의원,,,,,,,,내원,
2967,연세중앙내과의원,내원,,,내원,내원,내원,,,
2968,김형석소아과의원,,내원,,,,,,,
2969,허스템의원,,,,,,,,내원,
2970,명내과의원,내원,,,,,내원,,,
2971,우리소아청소년과의원,,내원,,,,,,,
2972,한빛내과의원,내원,,,내원,내원,내원,내원,내원,
2973,이민재의원,,내원,,,,,,,
2974,이병윤치과의원,,,내원,,,,,,
2975,한치과의원,,,내원,,,,,,
2976,내이치과의원,,,내원,,,,,,
2977,김영주치과의원,,,내원,,,,,,
2978,이삭치과의원,,,내원,,,,,,
2979,이창우치과의원,,,내원,,,,,,
2980,연세치과의원,,,내원,,,,,,
2981,세명치과의원,,,내원,,,,,,
2982,박영진치과의원,,,내원,,,,,,
2983,더연세치과의원,,,내원,,,,,,
2984,한마음치과의원,,,내원,,,,,,
2985,대원치과의원,,,내원,,,,,,
2986,후암연세치과의원,,,내원,,,,,,
2987,청파치과의원,,,내원,,,,,,
2988,연세미소치과의원,,,내원,,,,,,
2989,세란치과의원,,,내원,,,,,,
2990,원효연세치과의원,,,내원,,,,,,
2991,연치과의원,,,내원,,,,,,
2992,윤치과의원,,,내원,,,,,,
2993,키즈앤쥬니어치과의원,,,내원,,,,,,
2994,세라세진치과의원,,,내원,,,,,,
2995,연세휴치과보철과치과의원,,,내원,,,,,,
2996,최석진치과의원,,,내원,,,,,,
2997,굿모닝치과의원,,,내원,,,,,,
2998,한&진서울치과의원,,,내원,,,,,,
2999,유디남영치과의원,,,내원,,,,,,
3000,랜드엘치과의원,,,내원,,,,,,
3001,서울역예치과의원,,,내원,,,,,,
3002,연세행복치과의원,,,내원,,,,,,
3003,나비드치과의원,,,내원,,,,,,
3004,연세휴치과의원,,,내원,,,,,,
3005,엠치과의원,,,내원,,,,,,
3006,보스톤치과의원,,,내원,,,,,,
3007,서울이노치과의원,,,내원,,,,,,
3008,연세밝은미소치과의원,,,내원,,,,,,
3009,브라이트치과의원,,,내원,,,,,,
3010,신용산더블유치과의원,,,내원,,,,,,
3011,해밀턴치과의원,,,내원,,,,,,
3012,닥터오르치과의원,,,내원,,,,,,
3013,래안치과의원,,,내원,,,,,,
3014,용문웰치과의원,,,내원,,,,,,
3015,시카고치과의원,,,내원,,,,,,
3016,글로벌치과의원,,,내원,,,,,,
3017,효창치과의원,,,내원,,,,,,
3018,서울유엔치과의원,,,내원,,,,,,
3019,서울이촌치과의원,,,내원,,,,,,
3020,인터서울치과의원,,,내원,,,,,,
3021,서울휴치과의원,,,내원,,,,,,
3022,튼튼한치과의원,,,내원,,,,,,
3023,연세리더스치과의원,,,내원,,,,,,
3024,서울하우치과의원,,,내원,,,,,,
3025,함께하는치과의원,,,내원,,,,,,
3026,용산원치과의원,,,내원,,,,,,
3027,조은플란트치과의원,,,내원,,,,,,
3028,우리모두들치과의원,,,내원,,,,,,
3029,서울일미치과의원,,,내원,,,,,,
3030,김성진치과의원,,,내원,,,,,,
3031,샘치과의원,,,내원,,,,,,
3032,써밋치과의원,,,내원,,,,,,
3033,서울삼성내과의원,내원,,,내원,내원,내원,내원,내원,
3034,김승욱내과의원,내원,,,내원,내원,내원,,,
3035,혜광의원,내원,,,,,,,,
3036,아이파크몰의원,내원,,,내원,내원,내원,,내원,
3037,트리니티내과의원,내원,,,내원,내원,내원,,,
3038,봄산부인과의원,,,,,,,,내원,
3039,연세세림내과의원,내원,,,내원,내원,내원,내원,내원,
3040,대한민국의원,내원,,,내원,내원,내원,내원,내원,
3041,서울류마내과의원,내원,,,,,,,,
3042,하모니여성의원,,,,,,,,내원,
3043,우리동네소아청소년과의원,,내원,,,,,,,
3044,다이아산부인과의원,,,,,,,,내원,
3045,위(WE)공감내과의원,내원,,,내원,내원,내원,내원,내원,
3046,홈스피탈내과의원,내원,,,내원,,내원,,,
3047,용산더힐내과의원,내원,,,내원,내원,내원,,내원,
3048,서울준치과의원,,,내원,,,,,,
3049,참좋은치과의원,,,내원,,,,,,
3050,서울미소치과의원,,,내원,,,,,,
3051,연세바른생각치과의원,,,내원,,,,,,
3052,서울엠치과의원,,,내원,,,,,,
3053,더행복한치과의원,,,내원,,,,,,
3054,닥터고치과의원,,,내원,,,,,,
3055,더블유스타일치과의원,,,내원,,,,,,
3056,용산성모내과의원,내원,,,내원,내원,내원,내원,,
3057,채움산부인과의원,,,,,,,,내원,
3058,서울영재의원,,내원,,,,,,,
3059,닥터효내과의원,내원,,,내원,내원,내원,,,
3060,서울효창의원,,내원,,,,,,,
3061,의료법인소화의원,내원,내원,,내원,내원,내원,내원,내원,
3062,트레이스산부인과의원,,,,,,,,내원,
3063,한양대학교병원,내원+출장,내원,내원+출장,내원,내원,내원,내원,내원,내원
3064,재단법인베스티안재단베스티안서울병원,내원,,,내원,내원,내원,내원,내원,
3065,학교법인대진교육재단제인병원,내원+출장,,내원,,,,,,
3066,연세슬기병원,내원,,,내원,내원,내원,,내원,
3067,9988병원,내원,,,내원,내원,내원,,,
3068,참사랑소아과의원,,내원,,,,,,,
3069,박산부인과의원,,,,,,,,내원,
3070,강내과의원,내원,,,내원,,내원,,,
3071,박내과의원,내원,,,내원,내원,내원,내원,내원,
3072,신호균모두드림내과의원,내원,,,내원,내원,내원,내원,내원,
3073,한승룡소아청소년과의원,,내원,,,,,,,
3074,안희정소아과의원,,내원,,,,,,,
3075,정희수산부인과의원,,,,,,,,내원,
3076,재단법인씨젠의료재단씨젠의원,내원,,,,,,,,
3077,행복한여성의원,,,,,,,,내원,
3078,평화의원,내원,,,내원,내원,내원,,내원,
3079,아이들소아청소년과의원,,내원,,,,,,,
3080,박소아과의원,,내원,,,,,,,
3081,자애산부인과의원,,,,,,,,내원,
3082,연합의원,내원,,,내원,내원,내원,,내원,
3083,현대서울의원,내원,,,내원,내원,내원,내원,내원,
3084,서울중앙의원,내원,내원,,,,,,,
3085,권교선내과의원,내원,,,내원,,내원,,,
3086,닥터홍가정의학과의원,,내원,,,,,,,
3087,최영인소아청소년과의원,,내원,,,,,,,
3088,이혜경산부인과의원,,,,,,,,내원,
3089,양의원,내원,,,내원,내원,내원,,,
3090,아이편한소아청소년과의원,,내원,,,,,,,
3091,행복한내과의원,내원,,,,내원,,,내원,
3092,서울신경외과의원,내원,,,,,,,,
3093,강소아청소년과의원,,내원,,,,,,,
3094,서울특별시장애인치과병원,,,내원+출장,,,,,,
3095,정치과의원,,,내원,,,,,,
3096,최치과의원,,,내원,,,,,,
3097,박희찬치과의원,,,내원,,,,,,
3098,이병준치과의원,,,내원,,,,,,
3099,유치과의원,,,내원,,,,,,
3100,신한철치과의원,,,내원,,,,,,
3101,예일치과의원,,,내원,,,,,,
3102,그린치과의원,,,내원,,,,,,
3103,유하균치과의원,,,내원,,,,,,
3104,안병석치과의원,,,내원,,,,,,
3105,서이치과의원,,,내원,,,,,,
3106,미사랑치과의원,,,내원,,,,,,
3107,손치과의원,,,내원,,,,,,
3108,형치과의원,,,내원,,,,,,
3109,호림치과의원,,,내원,,,,,,
3110,강치과의원,,,내원,,,,,,
3111,유노치과의원,,,내원,,,,,,
3112,사운드치과의원,,,내원,,,,,,
3113,씨엔에스치과의원,,,내원,,,,,,
3114,서울빛치과의원,,,내원,,,,,,
3115,스마일치과의원,,,내원,,,,,,
3116,행당서울치과의원,,,내원,,,,,,
3117,라치과의원,,,내원,,,,,,
3118,태양치과의원,,,내원,,,,,,
3119,모든이치과의원,,,내원,,,,,,
3120,치아사랑치과의원,,,내원,,,,,,
3121,고운미소치과의원,,,내원,,,,,,
3122,우리아이치과의원,,,내원,,,,,,
3123,맨하탄치과의원,,,내원,,,,,,
3124,이현치과의원,,,내원,,,,,,
3125,성수연세치과의원,,,내원,,,,,,
3126,와인치과의원,,,내원,,,,,,
3127,독일윤치과의원,,,내원,,,,,,
3128,이편한무학치과의원,,,내원,,,,,,
3129,장미치과의원,,,내원,,,,,,
3130,웰치과의원,,,내원,,,,,,
3131,미플랜치과의원,,,내원,,,,,,
3132,올치과의원,,,내원,,,,,,
3133,국윤아한마음부부치과의원,,,내원,,,,,,
3134,와이즈치과의원,,,내원,,,,,,
3135,연세글로리치과의원,,,내원,,,,,,
3136,미소가득치과의원,,,내원,,,,,,
3137,서울숲맑은치과의원,,,내원,,,,,,
3138,신성치과의원,,,내원,,,,,,
3139,이스마일치과의원,,,내원,,,,,,
3140,서울열린치과의원,,,내원,,,,,,
3141,연세현Jr(주니어)치과의원,,,내원,,,,,,
3142,미래치과의원,,,내원,,,,,,
3143,열린미소치과의원,,,내원,,,,,,
3144,나음치과의원,,,내원,,,,,,
3145,연세미소담은치과의원,,,내원,,,,,,
3146,서울민트치과의원,,,내원,,,,,,
3147,행복한치과의원,,,내원,,,,,,
3148,리체부부치과의원,,,내원,,,,,,
3149,이가편한치과의원,,,내원,,,,,,
3150,연세탑치과의원,,,내원,,,,,,
3151,에스보스톤치과교정과치과의원,,,내원,,,,,,
3152,유노부부치과의원,,,내원,,,,,,
3153,이안치과의원,,,내원,,,,,,
3154,스타키즈치과의원,,,내원,,,,,,
3155,서울하이안치과의원,,,내원,,,,,,
3156,우리치과의원,,,내원,,,,,,
3157,독일웰치과의원,,,내원,,,,,,
3158,연세서울숲치과의원,,,내원+출장,,,,,,
3159,건강한의료복지사회적협동조합건강한마을치과의원,,,내원,,,,,,
3160,고치과의원,,,내원,,,,,,
3161,강남365치과의원,,,내원,,,,,,
3162,서울스마트치과의원,,,내원,,,,,,
3163,서울라이프치과의원,,,내원,,,,,,
3164,바른치과의원,,,내원,,,,,,
3165,더(The)열린치과의원,,,내원,,,,,,
3166,찬란한미소치과교정과치과의원,,,내원,,,,,,
3167,이안행복치과의원,,,내원,,,,,,
3168,루나치과보존과치과의원,,,내원,,,,,,
3169,포레치과의원,,,내원,,,,,,
3170,서울유치과교정과치과의원,,,내원,,,,,,
3171,서울큰나무치과의원,,,내원,,,,,,
3172,서울디테일치과의원,,,내원,,,,,,
3173,아티스치과의원,,,내원,,,,,,
3174,금호정든치과의원,,,내원,,,,,,
3175,연세리버힐치과의원,,,내원,,,,,,
3176,서울보스톤치과의원,,,내원,,,,,,
3177,연세더좋은플란트치과의원,,,내원,,,,,,
3178,연세바롬치과보존과치과의원,,,내원,,,,,,
3179,연세유앤외과의원,,,,,,,내원,,
3180,연세내과의원,내원,,,,,내원,,,
3181,수이비인후과의원,,내원,,,,,,,
3182,에이플러스(A+)산부인과의원,,,,,,,,내원,
3183,행당외과영상의학과의원,내원,,,내원,내원,내원,내원,내원,
3184,마장내과의원,내원,,,내원,내원,내원,,내원,
3185,1삼성탑의원,내원,,,내원,내원,내원,내원,내원,
3186,김차현내과의원,내원,,,내원,,내원,,,
3187,힘내라내과의원,내원,,,내원,내원,내원,내원,,
3188,제이에스(JS)항외과의원,내원,,,내원,내원,내원,,,
3189,삼성키즈소아청소년과의원,,내원,,,,,,,
3190,미래연세내과의원,내원,,,내원,,내원,내원,내원,
3191,아산키즈소아청소년과의원,,내원,,,,,,,
3192,장인내과의원,내원,,,내원,내원,내원,내원,내원,
3193,사랑아이소아청소년과의원,,내원,,,,,,,
3194,조창현내과의원,내원,내원,,내원,내원,내원,내원,내원,
3195,삼성키즈아이(I)소아청소년과의원,,내원,,,,,,,
3196,삼성드림소아청소년과의원,,내원,,,,,,,
3197,단비소아청소년과의원,,내원,,,,,,,
3198,애플산부인과의원,,,,,,,,내원,
3199,엘소아청소년과의원,,내원,,,,,,,
3200,우리좋은내과의원,내원,,,내원,내원,내원,,,
3201,더편한내과의원,내원,,,내원,내원,내원,내원,,
3202,꿈나무소아청소년과의원,,내원,,,,,,,
3203,도담가정의학과의원,,내원,,,,,,,
3204,연세드림소아청소년과의원,,내원,,,,,,,
3205,은준영내과의원,내원,,,내원,내원,내원,내원,내원,
3206,청포도내과예방의학과의원,내원,,,내원,내원,내원,내원,내원,
3207,삼성제이여성의원,,,,,,,,내원,
3208,김태희소아청소년과의원,,내원,,,,,,,
3209,서울숲내과의원,내원,,,내원,내원,,,,
3210,유니스산부인과의원,,,,,,,,내원,
3211,박정환내과의원,내원,,,내원,내원,내원,,내원,
3212,라임치과의원,,,내원,,,,,,
3213,이튼주니어치과의원,,,내원,,,,,,
3214,에이(A)플란트치과의원,,,내원,,,,,,
3215,센트라스치과의원,,,내원,,,,,,
3216,연세고마운치과의원,,,내원+출장,,,,,,
3217,튼튼이소아치과의원,,,내원,,,,,,
3218,소울치과의원,,,내원,,,,,,
3219,서울공감치과의원,,,내원,,,,,,
3220,뚝섬힐링치과의원,,,내원,,,,,,
3221,이진소아청소년과의원,,내원,,,,,,,
3222,금호퍼스트내과의원,내원,,,내원,내원,내원,내원,내원,
3223,센트라스산부인과의원,,,,,,,,내원,
3224,연세더블유산부인과의원,,,,,,,,내원,
3225,서울으뜸내과의원,내원,,,내원,내원,내원,내원,내원,
3226,루미산부인과의원,,,,,,,,내원,
3227,금호누리내과의원,내원,,,내원,내원,내원,내원,내원,
3228,서울당신의내과의원,내원,,,내원,내원,내원,내원,내원,
3229,피어라산부인과의원,,,,,,,,내원,
3230,금호퀸산부인과의원,,,,,,,,내원,
3231,의료법인녹십자의료재단녹십자아이메드서울숲의원,내원,,,내원,내원,내원,내원,내원,
3232,와이키즈소아청소년과의원,,내원,,,,,,,
3233,의료법인풍산의료재단동부제일병원,내원,,,내원,내원,내원,내원,내원,내원
3234,녹색병원,내원,내원,,내원,내원,내원,내원,내원,내원
3235,서울특별시서울의료원,내원,,내원,내원,내원,내원,내원,내원,
3236,강북21세기병원,내원,,,내원,내원,내원,내원,내원,
3237,팔팔병원,내원,,,내원,내원,내원,,,
3238,조앤조병원,내원,,,내원,내원,내원,내원,내원,
3239,서울라본병원,내원,,,내원,내원,내원,,,
3240,늘찬병원,내원,,,내원,내원,내원,내원,내원,
3241,마디세상병원,내원,,,내원,내원,내원,,,
3242,연세산돌병원,내원,,,내원,내원,내원,내원,내원,
3243,태능제일의원,내원,내원,,,,,,,
3244,이상윤의원,,내원,,,,,,,
3245,유정옥산부인과의원,,,,,,,,내원,
3246,장스소아청소년과의원,,내원,,,,,,,
3247,혜림소아청소년과의원,,내원,,,,,,,
3248,정영희산부인과의원,,,,,,,,내원,
3249,동부외과의원,내원,,,,,내원,,,
3250,서울메디칼연합의원,,내원,,,,,,,
3251,진경환내과의원,내원,,,내원,내원,내원,내원,내원,
3252,장스내과의원,내원,,,내원,내원,내원,내원,,
3253,LBO의원,내원,,,내원,내원,내원,내원,내원,
3254,건강한성심의원,내원,,,내원,내원,내원,내원,내원,
3255,전호춘내과의원,내원,,,내원,,내원,,,
3256,신누가의원,내원,,,내원,내원,내원,,내원,
3257,현엠앤엠소아청소년과의원,,내원,,,,,,,
3258,이만길내과의원,내원,,,,,내원,,,
3259,조성윤소아청소년과의원,,내원,,,,,,,
3260,이미경소아청소년과의원,,내원,,,,,,,
3261,1신건우이비인후과의원,,내원,,,,,,,
3262,참좋은의원,,내원,,,,,,,
3263,신내성모정형외과의원,내원,,,,,,,,
3264,소원산부인과의원,,,,,,,,내원,
3265,박철호내과의원,내원,,,내원,내원,내원,,,
3266,최내과의원,,내원,,,,,,,
3267,김지혜소아청소년과의원,,내원,,,,,,,
3268,수아산부인과의원,,,,,,,,내원,
3269,삼성속편한내과의원,내원,,,내원,내원,내원,내원,내원,
3270,동부중앙의원,내원,,,내원,,,,,
3271,양수연소아청소년과의원,,내원,,,,,,,
3272,건항외과의원,내원,,,,내원,,,,
3273,우리소아청소년과의원,,내원,,,,,,,
3274,신필진소아청소년과의원,,내원,,,,,,,
3275,이희수소아청소년과의원,,내원,,,,,,,
3276,이경희산부인과의원,,,,,,,,내원,
3277,편안한내과의원,내원,,,내원,내원,내원,,,
3278,호기영치과의원,,,내원,,,,,,
3279,태광치과의원,,,내원,,,,,,
3280,호산치과의원,,,내원,,,,,,
3281,김세일치과의원,,,내원,,,,,,
3282,신연세치과의원,,,내원,,,,,,
3283,박성택치과의원,,,내원,,,,,,
3284,우성치과의원,,,내원,,,,,,
3285,김현규치과의원,,,내원,,,,,,
3286,미선부부치과의원,,,내원,,,,,,
3287,허훈치과의원,,,내원,,,,,,
3288,다솜치과의원,,,내원,,,,,,
3289,정현구치과의원,,,내원,,,,,,
3290,동산치과의원,,,내원,,,,,,
3291,단아치과의원,,,내원,,,,,,
3292,폴라리스박치과의원,,,내원,,,,,,
3293,LBO산치과의원,,,내원,,,,,,
3294,본치과의원,,,내원,,,,,,
3295,연세치과의원,,,내원,,,,,,
3296,김정환치과의원,,,내원,,,,,,
3297,행복한치과의원,,,내원,,,,,,
3298,석치과의원,,,내원,,,,,,
3299,권치과의원,,,내원,,,,,,
3300,금란치과의원,,,내원,,,,,,
3301,서울치과의원,,,내원,,,,,,
3302,닥터하엘치과의원,,,내원,,,,,,
3303,청치과의원,,,내원,,,,,,
3304,우림치과의원,,,내원,,,,,,
3305,이안치과의원,,,내원,,,,,,
3306,굿모닝치과의원,,,내원,,,,,,
3307,서영주치과의원,,,내원,,,,,,
3308,e-편한치과의원,,,내원,,,,,,
3309,서울탑치과의원,,,내원,,,,,,
3310,자연미치과의원,,,내원+출장,,,,,,
3311,은혜치과의원,,,내원,,,,,,
3312,미소사랑치과의원,,,내원,,,,,,
3313,연세밝은아이치과의원,,,내원,,,,,,
3314,연세좋은치과의원,,,내원,,,,,,
3315,이홍규치과의원,,,내원,,,,,,
3316,신내부부치과의원,,,내원,,,,,,
3317,예인치과의원,,,내원,,,,,,
3318,예스치과의원,,,내원,,,,,,
3319,크리덴트치과의원,,,내원,,,,,,
3320,이사랑치과의원,,,내원,,,,,,
3321,제일치과의원,,,내원,,,,,,
3322,녹색치과의원,,,내원,,,,,,
3323,호치과의원,,,내원,,,,,,
3324,화이트e치과의원,,,내원,,,,,,
3325,나비드치과의원,,,내원+출장,,,,,,
3326,그린비치과의원,,,내원,,,,,,
3327,우리들치과의원,,,내원,,,,,,
3328,이존치과의원,,,내원,,,,,,
3329,서울조은치과의원,,,내원,,,,,,
3330,리더스치과의원,,,내원,,,,,,
3331,서울플러스치과의원,,,내원,,,,,,
3332,밝은명치과의원,,,내원,,,,,,
3333,강북편한치과의원,,,내원,,,,,,
3334,미플란트치과의원,,,내원,,,,,,
3335,미드미치과의원,,,내원,,,,,,
3336,정다운임치과의원,,,내원,,,,,,
3337,로하스치과의원,,,내원,,,,,,
3338,오늘치과의원,,,내원,,,,,,
3339,시카고웰빙치과의원,,,내원,,,,,,
3340,서울열린치과의원,,,내원,,,,,,
3341,예이랑치과교정과치과의원,,,내원,,,,,,
3342,서울닥터우치과의원,,,내원,,,,,,
3343,나우치과의원,,,내원,,,,,,
3344,서울엠플러스치과의원,,,내원,,,,,,
3345,엘에이치과의원,,,내원,,,,,,
3346,UC성심치과의원,,,내원,,,,,,
3347,연세림치과의원,,,내원,,,,,,
3348,서울미소치과의원,,,내원,,,,,,
3349,서울찬치과의원,,,내원,,,,,,
3350,서울플란트치과의원,,,내원,,,,,,
3351,유디치과의원,,,내원,,,,,,
3352,보스톤킹치과의원,,,내원,,,,,,
3353,아름드리치과의원,,,내원,,,,,,
3354,서울에셀치과의원,,,내원,,,,,,
3355,서울갤러리치과의원,,,내원,,,,,,
3356,연세다정치과의원,,,내원,,,,,,
3357,동네치과의원,,,내원,,,,,,
3358,미플러스치과의원,,,내원,,,,,,
3359,서울모두치과의원,,,내원,,,,,,
3360,서울민트치과의원,,,내원,,,,,,
3361,이삭치과의원,,,내원,,,,,,
3362,서울본치과의원,,,내원,,,,,,
3363,지티치과의원,,,내원,,,,,,
3364,인치과의원,,,내원,,,,,,
3365,서울위드치과의원,,,내원,,,,,,
3366,서울센트럴치과의원,,,내원,,,,,,
3367,행복미소치과의원,,,내원,,,,,,
3368,중화다인치과의원,,,내원,,,,,,
3369,로덴치과의원,,,내원,,,,,,
3370,바른정성치과의원,,,내원,,,,,,
3371,서울감동치과의원,,,내원,,,,,,
3372,서울공감치과의원,,,내원,,,,,,
3373,서울홍치과의원,,,내원,,,,,,
3374,바른플란트치과의원,,,내원,,,,,,
3375,지안치과의원,,,내원,,,,,,
3376,채움치과의원,,,내원,,,,,,
3377,서울튼튼치과의원,,,내원,,,,,,
3378,브랜뉴치과의원,,,내원,,,,,,
3379,서울더스마일치과의원,,,내원,,,,,,
3380,닥터굿플란트치과의원,,,내원,,,,,,
3381,친절한서치과의원,,,내원,,,,,,
3382,연세더베스트치과의원,,,내원,,,,,,
3383,미유치과의원,,,내원,,,,,,
3384,선한미소치과의원,,,내원,,,,,,
3385,글로리치과교정과치과의원,,,내원,,,,,,
3386,서울일등치과의원,,,내원,,,,,,
3387,굿모닝뉴욕치과의원,,,내원,,,,,,
3388,연세위드치과의원,,,내원,,,,,,
3389,동부드림치과의원,,,내원,,,,,,
3390,골드치과의원,,,내원,,,,,,
3391,더바른치과의원,,,내원,,,,,,
3392,바른DK치과의원,,,내원,,,,,,
3393,바른정치과의원,,,내원,,,,,,
3394,중랑퍼스트치과의원,,,내원,,,,,,
3395,연세처음치과의원,,,내원,,,,,,
3396,이튼튼치과의원,,,내원,,,,,,
3397,김효정소아과의원,,내원,,,,,,,
3398,미래신경과의원,내원,,,내원,내원,,,,
3399,윤혜정산부인과의원,,,,,,,,내원,
3400,서울우리들내과의원,내원,,,내원,내원,내원,내원,내원,
3401,서울내과의원,내원,,,내원,내원,내원,내원,내원,
3402,정진내과의원,내원,,,내원,내원,내원,,,
3403,소망연합의원,내원,,,,,내원,,,
3404,덕제내과의원,내원,내원,,내원,내원,내원,내원,내원,
3405,속편안내과의원,내원,,,내원,내원,내원,,,
3406,서울삼성수가정의학과의원,내원,내원,,내원,내원,내원,내원,내원,
3407,서울아산내과의원,내원,,,내원,내원,내원,내원,내원,
3408,키즈웰소아청소년과의원,,내원,,,,,,,
3409,왕소아과의원,,내원,,,,,,,
3410,엔트리의원,내원,,,내원,내원,내원,내원,내원,
3411,메디렌느산부인과의원,,,,,,,,내원,
3412,박용현내과의원,내원,,,내원,내원,내원,,,
3413,아산센트럴의원,내원,내원,,내원,내원,내원,,,
3414,성모내과의원,내원,,,내원,내원,내원,,,
3415,신우내과의원,내원,,,내원,내원,내원,내원,내원,
3416,최진우내과의원,내원,,,내원,내원,,,,
3417,참빛소아청소년과의원,,내원,,,,,,,
3418,해아이비인후과의원,,내원,,,,,,,
3419,엠코소아청소년과의원,,내원,,,,,,,
3420,서울굿모닝내과의원,내원,,,내원,내원,내원,내원,내원,
3421,좋은서울의원,,내원,,,,,,,
3422,열린가족의원,내원,,,,,,,,
3423,우리들연세내과의원,내원,,,내원,내원,내원,,,
3424,정다운내과의원,내원,,,내원,내원,내원,,내원,
3425,프라임성모내과의원,내원,,,내원,내원,내원,내원,내원,
3426,늘편한내과의원,내원,,,내원,내원,내원,내원,내원,
3427,플러스내과의원,내원,,,내원,내원,내원,내원,내원,
3428,유앤장내과의원,내원,,,내원,내원,내원,내원,,
3429,강북제일내과의원,내원,,,내원,내원,내원,내원,내원,
3430,바로이비인후과의원,,내원,,,,,,,
3431,연세미&진치과의원,,,내원,,,,,,
3432,사람사랑치과의원,,,내원,,,,,,
3433,김종현치과의원,,,내원,,,,,,
3434,서울굿모닝치과의원,,,내원,,,,,,
3435,서울유노치과의원,,,내원,,,,,,
3436,서울행복치과의원,,,내원,,,,,,
3437,고마운치과의원,,,내원,,,,,,
3438,연세그린치과의원,,,내원,,,,,,
3439,세란치과의원,,,내원,,,,,,
3440,아름미소치과의원,,,내원,,,,,,
3441,서울미듬직치과의원,,,내원,,,,,,
3442,다온치과의원,,,내원,,,,,,
3443,바른선택치과의원,,,내원,,,,,,
3444,장스여성병원,,,,,,,,내원,
3445,슬기로운산부인과의원,,,,,,,,내원,
3446,모연산부인과의원,,,,,,,,내원,
3447,홍이내과의원,내원,,,내원,내원,내원,내원,내원,
3448,라온소아청소년과의원,,내원,,,,,,,
3449,먹골본내과의원,내원,,,내원,내원,내원,내원,내원,
3450,면목다솔내과의원,내원,,,내원,내원,내원,내원,내원,
3451,중랑연세내과의원,내원,,,내원,내원,내원,,,
3452,더편한내과의원,내원,,,내원,내원,내원,내원,내원,
3453,연세숲내과의원,내원,,,,,,,,
3454,면목연세석내과의원,내원,,,,,내원,,,
3455,늘찬의원,내원,,,내원,내원,내원,내원,내원,
3456,의료법인성화의료재단대한병원,내원+출장,,,내원,내원,내원,내원,내원,
3457,서울현대병원,내원+출장,,,내원,내원,내원,내원,내원,
3458,국립재활원,내원,,내원,내원,,,내원,내원,
3459,신일병원,내원,,,내원,내원,내원,내원,내원,
3460,햇빛병원,내원,내원,,내원,내원,내원,내원,내원,
3461,민병원,내원,,,내원,내원,내원,내원,내원,
3462,강북으뜸병원,내원,,,내원,내원,내원,내원,내원,
3463,서울유병원,내원,,,내원,내원,내원,내원,내원,
3464,삼양제일내과의원,내원,,,내원,내원,내원,,,
3465,서울삼양의원,,,,,,,,내원,
3466,서울하나의원,,내원,,,,,,,
3467,우리이웃의원,,,,,,,,내원,
3468,우리의원,,내원,,,,,,,
3469,예일소아청소년과의원,,내원,,,,,,,
3470,황소아청소년과의원,,내원,,,,,,,
3471,강원석내과의원,내원,,,내원,내원,내원,,,
3472,서울우리의원,내원,,,내원,,내원,,,
3473,우리성내과의원,내원,,,내원,내원,내원,내원,내원,
3474,김영재내과의원,내원,,,내원,,내원,,,
3475,백제열린의원,내원,,,내원,,내원,내원,,
3476,김보연산부인과의원,,,,,,,,내원,
3477,동서제일의원,내원,,,내원,내원,내원,내원,내원,
3478,방외과의원,내원,,,내원,내원,,,,
3479,현의원,내원,내원,,,,내원,,내원,
3480,미래소아청소년과의원,,내원,,,,,,,
3481,메트로내과의원,내원,내원,,내원,내원,내원,내원,내원,
3482,메이디산부인과의원,,,,,,,,내원,
3483,정소아청소년과의원,,내원,,,,,,,
3484,최윤영내과의원,내원,내원,,내원,내원,내원,내원,내원,
3485,나눔의원,내원,,,,,내원,,,
3486,연세내과의원,내원,,,내원,,내원,,,
3487,경희치과병원,,,내원,,,,,,
3488,김현풍치과의원,,,내원,,,,,,
3489,강북경희치과의원,,,내원,,,,,,
3490,강기호치과의원,,,내원,,,,,,
3491,한스치과의원,,,내원,,,,,,
3492,유재형치과의원,,,내원,,,,,,
3493,박주식치과의원,,,내원,,,,,,
3494,길치과의원,,,내원,,,,,,
3495,일심치과의원,,,내원,,,,,,
3496,배상남치과의원,,,내원,,,,,,
3497,세란치과의원,,,내원,,,,,,
3498,황치과의원,,,내원,,,,,,
3499,이명우치과의원,,,내원,,,,,,
3500,김병주치과의원,,,내원,,,,,,
3501,윤성호치과의원,,,내원,,,,,,
3502,유제윤치과의원,,,내원,,,,,,
3503,강북이사랑치과의원,,,내원,,,,,,
3504,상아치과의원,,,내원,,,,,,
3505,박앤이서울치과의원,,,내원,,,,,,
3506,김진국치과의원,,,내원,,,,,,
3507,새한치과의원,,,내원,,,,,,
3508,이좋은치과의원,,,내원,,,,,,
3509,서울미소탑치과의원,,,내원,,,,,,
3510,e-좋은치과의원,,,내원,,,,,,
3511,하얀새이치과의원,,,내원,,,,,,
3512,번동현대치과의원,,,내원,,,,,,
3513,한마음치과의원,,,내원,,,,,,
3514,뉴욕M치과의원,,,내원,,,,,,
3515,베스트엠치과의원,,,내원,,,,,,
3516,미아서울치과의원,,,내원,,,,,,
3517,강북서울치과의원,,,내원,,,,,,
3518,우리들성심치과의원,,,내원,,,,,,
3519,연세꼬마이치과의원,,,내원,,,,,,
3520,서울미소치과의원,,,내원,,,,,,
3521,에이스치과의원,,,내원,,,,,,
3522,연세믿음치과의원,,,내원,,,,,,
3523,뉴밀레니엄치과의원,,,내원,,,,,,
3524,현대플러스치과의원,,,내원+출장,,,,,,
3525,류앤고치과의원,,,내원,,,,,,
3526,e조은치과의원,,,내원,,,,,,
3527,본치과의원,,,내원,,,,,,
3528,그린치과의원,,,내원,,,,,,
3529,봄의미소치과의원,,,내원,,,,,,
3530,서울정치과의원,,,내원,,,,,,
3531,연세고운미소치과의원,,,내원,,,,,,
3532,웰치과의원,,,내원,,,,,,
3533,2080치과의원,,,내원,,,,,,
3534,스노우치과의원,,,내원,,,,,,
3535,화평치과의원,,,내원,,,,,,
3536,영치과의원,,,내원,,,,,,
3537,유디치과의원,,,내원,,,,,,
3538,연세수치과의원,,,내원,,,,,,
3539,해오름치과의원,,,내원,,,,,,
3540,강북가이드치과의원,,,내원,,,,,,
3541,행복플러스치과의원,,,내원,,,,,,
3542,미래로치과의원,,,내원,,,,,,
3543,행복한미소치과의원,,,내원,,,,,,
3544,루덴치과의원,,,내원,,,,,,
3545,행복담은샘치과의원,,,내원,,,,,,
3546,해피아이치과의원,,,내원,,,,,,
3547,인플란트치과의원,,,내원,,,,,,
3548,서울삼성치과의원,,,내원,,,,,,
3549,김치과의원,,,내원,,,,,,
3550,서울공감치과의원,,,내원,,,,,,
3551,가바치과교정과치과의원,,,내원,,,,,,
3552,임플러스치과의원,,,내원,,,,,,
3553,강북예일치과의원,,,내원,,,,,,
3554,연세뉴욕치과의원,,,내원,,,,,,
3555,서울민치과의원,,,내원,,,,,,
3556,닥터박치과의원,,,내원,,,,,,
3557,다온미소치과의원,,,내원,,,,,,
3558,서울숙면치과의원,,,내원,,,,,,
3559,서울굿타임치과의원,,,내원,,,,,,
3560,서울메종치과의원,,,내원,,,,,,
3561,타임플란트치과의원,,,내원,,,,,,
3562,서울민플러스치과의원,,,내원,,,,,,
3563,강북바를정치과의원,,,내원,,,,,,
3564,S다인치과의원,,,내원,,,,,,
3565,서울장플란트치과의원,,,내원,,,,,,
3566,연세닥터스치과의원,,,내원,,,,,,
3567,강북백상치과의원,,,내원,,,,,,
3568,서영수치과의원,,,내원,,,,,,
3569,서울엘리트치과의원,,,내원,,,,,,
3570,서울팰리스치과의원,,,내원,,,,,,
3571,서울정석치과의원,,,내원,,,,,,
3572,이선생치과의원,,,내원,,,,,,
3573,담소치과의원,,,내원,,,,,,
3574,박병규내과의원,,내원,,,,,,,
3575,서현산부인과의원,,,,,,,,내원,
3576,엠에스아산내과의원,내원,,,내원,내원,내원,,내원,
3577,내일내과의원,내원,,,내원,내원,내원,내원,내원,
3578,제이유산부인과의원,,,,,,,,내원,
3579,미래아이산부인과의원,,,,,,,,내원,
3580,강북삼성의원,내원,내원,,,,내원,,,
3581,참조은의원,내원,,,내원,내원,내원,내원,내원,
3582,한사랑의원,내원,,,내원,내원,내원,내원,내원,
3583,홍종서내과의원,내원,,,내원,,내원,,,
3584,아가엄마여성의원,,,,,,,내원,내원,
3585,강북연세내과의원,내원,,,내원,내원,내원,내원,내원,
3586,닥터맘소아청소년과의원,,내원,,,,,,,
3587,조한표내과의원,내원,,,내원,내원,내원,,,
3588,지안이비인후과의원,,내원,,,,,,,
3589,지인소아청소년과의원,,내원,,,,,,,
3590,서울우리내과의원,내원,,,내원,내원,내원,내원,내원,
3591,신내과의원,내원,,,내원,내원,내원,,,
3592,미애로여성의원,,,,,,,,내원,
3593,스마일내과의원,내원,내원,,내원,내원,내원,내원,내원,
3594,예코이비인후과의원,,내원,,,,,,,
3595,김형건내과의원,내원,,,내원,내원,내원,,,
3596,건강드림내과의원,내원,내원,,내원,내원,내원,내원,내원,
3597,삼성드림소아청소년과의원,,내원,,,,,,,
3598,용소아청소년과의원,,내원,,,,,,,
3599,365메디의원,내원,,,내원,내원,내원,내원,내원,
3600,푸른성모이비인후과의원,,내원,,,,,,,
3601,연세백세내과의원,내원,,,내원,내원,내원,,내원,
3602,365항외과의원,내원,,,내원,내원,,,,
3603,리앤여성의원,,,,,,,,내원,
3604,시원내과의원,내원,,,내원,내원,내원,,,
3605,우리베스트내과의원,내원,,,내원,내원,내원,내원,내원,
3606,서울봄연합의원,내원,내원,,내원,내원,내원,내원,내원,
3607,서울류내과의원,내원,,,내원,내원,내원,,,
3608,강북편한내과의원,내원,,,내원,내원,내원,내원,내원,
3609,서울에이치내과의원,내원,,,내원,내원,내원,내원,내원,
3610,원더플란트치과의원,,,내원,,,,,,
3611,더예쁜치과의원,,,내원+출장,,,,,,
3612,서울J플란트치과의원,,,내원,,,,,,
3613,엠플란트치과의원,,,내원,,,,,,
3614,서울예람치과의원,,,내원,,,,,,
3615,선한치과의원,,,내원,,,,,,
3616,서울삼성본치과의원,,,내원,,,,,,
3617,서울수치과의원,,,내원,,,,,,
3618,미아경희치과의원,,,내원,,,,,,
3619,서울우이치과의원,,,내원,,,,,,
3620,햇살아이의원,,내원,,,,,,,
3621,수유탑내과의원,내원,,,내원,내원,내원,내원,내원,
3622,서울조이내과의원,내원,,,내원,내원,내원,내원,내원,
3623,수유드림내과의원,내원,,,내원,내원,내원,내원,내원,
3624,서울원플러스의원,내원+출장,,,내원+출장,내원+출장,내원,내원+출장,내원,
3625,강북성모내과의원,내원,,,내원,내원,내원,내원,내원,
3626,서울더블유W내과의원,내원,,,내원,내원,내원,내원,내원,
3627,서울바른내과의원,내원,,,내원,내원,내원,내원,내원,
3628,지혜로운의원,,,,,,,내원,,
3629,의료법인한전의료재단한일병원,내원+출장,내원,내원+출장,내원,내원,내원,내원,내원,내원
3630,바로선병원,내원,,,내원,내원,내원,내원,내원,
3631,에이치큐브병원,내원,내원,,내원,내원,내원,내원,내원,
3632,의료법인상원의료재단강북힘찬병원,내원,,,내원,내원,내원,,,
3633,서울노보스병원,내원,,,내원,내원,내원,내원,내원,
3634,이영수의원,내원,,,,,,,,
3635,신창내과의원,내원,,,내원,내원,내원,내원,내원,
3636,이강보산부인과의원,,,,,,,,내원,
3637,다우미즈산부인과의원,,,,,,,,내원,
3638,이계자소아청소년과의원,,내원,,,,,,,
3639,유덕기내과의원,내원,,,내원,내원,내원,,내원,
3640,신동아의원,,내원,,,,,,,
3641,이수현내과의원,내원,,,내원,,내원,,,
3642,가족건강의원,,내원,,,,,,,
3643,유내과의원,내원,,,내원,,내원,,,
3644,강준구내과의원,내원,,,내원,내원,내원,내원,내원,
3645,늘편한의원,,내원,,,,,,,
3646,사랑가득중앙의원,,내원,,,,,,,
3647,박의수소아청소년과의원,,내원,,,,,,,
3648,양산부인과의원,,,,,,,,내원,
3649,강소아과의원,,내원,,,,,,,
3650,엔젤아이의원,,내원,,,,,,,
3651,주용진내과의원,내원,,,내원,내원,내원,,,
3652,의료법인풍산의료재단창동제일의원,내원,,,내원,내원,내원,내원,내원,
3653,혜정산부인과의원,,,,,,,,내원,
3654,서울내과의원,내원,,,내원,내원,내원,,,
3655,김현소아청소년과의원,,내원,,,,,,,
3656,김윤자내과의원,내원,,,,,내원,,,
3657,로덴성문치과병원,,,내원,,,,,,
3658,김철훈치과의원,,,내원,,,,,,
3659,유인영치과의원,,,내원,,,,,,
3660,미소치과의원,,,내원,,,,,,
3661,미플러스치과의원,,,내원,,,,,,
3662,연세치과의원,,,내원,,,,,,
3663,우리가족e치과의원,,,내원,,,,,,
3664,이종성치과의원,,,내원,,,,,,
3665,신원치과의원,,,내원,,,,,,
3666,김성민치과의원,,,내원,,,,,,
3667,한마음치과의원,,,내원,,,,,,
3668,마음편한치과의원,,,내원,,,,,,
3669,제일치과의원,,,내원,,,,,,
3670,홍영란치과의원,,,내원,,,,,,
3671,박진수치과의원,,,내원,,,,,,
3672,아름다운치과의원,,,내원,,,,,,
3673,임상수치과의원,,,내원,,,,,,
3674,이상복치과의원,,,내원,,,,,,
3675,강북다인치과의원,,,내원,,,,,,
3676,강북연세치과의원,,,내원,,,,,,
3677,김홍욱치과의원,,,내원,,,,,,
3678,신혜정치과의원,,,내원,,,,,,
3679,우신치과의원,,,내원,,,,,,
3680,최신치과의원,,,내원,,,,,,
3681,서정치과의원,,,내원,,,,,,
3682,강치과의원,,,내원,,,,,,
3683,연세현치과의원,,,내원,,,,,,
3684,이은균치과의원,,,내원,,,,,,
3685,최종호치과의원,,,내원,,,,,,
3686,최재영치과의원,,,내원,,,,,,
3687,이사랑턱치과의원,,,내원,,,,,,
3688,고운이치과의원,,,내원,,,,,,
3689,수치과의원,,,내원,,,,,,
3690,미라인치과의원,,,내원,,,,,,
3691,프라임치과의원,,,내원,,,,,,
3692,하얀치과의원,,,내원,,,,,,
3693,삼성치과의원,,,내원,,,,,,
3694,서울이사랑치과의원,,,내원,,,,,,
3695,이사랑치과의원,,,내원,,,,,,
3696,연세웰치과의원,,,내원,,,,,,
3697,서울열린치과의원,,,내원,,,,,,
3698,도봉美치과의원,,,내원,,,,,,
3699,연세위드치과의원,,,내원,,,,,,
3700,서울리즈치과의원,,,내원,,,,,,
3701,창동서울치과의원,,,내원,,,,,,
3702,e사랑치과의원,,,내원,,,,,,
3703,예도치과의원,,,내원,,,,,,
3704,연세키즈몽치과의원,,,내원,,,,,,
3705,예다움치과의원,,,내원,,,,,,
3706,웰치과의원,,,내원,,,,,,
3707,뉴욕퍼스트치과의원,,,내원,,,,,,
3708,e-안치과의원,,,내원,,,,,,
3709,하나로치과의원,,,내원,,,,,,
3710,무아치과교정과치과의원,,,내원,,,,,,
3711,도봉안심치과의원,,,내원,,,,,,
3712,연세한치과의원,,,내원,,,,,,
3713,지인치과의원,,,내원+출장,,,,,,
3714,서울플러스치과의원,,,내원,,,,,,
3715,이랑치과의원,,,내원,,,,,,
3716,다움치과의원,,,내원,,,,,,
3717,드림S치과의원,,,내원,,,,,,
3718,유디치과의원,,,내원,,,,,,
3719,행복치과의원,,,내원,,,,,,
3720,더엘치과의원,,,내원,,,,,,
3721,창동탑치과의원,,,내원,,,,,,
3722,좋은서울치과의원,,,내원+출장,,,,,,
3723,민치과의원,,,내원,,,,,,
3724,서울미담치과의원,,,내원,,,,,,
3725,서울좋은생각치과의원,,,내원,,,,,,
3726,강북감동치과의원,,,내원,,,,,,
3727,온아치과의원,,,내원,,,,,,
3728,더편한플란트치과의원,,,내원,,,,,,
3729,서울고마운치과의원,,,내원,,,,,,
3730,서울훈치과의원,,,내원,,,,,,
3731,서울하이안치과의원,,,내원,,,,,,
3732,서울브라이튼치과의원,,,내원,,,,,,
3733,연세더튼튼치과의원,,,내원,,,,,,
3734,조천영내과의원,내원,내원,,내원,,내원,,,
3735,동부한일외과내과의원,내원,,,내원,내원,내원,,내원,
3736,김남일의원,내원,,,내원,내원,내원,,,
3737,현대의원,내원,,,,,,,,
3738,소화연세소아청소년과의원,,내원,,,,,,,
3739,삼성드림소아청소년과의원,,내원,,,,,,,
3740,늘푸른의원,,내원,,,,,,,
3741,건강제일의원,내원,,,내원,내원,내원,,내원,
3742,나비석내과의원,내원,,,내원,,내원,,,
3743,은내과의원,내원,내원,,내원,,내원,,,
3744,도담소아청소년과의원,,내원,,,,,,,
3745,신창성모내과의원,내원,내원,,내원,내원,내원,,,
3746,성모키즈소아청소년과의원,,내원,,,,,,,
3747,동동가정의학과의원,내원,내원,,내원,내원,내원,내원,내원,
3748,삼성플러스의원,,내원,,,,,,,
3749,참서울내과의원,내원,,,내원,내원,내원,내원,내원,
3750,건강한내과의원,내원,,,내원,내원,내원,,내원,
3751,항상쾌한외과의원,내원,,,,내원,내원,,,
3752,양시영내과의원,내원,,,,내원,내원,,,
3753,성모소아청소년과의원,,내원,,,,,,,
3754,쌍문동강내과의원,내원,,,내원,내원,내원,,,
3755,더블유의원,내원,,,내원,내원,내원,내원,내원,
3756,하늘숲소아청소년과의원,,내원,,,,,,,
3757,정다운가정의학과의원,,내원,,,,,,,
3758,한걸음가정의학과의원,내원,내원,,내원,내원,내원,내원,내원,
3759,성모가정의학과의원,,내원,,,,,,,
3760,서울이지소아청소년과의원,,내원,,,,,,,
3761,쌍문성모내과의원,내원,,,내원,내원,내원,내원,내원,
3762,윤앤석내과의원,내원,,,내원,내원,내원,,,
3763,서울연세치과의원,,,내원,,,,,,
3764,닥터플란트치과의원,,,내원,,,,,,
3765,서울클리어치과교정과치과의원,,,내원,,,,,,
3766,서울스마트치과의원,,,내원,,,,,,
3767,김학동치과의원,,,내원,,,,,,
3768,서울대인치과의원,,,내원,,,,,,
3769,굿모닝치과의원,,,내원,,,,,,
3770,도봉연세위내과의원,내원,,,내원,내원,내원,내원,내원,
3771,위플러스내과의원,내원,,,내원,내원,내원,내원,내원,
3772,더건강내과의원,내원,,,내원,내원,내원,내원,내원,
3773,백은경내과의원,내원,,,내원,내원,내원,내원,내원,
3774,서울넘버원내과의원,내원,,,내원,내원,내원,내원,내원,
3775,가톨릭대학교은평성모병원,내원,,,내원,내원,내원,내원,내원,내원
3776,의료법인청구성심병원,내원,,,내원,내원,내원,내원,내원,내원
3777,서울특별시서북병원,내원,,내원,내원,,내원,내원,내원,
3778,인정병원,내원,내원,,내원,내원,내원,내원,내원,
3779,서울병원,내원,,,내원,내원,내원,내원,내원,
3780,연세노블병원,내원,,,내원,,내원,,내원,
3781,은평연세병원,내원,,,내원,내원,내원,내원,내원,
3782,최원호병원,내원,,,내원,내원,내원,내원,내원,
3783,의료법인성누가의료재단성누가병원,내원,,내원,내원,내원,내원,,,
3784,리드힐병원,내원,,,내원,내원,내원,,,
3785,본서부병원,내원,,,내원,내원,내원,,,
3786,서울특별시은평병원,내원,,내원,,,,내원,내원,
3787,한국영상의학과의원,내원,,,내원,내원,내원,내원,내원,
3788,연세열린의원,내원,내원,,내원,,,,,
3789,김영환내과의원,내원,,,내원,,내원,,,
3790,김앤리내과정형외과의원,내원,,,,내원,,,,
3791,서울방사선가정의학과의원,내원,,,내원,내원,내원,내원,내원,
3792,김원중내과의원,내원,,,내원,,내원,,,
3793,박병섭내과의원,내원,,,내원,,내원,,,
3794,정성채내과의원,내원,,,내원,내원,내원,,,
3795,365이화웃는세상의원,내원,내원,,,,,,,
3796,증산의원,,내원,,,,,,,
3797,꿈나무가정의원,,내원,,,,,,,
3798,연세참소아청소년과의원,,내원,,,,,,,
3799,예일가정의학과의원,내원,,,내원,내원,내원,내원,내원,
3800,이태준김재민내과의원,내원,,,내원,내원,내원,,,
3801,유계수내과의원,내원,,,내원,내원,내원,,,
3802,강석경소아과의원,,내원,,,,,,,
3803,노내과의원,,내원,,,,,,,
3804,이금자소아과의원,,내원,,,,,,,
3805,푸른정형외과의원,내원,,,,,,,,
3806,임현성내과의원,내원,,,내원,,내원,,,
3807,은혜산부인과의원,,,,,,,내원,내원,
3808,조소아과의원,,내원,,,,,,,
3809,맘스미산부인과의원,,,,,,,,내원,
3810,신사중앙의원,내원,,,내원,내원,내원,내원,내원,
3811,강창원내과의원,내원,,,내원,,내원,,,
3812,삼성속편한의원,내원,,,내원,내원,내원,내원,내원,
3813,윤소아과의원,,내원,,,,,,,
3814,예일소아청소년과의원,,내원,,,,,,,
3815,세화산부인과의원,,,,,,,,내원,
3816,미즈의원,,,,,,,,내원,
3817,황이숙내과의원,내원,,,내원,,내원,,,
3818,서울장문외과의원,내원,,,내원,내원,,내원,내원,
3819,백수진가정의학과의원,,내원,,,,,,,
3820,세브란스의원,내원,,,내원,내원,내원,,,
3821,문치과병원,,,내원,,,,,,
3822,예스이치과의원,,,내원,,,,,,
3823,김선태치과의원,,,내원,,,,,,
3824,정해원치과의원,,,내원,,,,,,
3825,김옥진치과의원,,,내원,,,,,,
3826,연세세브란스치과의원,,,내원,,,,,,
3827,다이아몬드치과의원,,,내원,,,,,,
3828,세련치과의원,,,내원,,,,,,
3829,참조은플란트치과의원,,,내원,,,,,,
3830,고운치과의원,,,내원,,,,,,
3831,불광치과의원,,,내원,,,,,,
3832,나비드치과의원,,,내원,,,,,,
3833,그린치과의원,,,내원,,,,,,
3834,김일진의연세치과의원,,,내원,,,,,,
3835,다인치과의원,,,내원,,,,,,
3836,솔치과의원,,,내원,,,,,,
3837,햇님치과의원,,,내원,,,,,,
3838,서부치과의원,,,내원,,,,,,
3839,현부부치과의원,,,내원,,,,,,
3840,이엔유치과의원,,,내원,,,,,,
3841,새한세이프치과의원,,,내원,,,,,,
3842,미소치과의원,,,내원,,,,,,
3843,수색연세치과의원,,,내원,,,,,,
3844,강플란트치과의원,,,내원,,,,,,
3845,화이트치과의원,,,내원,,,,,,
3846,빛나리치과의원,,,내원,,,,,,
3847,이노치과의원,,,내원,,,,,,
3848,기쁨이샘솟는치과의원,,,내원,,,,,,
3849,현명한플란트치과의원,,,내원,,,,,,
3850,연세건치과의원,,,내원,,,,,,
3851,영신치과의원,,,내원,,,,,,
3852,김종민치과의원,,,내원,,,,,,
3853,새이치과의원,,,내원,,,,,,
3854,센트럴치과의원,,,내원,,,,,,
3855,원치과의원,,,내원,,,,,,
3856,김치과의원,,,내원,,,,,,
3857,진서울치과의원,,,내원,,,,,,
3858,가인치과의원,,,내원,,,,,,
3859,연세미치과의원,,,내원,,,,,,
3860,인디애나치과의원,,,내원,,,,,,
3861,닥터박고은치과의원,,,내원,,,,,,
3862,이지웰치과의원,,,내원,,,,,,
3863,조이치과의원,,,내원,,,,,,
3864,이윤치과의원,,,내원,,,,,,
3865,사랑이꽃피는치과의원,,,내원,,,,,,
3866,이도범치과의원,,,내원,,,,,,
3867,연세드림치과의원,,,내원,,,,,,
3868,에이스치과의원,,,내원,,,,,,
3869,예니어린이치과의원,,,내원,,,,,,
3870,보스톤연합치과의원,,,내원,,,,,,
3871,현대치과의원,,,내원,,,,,,
3872,은평치과의원,,,내원,,,,,,
3873,굿모닝치과의원,,,내원,,,,,,
3874,고른e치과교정과치과의원,,,내원,,,,,,
3875,서울리더스치과의원,,,내원,,,,,,
3876,OK부부치과의원,,,내원,,,,,,
3877,서울본치과의원,,,내원,,,,,,
3878,응암굿모닝치과의원,,,내원,,,,,,
3879,하나치과의원,,,내원,,,,,,
3880,연세여우치과의원,,,내원,,,,,,
3881,키즈앤맘치과의원,,,내원,,,,,,
3882,서울삼성치과의원,,,내원,,,,,,
3883,에이플러스치과의원,,,내원,,,,,,
3884,이쎈치과의원,,,내원,,,,,,
3885,아이러브치과의원,,,내원,,,,,,
3886,서울수치과의원,,,내원,,,,,,
3887,은평뉴타운치과의원,,,내원,,,,,,
3888,로즈마리힐치과의원,,,내원,,,,,,
3889,연세하늘치과의원,,,내원,,,,,,
3890,이가튼튼치과의원,,,내원,,,,,,
3891,유플러스치과의원,,,내원,,,,,,
3892,유디치과의원,,,내원,,,,,,
3893,치아나라치과의원,,,내원,,,,,,
3894,물댄동산치과의원,,,내원,,,,,,
3895,서울어린이치과의원,,,내원,,,,,,
3896,사람사랑치과의원,,,내원,,,,,,
3897,이엔치과의원,,,내원,,,,,,
3898,휴란트치과의원,,,내원,,,,,,
3899,참미소치과의원,,,내원,,,,,,
3900,서울필치과의원,,,내원,,,,,,
3901,골드플러스치과의원,,,내원,,,,,,
3902,서울금플란트치과의원,,,내원,,,,,,
3903,서울웰치과의원,,,내원,,,,,,
3904,문성준치과의원,,,내원,,,,,,
3905,바를정치과의원,,,내원,,,,,,
3906,미소야치과의원,,,내원,,,,,,
3907,응암연세치과의원,,,내원,,,,,,
3908,연세수치과의원,,,내원,,,,,,
3909,사계절치과의원,,,내원,,,,,,
3910,서울박치과의원,,,내원,,,,,,
3911,디테일탑치과의원,,,내원,,,,,,
3912,온유치과의원,,,내원,,,,,,
3913,서울해치과의원,,,내원,,,,,,
3914,서울덴치과의원,,,내원,,,,,,
3915,임플라인치과의원,,,내원,,,,,,
3916,연세봄치과의원,,,내원,,,,,,
3917,증산밝은미소치과의원,,,내원,,,,,,
3918,서울주치과의원,,,내원,,,,,,
3919,닥터굿플란트치과의원,,,내원,,,,,,
3920,서울바정치과의원,,,내원,,,,,,
3921,서울녹번치과의원,,,내원,,,,,,
3922,서울숙면치과의원,,,내원,,,,,,
3923,바른마음치과의원,,,내원,,,,,,
3924,사랑이가득한치과의원,,,내원,,,,,,
3925,은평우리치과의원,,,내원,,,,,,
3926,올스마일치과의원연신내점,,,내원,,,,,,
3927,성도치과의원,,,내원,,,,,,
3928,서울올바른치과의원,,,내원,,,,,,
3929,연나무치과의원,,,내원,,,,,,
3930,서울스마트치과의원,,,내원,,,,,,
3931,연세다올치과의원,,,내원,,,,,,
3932,서울공감치과의원,,,내원,,,,,,
3933,시원플란트치과의원,,,내원,,,,,,
3934,서울바른훈치과의원,,,내원,,,,,,
3935,덴탈시그널치과의원,,,내원,,,,,,
3936,연세위드치과의원,,,내원,,,,,,
3937,연세하나치과의원,,,내원,,,,,,
3938,백년약속치과의원,,,내원,,,,,,
3939,정치과보존과치과의원,,,내원,,,,,,
3940,감동플러스치과의원,,,내원,,,,,,
3941,서울우리치과의원,,,내원,,,,,,
3942,프라임치과의원,,,내원,,,,,,
3943,수이치과의원,,,내원,,,,,,
3944,친절한홍치과의원,,,내원,,,,,,
3945,연세백년치과의원,,,내원,,,,,,
3946,연세탑치과의원,,,내원,,,,,,
3947,더블유와이드치과의원,,,내원,,,,,,
3948,윤플란트치과의원,,,내원,,,,,,
3949,연세해맑은치과의원,,,내원,,,,,,
3950,청담세브란스치과의원,,,내원,,,,,,
3951,수색지앤미치과의원,,,내원,,,,,,
3952,지음치과의원,,,내원,,,,,,
3953,서울이든치과의원,,,내원,,,,,,
3954,서울엘리트치과의원,,,내원,,,,,,
3955,연세안녕치과의원,,,내원,,,,,,
3956,서울독일치과의원,,,내원,,,,,,
3957,연세키즈인소아치과의원,,,내원,,,,,,
3958,더연세치과의원,,,내원,,,,,,
3959,연세필승치과의원,,,내원,,,,,,
3960,은평바른치과의원,,,내원,,,,,,
3961,은평구보건소,내원,,,,,,,,
3962,지혜소아청소년과의원,,내원,,,,,,,
3963,박근태내과의원,내원,내원,,내원,내원,내원,내원,내원,
3964,강북제일외과의원,내원,,,내원,내원,,,,
3965,원가정의학과의원,내원,,,내원,,내원,,,
3966,신사호이비인후과의원,,내원,,,,,,,
3967,김성우내과의원,내원,,,내원,내원,내원,,,
3968,로쉬여성의원,,,,,,,,내원,
3969,은혜내과의원,내원,,,내원,내원,내원,,,
3970,양전호내과의원,내원,내원,,내원,내원,내원,,,
3971,튼튼소아과의원,,내원,,,,,,,
3972,한빛내과의원,내원,,,내원,,내원,,,
3973,은산부인과의원,,,,,,,,내원,
3974,최윤영산부인과의원,,,,,,,,내원,
3975,연세학문외과의원,내원,,,내원,내원,내원,,내원,
3976,늘편한내과의원,내원,,,내원,내원,내원,,,
3977,이브산부인과의원,,,,,,,,내원,
3978,은평연세소아청소년과의원,,내원,,,,,,,
3979,수내과의원,내원,,,내원,내원,내원,내원,내원,
3980,연세예일의원,,내원,,,,,,,
3981,연세우리내과의원,내원,,,내원,내원,내원,,,
3982,예지소아청소년과의원,,내원,,,,,,,
3983,진이비인후과의원,,내원,,,,,,,
3984,하나내과의원,내원,,,내원,내원,내원,내원,내원,
3985,삼성키즈소아청소년과의원,,내원,,,,,,,
3986,이윤진산부인과의원,,,,,,,,내원,
3987,우리사랑내과의원,내원,,,내원,내원,내원,내원,내원,
3988,강북삼성내과의원,내원,,,내원,,내원,,,
3989,건강그린내과의원,내원,,,내원,내원,내원,내원,,
3990,삼성서울키즈소아청소년과의원,,내원,,,,,,,
3991,서울성모내과의원,내원,,,내원,내원,내원,내원,내원,
3992,강변내과의원,내원,,,내원,내원,내원,내원,내원,
3993,살림의료복지사회적협동조합살림의원,내원,내원,,,,내원,,내원,
3994,연세큰숲내과의원,내원,,,내원,내원,내원,내원,내원,
3995,지앤선소아청소년과의원,,내원,,,,,,,
3996,권소아청소년과의원,,내원,,,,,,,
3997,구파발연세내과의원,내원,,,내원,내원,내원,내원,내원,
3998,서울참좋은내과의원,내원,,,내원,내원,내원,내원,내원,
3999,연세속편안내과의원,내원,,,내원,내원,내원,,,
4000,건강드림의원,내원,,,내원,,내원,,,
4001,조은성모의원,,내원,,,,,,,
4002,서울탑의원,,내원,,,,,,,
4003,조이내과의원,내원,,,내원,내원,내원,내원,,
4004,삼성레이디여성의원,,,,,,,,내원,
4005,백세내과의원,내원,,,내원,내원,내원,내원,내원,
4006,연세윤내과의원,내원,,,내원,,내원,,,
4007,기분좋은연세365의원,내원,내원,,내원,내원,내원,내원,내원,
4008,아이제일산부인과의원,,내원,,,,,내원,내원,
4009,삼성바른내과의원,내원,,,내원,내원,내원,내원,내원,
4010,은평밝은내과의원,내원,,,내원,내원,내원,내원,,
4011,리엔유산부인과의원,,,,,,,,내원,
4012,민현준내과의원,내원,,,내원,내원,내원,,,
4013,연신내바른내과의원,내원,,,내원,내원,내원,내원,내원,
4014,은평연세가정의학과의원,,내원,,,,,,,
4015,나은성모내과의원,내원,,,내원,내원,내원,내원,내원,
4016,녹번삼성키즈소아청소년과의원,,내원,,,,,,,
4017,은혜소아청소년과의원,,내원,,,,,,,
4018,우리연합의원,,내원,,,,,,,
4019,더바른내과의원,내원,,,내원,내원,내원,내원,,
4020,은평플러스내과의원,내원,,,내원,내원,내원,,,
4021,은평진내과의원,내원,,,내원,내원,내원,,내원,
4022,연세제일내과의원,내원,,,내원,내원,내원,내원,내원,
4023,은평탑내과의원,내원,,,내원,내원,내원,내원,내원,
4024,이선구장원철내과의원,내원,,,내원,내원,내원,,,
4025,서울이웃치과의원,,,내원,,,,,,
4026,바른치과의원,,,내원,,,,,,
4027,헤리플란트치과의원,,,내원,,,,,,
4028,서울사랑치과의원,,,내원,,,,,,
4029,뿌리사랑치과의원,,,내원,,,,,,
4030,서울에스치과의원,,,내원,,,,,,
4031,살림의료복지사회적협동조합살림치과의원,,,내원,,,,,,
4032,서울바른플란트치과의원,,,내원,,,,,,
4033,연신내치과의원,,,내원,,,,,,
4034,사과나무치과의원,,,내원,,,,,,
4035,연세호치과의원,,,내원,,,,,,
4036,바른우리치과의원,,,내원,,,,,,
4037,상하치과의원,,,내원,,,,,,
4038,홍선생치과교정과치과의원,,,내원,,,,,,
4039,황치과의원,,,내원,,,,,,
4040,서울플랜트치과의원,,,내원,,,,,,
4041,은평타임치과의원,,,내원,,,,,,
4042,봄빛미소치과의원,,,내원,,,,,,
4043,바른생각치과의원,,,내원,,,,,,
4044,바로나은치과의원,,,내원,,,,,,
4045,정성치과의원,,,내원,,,,,,
4046,서울클리어치과교정과치과의원,,,내원,,,,,,
4047,안심내과의원,내원,,,내원,내원,내원,내원,,
4048,이로여성의원,,,,,,,,내원,
4049,봄그린외과의원,내원,,,내원,내원,내원,내원,,
4050,은평베스트성모내과의원,내원,,,내원,내원,내원,내원,내원,
4051,신익순소아청소년과의원,,내원,,,,,,,
4052,은평센트럴소아청소년과의원,,내원,,,,,,,
4053,참조은이비인후과의원,,내원,,,,,,,
4054,속튼튼내과의원,내원,,,내원,내원,내원,내원,내원,
4055,강인한소아청소년과의원,,내원,,,,,,,
4056,미래아산내과의원,내원,,,내원,내원,내원,내원,내원,
4057,파랑새소아청소년과의원,,내원,,,,,,,
4058,은평성모내과의원,내원,,,,,,,,
4059,서울비커밍여성의원,,,,,,,,내원,
4060,미즈메디병원,내원,내원,,내원,내원,내원,내원,내원,내원
4061,부민병원,내원,내원,,내원,내원,내원,내원,내원,내원
4062,이화여자대학교의과대학부속서울병원,내원+출장,,,내원,내원,내원,내원,내원,내원
4063,유광사여성병원,내원,내원,,,,,내원,내원,
4064,웰튼병원,내원,,,내원,내원,내원,내원,내원,
4065,강서송도병원,내원,,,내원,내원,내원,내원,내원,
4066,서울스타병원,내원,,,내원,내원,내원,,,
4067,강서힘찬병원,내원,,,내원,,내원,,,
4068,서울고든병원,내원,,,내원,내원,내원,,,
4069,서울원병원,내원,,,내원,내원,내원,내원,내원,
4070,서울필병원,내원,,,내원,내원,내원,,,
4071,강서푸른꿈성모어린이병원,,내원,,,,,,,
4072,㈜대한항공부속의원,내원,,,,,,,,
4073,김양일내과의원,내원,,,내원,,내원,,,
4074,해오름소아청소년과의원,,내원,,,,,,,
4075,명근철소아청소년과의원,,내원,,,,,,,
4076,한국건강관리협회건강증진의원,내원,,,내원,내원,내원,내원,내원,
4077,전용택내과의원,내원,,,내원,,내원,,,
4078,연세내과의원,내원,,,내원,,내원,,,
4079,정기수내과의원,내원,,,내원,,내원,,,
4080,제이산부인과의원,,,,,,,,내원,
4081,한순심산부인과의원,,,,,,,,내원,
4082,명진단영상의학과의원,내원,,,내원,내원,내원,내원,내원,
4083,유소아청소년과의원,,내원,,,,,,,
4084,세연투섬내과의원,내원,,,내원,,내원,,,
4085,이미영산부인과의원,,,,,,,,내원,
4086,박재완소아청소년과의원,,내원,,,,,,,
4087,최경희산부인과의원,,,,,,,,내원,
4088,천내과의원,내원,,,내원,내원,내원,내원,내원,
4089,서울산부인과의원,,,,,,,,내원,
4090,강서성모내과의원,내원,,,내원,내원,내원,,,
4091,햇살가득한가정의학과의원,,내원,,,,,,,
4092,현대항분하지외과의원,내원,,,내원,내원,내원,,,
4093,김정백내과의원,내원,,,내원,내원,내원,내원,내원,
4094,신민호내과의원,내원,,,내원,,내원,,,
4095,문소아청소년과의원,,내원,,,,,,,
4096,연세의원,,내원,,,,,,,
4097,연세하나내과소아청소년과의원,내원,내원,,내원,내원,내원,내원,내원,
4098,준가정의학과의원,,내원,,,,,,,
4099,서울하내과의원,내원,,,내원,내원,내원,내원,내원,
4100,우충아의원,내원,,,내원,내원,내원,,,
4101,유진의원,내원,,,,,내원,내원,내원,
4102,현내과의원,내원,,,내원,,내원,,,
4103,미래아이산부인과의원,내원,,,내원,내원,내원,내원,내원,
4104,미산부인과의원,,,,,,,,내원,
4105,수내과의원,내원,,,,,내원,,,
4106,권내과의원,내원,,,내원,내원,내원,,,
4107,로고스치과병원,,,내원,,,,,,
4108,더와이즈치과병원,,,내원,,,,,,
4109,서울바로나치과병원,,,내원,,,,,,
4110,강서치과의원,,,내원,,,,,,
4111,박용호치과의원,,,내원,,,,,,
4112,로운치과의원,,,내원,,,,,,
4113,대아치과의원,,,내원,,,,,,
4114,이형욱치과의원,,,내원,,,,,,
4115,착한동네치과의원,,,내원,,,,,,
4116,유일치과의원,,,내원,,,,,,
4117,엠밸리치과의원,,,내원,,,,,,
4118,안광현치과의원,,,내원,,,,,,
4119,약수치과의원,,,내원,,,,,,
4120,정동진치과의원,,,내원,,,,,,
4121,굿모닝플러스치과의원,,,내원,,,,,,
4122,이영준치과의원,,,내원,,,,,,
4123,서울루다치과의원,,,내원,,,,,,
4124,예손치과의원,,,내원,,,,,,
4125,김연배치과의원,,,내원,,,,,,
4126,세란치과의원,,,내원,,,,,,
4127,한결치과의원,,,내원,,,,,,
4128,장치과의원,,,내원,,,,,,
4129,남서울치과의원,,,내원,,,,,,
4130,전망좋은치과의원,,,내원,,,,,,
4131,조치과의원,,,내원,,,,,,
4132,펄서울치과의원,,,내원,,,,,,
4133,호두치과의원,,,내원,,,,,,
4134,푸른치과의원,,,내원,,,,,,
4135,서울치과의원,,,내원,,,,,,
4136,서울하루치과의원,,,내원,,,,,,
4137,명인백민치과의원,,,내원,,,,,,
4138,윤종국치과의원,,,내원,,,,,,
4139,열린치과의원,,,내원,,,,,,
4140,하나치과의원,,,내원,,,,,,
4141,강서믿음치과의원,,,내원,,,,,,
4142,리빙스톤치과의원,,,내원,,,,,,
4143,치아사랑치과의원,,,내원,,,,,,
4144,정다운치과의원,,,내원,,,,,,
4145,강서월드치과의원,,,내원,,,,,,
4146,오수진치과의원,,,내원,,,,,,
4147,사과나무치과의원,,,내원,,,,,,
4148,미소가온치과의원,,,내원,,,,,,
4149,늘기쁜치과의원,,,내원,,,,,,
4150,소망치과의원,,,내원,,,,,,
4151,한사랑치과의원,,,내원,,,,,,
4152,공항굿모닝치과의원,,,내원,,,,,,
4153,수치과의원,,,내원,,,,,,
4154,마곡서울치과의원,,,내원,,,,,,
4155,목동모아치과의원,,,내원,,,,,,
4156,밝은미소치과의원,,,내원,,,,,,
4157,서울미래치과의원,,,내원,,,,,,
4158,화성치과의원,,,내원,,,,,,
4159,아이가좋아하는치과의원,,,내원,,,,,,
4160,프라임치과의원,,,내원,,,,,,
4161,예스치과의원,,,내원,,,,,,
4162,연세미치과의원,,,내원,,,,,,
4163,화인치과의원,,,내원,,,,,,
4164,강서예치과의원,,,내원,,,,,,
4165,라온치과의원,,,내원,,,,,,
4166,이든치과의원,,,내원,,,,,,
4167,탑치과의원,,,내원,,,,,,
4168,미소나무치과의원,,,내원,,,,,,
4169,다온치과의원,,,내원,,,,,,
4170,연치과의원,,,내원,,,,,,
4171,연세플라워치과의원,,,내원,,,,,,
4172,방화초이스치과의원,,,내원,,,,,,
4173,강서메트로치과의원,,,내원,,,,,,
4174,즐거운치과의원,,,내원,,,,,,
4175,루덴치과의원,,,내원+출장,,,,,,
4176,연세아이치과의원,,,내원,,,,,,
4177,참조은치과의원,,,내원,,,,,,
4178,강서김치과의원,,,내원,,,,,,
4179,강서서울치과의원,,,내원,,,,,,
4180,미소랑치과의원(마곡점),,,내원,,,,,,
4181,화곡사랑치과의원,,,내원,,,,,,
4182,봄치과의원,,,내원,,,,,,
4183,진정성치과의원,,,내원,,,,,,
4184,예원치과의원,,,내원,,,,,,
4185,강서이편한치과의원,,,내원,,,,,,
4186,e-플란트치과의원,,,내원,,,,,,
4187,서울좋은치과의원,,,내원,,,,,,
4188,이안치과의원,,,내원,,,,,,
4189,송정치과의원,,,내원,,,,,,
4190,닥터정치과의원,,,내원,,,,,,
4191,라임치과의원,,,내원,,,,,,
4192,닥터준치과의원,,,내원,,,,,,
4193,좋은치과의원,,,내원,,,,,,
4194,강서탑치과의원,,,내원,,,,,,
4195,이편한치과의원,,,내원,,,,,,
4196,해맑은아이쥬니어치과의원,,,내원,,,,,,
4197,가지런S치과의원,,,내원,,,,,,
4198,굿드림치과의원,,,내원,,,,,,
4199,서울웰치과의원,,,내원,,,,,,
4200,바른치과의원,,,내원,,,,,,
4201,한국건강관리협회건강증진치과의원,,,내원,,,,,,
4202,더행복한치과의원,,,내원,,,,,,
4203,유디강서치과의원,,,내원,,,,,,
4204,이사랑치과의원,,,내원,,,,,,
4205,엠밸리서울치과의원,,,내원,,,,,,
4206,남부치과의원,,,내원,,,,,,
4207,서울에스치과의원,,,내원,,,,,,
4208,연세리더스치과의원,,,내원,,,,,,
4209,서울미치과의원,,,내원,,,,,,
4210,라인치과의원,,,내원,,,,,,
4211,하하치과의원,,,내원,,,,,,
4212,서울골든치과의원,,,내원,,,,,,
4213,연세왕치과의원,,,내원,,,,,,
4214,우리들치과보철과치과의원,,,내원,,,,,,
4215,슈바이처치과의원,,,내원,,,,,,
4216,이쎈치과의원,,,내원,,,,,,
4217,샤인e치과의원,,,내원,,,,,,
4218,이오스치과의원,,,내원,,,,,,
4219,연세새봄치과의원,,,내원,,,,,,
4220,이편한세상치과의원(화곡점),,,내원,,,,,,
4221,기분좋은치과의원,,,내원,,,,,,
4222,탑플랜치과의원,,,내원+출장,,,,,,
4223,아너스치과교정과치과의원,,,내원,,,,,,
4224,연세힐치과의원,,,내원,,,,,,
4225,올치과의원,,,내원,,,,,,
4226,마움치과의원,,,내원,,,,,,
4227,강서채움치과의원,,,내원,,,,,,
4228,스마트치과의원,,,내원,,,,,,
4229,연세우리치과의원,,,내원,,,,,,
4230,올바른치과의원,,,내원,,,,,,
4231,아인스치과의원,,,내원,,,,,,
4232,연세미소앤드림치과의원,,,내원,,,,,,
4233,연세바른치과의원,,,내원,,,,,,
4234,파미에치과의원,,,내원,,,,,,
4235,행복치과의원,,,내원,,,,,,
4236,새이처럼치과의원,,,내원,,,,,,
4237,365서울원탑치과의원,,,내원,,,,,,
4238,서울올바름치과의원,,,내원,,,,,,
4239,미소안치과의원,,,내원,,,,,,
4240,연세용치과의원,,,내원,,,,,,
4241,아름다운바른이치과교정과치과의원,,,내원,,,,,,
4242,서울진심치과의원,,,내원,,,,,,
4243,에덴치과의원,,,내원,,,,,,
4244,위드스마일치과의원,,,내원,,,,,,
4245,타코마신호드림치과의원,,,내원,,,,,,
4246,연세이음치과의원,,,내원,,,,,,
4247,리라이브치과의원,,,내원,,,,,,
4248,서울효앤주니어소아치과의원,,,내원,,,,,,
4249,서울루트플란트치과의원,,,내원,,,,,,
4250,이움치과의원,,,내원,,,,,,
4251,맘앤키즈치과의원,,,내원,,,,,,
4252,자연치아살리기강서모아치과의원,,,내원,,,,,,
4253,보스톤미치과의원,,,내원,,,,,,
4254,강서자연치과의원,,,내원,,,,,,
4255,서울믿음치과의원,,,내원,,,,,,
4256,친절한홍치과의원,,,내원,,,,,,
4257,김동현소아치과치과의원,,,내원,,,,,,
4258,조은이편한치과의원,,,내원,,,,,,
4259,서울홍치과의원,,,내원,,,,,,
4260,드림위드치과의원,,,내원,,,,,,
4261,정진원치과의원,,,내원,,,,,,
4262,서울열린수치과의원,,,내원,,,,,,
4263,세상모든사랑니치과의원,,,내원,,,,,,
4264,강서쥬니어치과의원,,,내원,,,,,,
4265,마곡베스트치과의원,,,내원,,,,,,
4266,마곡세브란스치과의원,,,내원,,,,,,
4267,서울정바른치과의원,,,내원,,,,,,
4268,서울맥치과의원,,,내원,,,,,,
4269,서울쏙쏙치과의원,,,내원,,,,,,
4270,서울이우택치과의원,,,내원,,,,,,
4271,범석영치과의원,,,내원,,,,,,
4272,에브리치과의원,,,내원,,,,,,
4273,서울디아치과의원,,,내원,,,,,,
4274,연세위시치과의원,,,내원,,,,,,
4275,레노치과의원,,,내원,,,,,,
4276,서울고든치과의원,,,내원,,,,,,
4277,서울사려깊은치과의원,,,내원,,,,,,
4278,연세아이소아청소년과의원,,내원,,,,,,,
4279,김미란서울소아청소년과의원,,내원,,,,,,,
4280,아이사랑소아청소년과의원,,내원,,,,,,,
4281,엔젤소아청소년과의원,,내원,,,,,,,
4282,김진형이비인후과의원,,내원,,,,,,,
4283,예루살렘소아청소년과의원,,내원,,,,,,,
4284,연세한결소아청소년과의원,,내원,,,,,,,
4285,예나산부인과의원,,,,,,,,내원,
4286,예일내과의원,내원,,,내원,내원,내원,,,
4287,속시원한내과의원,내원,,,내원,내원,내원,,,
4288,서울내과의원,내원,,,내원,,내원,,,
4289,서울삼성내과의원,내원,,,내원,,내원,,,
4290,새본내과의원,내원,,,내원,내원,내원,,,
4291,더베스트내과의원,내원,,,내원,내원,내원,내원,내원,
4292,중앙내과의원,,내원,,,,,,,
4293,서울진내과의원,내원,,,내원,내원,내원,,,
4294,(의)열린의료재단예인의원,내원,,,내원,,내원,,,
4295,드림소아청소년과의원,,내원,,,,,,,
4296,우리가정의원,,내원,,,,,,,
4297,삼성영재소아청소년과의원,,내원,,,,,,,
4298,서울가정의학과의원,내원,,,,,내원,,,
4299,연세태산내과의원,내원,,,내원,,내원,,,
4300,미래아이소아청소년과안과의원,,내원,,,,,,,
4301,연세메디의원,,내원,,,,,,,
4302,강상용내과의원,내원,,,내원,내원,내원,내원,내원,
4303,행복숲가정의학과의원,내원,,,,내원,내원,,내원,
4304,박기호내과의원,내원,,,내원,내원,내원,,,
4305,김현영산부인과의원,,,,,,,,내원,
4306,연세가족의원,,내원,,,,,,,
4307,안강현내과의원,내원,,,내원,,내원,,,
4308,연세키즈소아청소년과의원,,내원,,,,,,,
4309,애플산부인과의원,,,,,,,,내원,
4310,강서연세내과의원,내원,,,내원,내원,내원,내원,내원,
4311,송정가정의학과의원,내원,,,,,,,,
4312,제일가정의학과의원,내원,,,내원,내원,내원,,,
4313,삼성화곡소아청소년과의원,,내원,,,,,,,
4314,메디휴제일내과의원,내원,,,내원,내원,내원,내원,내원,
4315,신윤혜소아청소년과의원,,내원,,,,,,,
4316,연세네오소아청소년과의원,,내원,,,,,,,
4317,삼성서울의원,내원,,,내원,,내원,,,
4318,마음속내과의원,내원,,,내원,내원,내원,내원,내원,
4319,고운여성산부인과의원,,,,,,,,내원,
4320,까치산내과의원,내원,,,내원,내원,내원,내원,내원,
4321,다나가정의원,,내원,,,,,,,
4322,삼성참내과의원,내원,,,내원,내원,내원,내원,내원,
4323,마곡휴연합의원,내원,,,내원,내원,내원,,,
4324,벗이비인후과의원,,내원,,,,,,,
4325,류마내과의원,내원,,,,,,,,
4326,박종오내과의원,내원,,,내원,내원,내원,,,
4327,발산연세내과의원,내원,,,내원,내원,내원,내원,내원,
4328,사랑의소아청소년과의원,,내원,,,,,,,
4329,서울안심내과의원,내원,,,내원,내원,내원,,,
4330,연세메디플러스의원,,내원,,,,,,,
4331,삼성바른내과의원,내원,,,내원,내원,내원,내원,내원,
4332,에이치아이여성의원,,,,,,,,내원,
4333,성모탑가정의학과의원,,내원,,,,,,,
4334,아이비산부인과의원,,,,,,,,내원,
4335,메디엘라산부인과의원,,,,,,,,내원,
4336,아산바른내과의원,내원,,,내원,내원,내원,내원,내원,
4337,편안한여성의원,,,,,,,,내원,
4338,이현주산부인과의원,,,,,,,,내원,
4339,마곡중앙내과의원,내원,,,내원,내원,내원,내원,,
4340,마곡성모내과신경과의원,내원,,,내원,내원,내원,내원,내원,
4341,바로내과의원,내원,,,내원,내원,내원,내원,내원,
4342,김성옥소아청소년과의원,,내원,,,,,,,
4343,연세든든내과의원,내원,,,내원,내원,내원,내원,내원,
4344,강서아산내과의원,내원,,,내원,내원,내원,,내원,
4345,연세정성내과의원,내원,,,,,,,,
4346,오율의원(마곡본점),내원,,,,,,,,
4347,서울에코내과의원,내원,,,내원,내원,내원,내원,내원,
4348,에비뉴여성의원,,,,,,,,내원,
4349,삼성편한내과의원,내원,,,내원,내원,내원,내원,내원,
4350,강서베스트내과의원,내원,,,내원,내원,내원,,내원,
4351,뉴튼부부치과의원,,,내원,,,,,,
4352,서울리더스치과의원,,,내원,,,,,,
4353,서울제이치과의원,,,내원,,,,,,
4354,서울행복한아이치과의원,,,내원,,,,,,
4355,우리바른치과의원,,,내원,,,,,,
4356,포레스트치과의원,,,내원,,,,,,
4357,서울하이안치과의원,,,내원,,,,,,
4358,더마곡치과의원,,,내원,,,,,,
4359,마곡푸른마음치과의원,,,내원,,,,,,
4360,연세유앤아이치과의원,,,내원,,,,,,
4361,미소하임치과의원,,,내원,,,,,,
4362,타임치과교정과치과의원,,,내원,,,,,,
4363,보타닉치과의원,,,내원,,,,,,
4364,라이프치과의원,,,내원,,,,,,
4365,서울필치과의원,,,내원,,,,,,
4366,미니멈치과의원,,,내원,,,,,,
4367,이편한세상치과의원(강서점),,,내원,,,,,,
4368,연세두리치과의원,,,내원,,,,,,
4369,바른약속치과의원,,,내원,,,,,,
4370,바른메디내과의원,내원,,,내원,내원,내원,내원,내원,
4371,마곡웰소아청소년과의원,,내원,,,,,,,
4372,서울힘내과의원,내원,,,내원,내원,내원,내원,내원,
4373,삼성힐링내과의원,내원,,,내원,내원,내원,,,
4374,맑은미소내과의원,내원,,,내원,내원,내원,,,
4375,가양성모내과의원,내원,,,내원,내원,내원,내원,내원,
4376,건강하지항외과의원,내원,,,내원,내원,내원,,,
4377,연세현대내과의원,내원,,,내원,내원,내원,내원,내원,
4378,이웃사랑소아청소년과의원,,내원,,,,,,,
4379,88플러스내과의원,내원,,,내원,내원,내원,내원,내원,
4380,정앤정메디컬의원,내원,,,,,,,,
4381,연세위드내과의원,내원,,,내원,내원,내원,내원,내원,
4382,연세우리건강내과의원,내원,,,내원,내원,내원,내원,내원,
4383,아산서울내과의원,내원,,,내원,내원,내원,내원,내원,
4384,마곡스카이내과의원,내원,,,내원,내원,내원,,,
4385,서울소아청소년과의원,,내원,,,,,,,
4386,서울강민신경과의원,내원,,,,,,,,
4387,강서바른내과의원,내원,,,내원,내원,내원,내원,내원,
4388,서울센트럴메디케어의원,내원,,,내원,내원,내원,내원,내원,
4389,세란내과의원,내원,,,내원,내원,내원,내원,내원,
4390,아산온유외과의원,,,,,,,내원,,
4391,은혜소아청소년과의원,,내원,,,,,,,
4392,영화로운여성의원,,,,,,,,내원,
4393,부민프레스티지라이프케어센터마곡의원,내원,,내원,내원,내원,내원,내원,내원,
4394,바른임플러스치과의원,,,내원,,,,,,
4395,희명병원,내원+출장,,,내원,내원,내원,내원,내원,내원
4396,뉴연세의원,,내원,,,,,,,
4397,조윤희산부인과의원,,,,,,,,내원,
4398,사단법인대한산업보건협회부설서울의원,내원+출장,,출장,,,,,,
4399,김재은의원,,내원,,,,,,,
4400,이청민소아청소년과의원,,내원,,,,,,,
4401,명내과의원,내원,,,내원,,내원,,,
4402,김승국소아과의원,,내원,,,,,,,
4403,시흥의원,내원,,,내원,내원,내원,내원,내원,
4404,성내과의원,내원,,,내원,,내원,,,
4405,(재)이랜드재단이랜드의원,내원,,,내원,내원,내원,내원,내원,
4406,연세가정의원,,내원,,,,,,,
4407,빈센트의원,내원,,,내원,,내원,,,
4408,삼성정형외과의원,내원,,,,,,,,
4409,엠제이산부인과의원,,,,,,,내원,내원,
4410,김용호소아청소년과의원,,내원,,,,,,,
4411,한빛내과의원,내원,,,내원,,내원,,,
4412,김홍열내과의원,내원,,,내원,,,,,
4413,연세닥터스내과의원,내원,,,내원,내원,내원,내원,내원,
4414,남문내과의원,내원,,,내원,,내원,,,
4415,이성림산부인과의원,,,,,,,,내원,
4416,박재관치과의원,,,내원,,,,,,
4417,희명치과의원,,,내원,,,,,,
4418,세종치과의원,,,내원,,,,,,
4419,상아치과의원,,,내원,,,,,,
4420,김종훈치과의원,,,내원,,,,,,
4421,장원치과의원,,,내원,,,,,,
4422,한일치과의원,,,내원,,,,,,
4423,사랑가득황치과의원,,,내원,,,,,,
4424,미래서울치과의원,,,내원,,,,,,
4425,김대수치과의원,,,내원,,,,,,
4426,임종호플란트치과의원,,,내원,,,,,,
4427,석치과의원,,,내원,,,,,,
4428,정정균치과의원,,,내원,,,,,,
4429,금천서울치과의원,,,내원,,,,,,
4430,유니콘치과의원,,,내원,,,,,,
4431,베스트e치과의원,,,내원,,,,,,
4432,예인치과의원,,,내원,,,,,,
4433,연세치과의원,,,내원,,,,,,
4434,본치과의원,,,내원,,,,,,
4435,에스제이바른이치과의원,,,내원,,,,,,
4436,금천연세치과의원,,,내원,,,,,,
4437,원치과의원,,,내원,,,,,,
4438,독산모아치과의원,,,내원,,,,,,
4439,아름치과의원,,,내원,,,,,,
4440,이사랑치과의원,,,내원,,,,,,
4441,현치과의원,,,내원,,,,,,
4442,미래치과의원,,,내원,,,,,,
4443,유디치과의원(가산점),,,내원,,,,,,
4444,시흥연세치과의원,,,내원,,,,,,
4445,상쾌한윤치과의원,,,내원,,,,,,
4446,리더스서울치과의원,,,내원,,,,,,
4447,청아치과의원,,,내원,,,,,,
4448,우리치과의원,,,내원,,,,,,
4449,컬럼비아치과의원,,,내원,,,,,,
4450,소구영치과의원,,,내원,,,,,,
4451,연세덴트웰치과의원,,,내원,,,,,,
4452,연세크리스마스치과의원,,,내원,,,,,,
4453,보스턴인필란트치과의원,,,내원,,,,,,
4454,비앤이치과의원,,,내원,,,,,,
4455,모아치과의원,,,내원,,,,,,
4456,금천보스톤치과의원,,,내원,,,,,,
4457,연세웃는치과의원,,,내원,,,,,,
4458,해맑은치과의원,,,내원,,,,,,
4459,연세허브치과의원,,,내원,,,,,,
4460,지앤미치과의원,,,내원,,,,,,
4461,이플란트치과의원,,,내원,,,,,,
4462,참미소치과의원,,,내원,,,,,,
4463,푸른꿈나무치과의원,,,내원,,,,,,
4464,보성치과의원,,,내원,,,,,,
4465,미소나눔치과의원,,,내원,,,,,,
4466,미소치과의원,,,내원,,,,,,
4467,하트치과의원,,,내원,,,,,,
4468,연세스마일치과의원,,,내원,,,,,,
4469,서울주니어치과의원,,,내원,,,,,,
4470,남문튼튼치과의원,,,내원,,,,,,
4471,원서울치과의원,,,내원,,,,,,
4472,금천캐슬치과의원,,,내원,,,,,,
4473,서울올치과의원,,,내원,,,,,,
4474,온유치과의원,,,내원,,,,,,
4475,삼성서울치과의원,,,내원,,,,,,
4476,서울스마트치과의원,,,내원,,,,,,
4477,서울바른마음치과의원,,,내원,,,,,,
4478,치아나라치과의원,,,내원,,,,,,
4479,연세고마운치과의원,,,내원,,,,,,
4480,더바른플란트치과의원,,,내원,,,,,,
4481,리더스탑치과의원,,,내원,,,,,,
4482,서울호치과의원,,,내원,,,,,,
4483,바른이웃치과의원,,,내원,,,,,,
4484,큐프라임가산치과의원,,,내원,,,,,,
4485,최양서치과의원,,,내원,,,,,,
4486,다인치과의원,,,내원,,,,,,
4487,비와이씨디지털치과의원,,,내원,,,,,,
4488,늘봄치과의원,,,내원,,,,,,
4489,금천이엔이치과의원,,,내원,,,,,,
4490,연세세브란스치과의원,,,내원,,,,,,
4491,서울정성치과의원,,,내원,,,,,,
4492,봄플란트치과의원,,,내원,,,,,,
4493,서울식플란트치과의원,,,내원,,,,,,
4494,씨앤케이치과의원,,,내원,,,,,,
4495,서울메이트치과의원,,,내원,,,,,,
4496,연세어반치과의원,,,내원,,,,,,
4497,더라인치과의원,,,내원,,,,,,
4498,서울특별시금천구보건소,,,내원,,,,,,
4499,미래산부인과의원,,,,,,,,내원,
4500,연세조내과의원,내원,,,내원,,내원,,,
4501,제이미즈산부인과의원,,,,,,,,내원,
4502,이장교내과의원,내원,,,내원,내원,내원,내원,내원,
4503,독산내과의원,내원,,,내원,,내원,,,
4504,뉴연세여성의원,,,,,,,내원,내원,
4505,이루탄메디케어의원,내원+출장,,,내원,내원,내원,내원,내원,
4506,김재연내과의원,내원,,,내원,내원,내원,,,
4507,시흥우리들소아청소년과의원,,내원,,,,,,,
4508,(재)한국산업의학연구소래피젠헬스케어의원,내원,,,내원,내원,내원,내원,내원,
4509,건강내과의원,내원,,,내원,내원,,,,
4510,금천하나의원,내원,,,내원,내원,내원,내원,내원,
4511,밝은내일내과의원,내원,,,내원,내원,내원,내원,내원,
4512,성모정소아청소년과의원,,내원,,,,,,,
4513,우리성심의원,내원,,,내원,내원,내원,내원,내원,
4514,엘림의원,,내원,,,,,,,
4515,소중한메디케어의원,내원,,내원,내원,내원,내원,내원,내원,
4516,엠제이소아청소년과의원,,내원,,,,,,,
4517,내일내과의원,내원,,,내원,내원,내원,내원,내원,
4518,금천연세내과의원,내원,,,내원,내원,내원,내원,내원,
4519,웨일산부인과의원,,,,,,,,내원,
4520,플러스소아청소년과의원,,내원,,,,,,,
4521,강남위튼내과의원,내원,,,내원,내원,내원,내원,내원,
4522,금천연세로이소아청소년과의원,,내원,,,,,,,
4523,가산디지털내과의원,내원,,,,,내원,,,
4524,연세가산산부인과의원,,,,,,,,내원,
4525,선플란트치과의원,,,내원,,,,,,
4526,디지털치과의원,,,내원,,,,,,
4527,연세현대치과의원,,,내원,,,,,,
4528,가산테라치과의원,,,내원,,,,,,
4529,서울소나무치과의원,,,내원,,,,,,
4530,맑은미소치과의원,,,내원,,,,,,
4531,연세완치과의원,,,내원,,,,,,
4532,e-좋은치과의원,,,내원,,,,,,
4533,서울삼성소아청소년과의원,내원,내원,,,,,,,
4534,베스트연내과의원,내원,,,내원,내원,내원,내원,내원,
4535,연세탑내과의원,내원,,,내원,내원,내원,내원,내원,
4536,독산참연세의원,내원,,,내원,내원,내원,,,
4537,에벤에셀박소아청소년과의원,,내원,,,,,,,
4538,참편한내과의원,내원,,,내원,내원,내원,,,
4539,서울메디피아의원,내원,,,내원,내원,내원,내원,내원,
4540,이든여성의원,,,,,,,,내원,
4541,애플산부인과의원,,,,,,,,내원,
4542,중앙대학교병원,내원,내원,내원,내원,내원,내원,내원,내원,내원
4543,서울특별시보라매병원,내원,내원,내원,내원,내원,내원,내원,내원,내원
4544,청화병원,내원,내원,,,,,내원,내원,
4545,정동병원,내원,,,내원,내원,내원,내원,내원,
4546,경성의원,내원,,,내원,내원,내원,내원,내원,
4547,이용국내과의원,내원,,,내원,내원,내원,내원,내원,
4548,강미자산부인과의원,,,,,,,,내원,
4549,이경림산부인과의원,,,,,,,,내원,
4550,윤기영소아청소년과의원,,내원,,,,,,,
4551,우소아청소년과의원,,내원,,,,,,,
4552,세명내과의원,내원,,,내원,,내원,,,
4553,권혁철소아과의원,,내원,,,,,,,
4554,세원소아청소년과의원,,내원,,,,,,,
4555,하정훈소아청소년과의원,,내원,,,,,,,
4556,홍소아청소년과의원,,내원,,,,,,,
4557,조내과의원,내원,,,내원,,내원,,,
4558,예성의원,내원,,,내원,내원,내원,내원,내원,
4559,티엘여성의원,,,,,,,,내원,
4560,형운준소아청소년과의원,,내원,,,,,,,
4561,신수재산부인과의원,,,,,,,,내원,
4562,강호경내과의원,내원,,,내원,,내원,,,
4563,배선우내과의원,내원,,,내원,,내원,,,
4564,신대방가정의학과의원,,내원,,,,,,,
4565,삼육오보람의원,,내원,,,,,,,
4566,명소아청소년과의원,,내원,,,,,,,
4567,혜윤산부인과의원,,,,,,,,내원,
4568,현대영상의학과의원,내원,,,,,내원,내원,내원,
4569,김석호내과의원,내원,,,내원,내원,내원,내원,내원,
4570,새사당의원,내원,,,내원,,내원,내원,내원,
4571,유내과의원,내원,,,,,,,,
4572,아이조은성모소아청소년과의원,,내원,,,,,,,
4573,정든소아청소년과의원,,내원,,,,,,,
4574,서울가정의원,,내원,,,,,,,
4575,연세재활의학과의원,내원,,,,,,,,
4576,이영록내과의원,내원,,,내원,,내원,,,
4577,새하늘내과의원,,내원,,,,,,,
4578,신윤내과의원,내원,,,내원,,내원,,,
4579,따뜻한치과병원,,,내원,,,,,,
4580,내이처럼치과병원,,,내원,,,,,,
4581,윤영윤치과의원,,,내원,,,,,,
4582,안정모치과의원,,,내원,,,,,,
4583,김치과의원,,,내원,,,,,,
4584,이화치과의원,,,내원,,,,,,
4585,이앤이치과의원,,,내원,,,,,,
4586,지영철치과의원,,,내원,,,,,,
4587,박석치과의원,,,내원,,,,,,
4588,건치과의원,,,내원,,,,,,
4589,연세치과의원,,,내원,,,,,,
4590,서울민치과의원,,,내원,,,,,,
4591,본치과의원,,,내원,,,,,,
4592,연세에이스치과의원,,,내원,,,,,,
4593,윤철희치과의원,,,내원,,,,,,
4594,현대치과의원,,,내원,,,,,,
4595,미앤미이희정치과의원,,,내원,,,,,,
4596,새연세부부치과의원,,,내원,,,,,,
4597,미소를주는치과의원,,,내원,,,,,,
4598,이사랑치과의원,,,내원,,,,,,
4599,유라치과의원,,,내원,,,,,,
4600,김한욱치과의원,,,내원,,,,,,
4601,하나치과의원,,,내원,,,,,,
4602,황산치과의원,,,내원,,,,,,
4603,정영복치과의원,,,내원,,,,,,
4604,김민우치과의원,,,내원,,,,,,
4605,세란치과의원,,,내원,,,,,,
4606,미소치과의원,,,내원,,,,,,
4607,연세부부치과의원,,,내원,,,,,,
4608,최윤정치과의원,,,내원,,,,,,
4609,연세제일치과의원,,,내원,,,,,,
4610,서울이튼치과의원,,,내원,,,,,,
4611,우리들치과의원,,,내원,,,,,,
4612,아름다운치과의원,,,내원,,,,,,
4613,구재홍치과의원,,,내원,,,,,,
4614,임수환치과의원,,,내원,,,,,,
4615,우리들강치과의원,,,내원,,,,,,
4616,양치과의원,,,내원,,,,,,
4617,세명치과의원,,,내원,,,,,,
4618,하늘치과의원,,,내원,,,,,,
4619,한사랑치과의원,,,내원,,,,,,
4620,유동기치과의원,,,내원,,,,,,
4621,나은치과의원,,,내원,,,,,,
4622,연세굿모닝치과의원,,,내원,,,,,,
4623,연세예울치과의원,,,내원,,,,,,
4624,아름다운미소치과의원,,,내원,,,,,,
4625,상도연세치과의원,,,내원,,,,,,
4626,서울안치과의원,,,내원,,,,,,
4627,행복한치과의원,,,내원,,,,,,
4628,이앤이치과교정과치과의원,,,내원,,,,,,
4629,서울봄치과의원,,,내원,,,,,,
4630,참조은치과의원,,,내원,,,,,,
4631,연세네이버치과교정과치과의원,,,내원,,,,,,
4632,미즈필치과의원,,,내원,,,,,,
4633,연세베스트덴치과의원,,,내원,,,,,,
4634,엠치과의원,,,내원,,,,,,
4635,그린필치과의원,,,내원,,,,,,
4636,서울해치과의원,,,내원,,,,,,
4637,연세어린이사랑치과의원,,,내원,,,,,,
4638,서울뉴스마일치과의원,,,내원,,,,,,
4639,서울미치과의원,,,내원,,,,,,
4640,플란시아치과의원,,,내원,,,,,,
4641,수치과의원,,,내원,,,,,,
4642,윌튼치과의원,,,내원,,,,,,
4643,서울본치과의원,,,내원,,,,,,
4644,미소담치과의원,,,내원,,,,,,
4645,굿모닝치과의원,,,내원,,,,,,
4646,제이든치과의원,,,내원,,,,,,
4647,서진뷰티치과의원,,,내원,,,,,,
4648,연세w치과의원,,,내원,,,,,,
4649,그린시카고치과의원,,,내원,,,,,,
4650,연세봄이오는치과의원,,,내원,,,,,,
4651,서울에스엔유(SNU)치과의원,,,내원,,,,,,
4652,라움치과의원,,,내원,,,,,,
4653,서울의료복지사회적협동조합우리네치과의원,,,내원,,,,,,
4654,연세좋은치과의원,,,내원,,,,,,
4655,연세스마트치과의원,,,내원,,,,,,
4656,싱아치과의원,,,내원,,,,,,
4657,라라치과의원,,,내원,,,,,,
4658,웰플란트치과의원,,,내원,,,,,,
4659,금아치과의원,,,내원,,,,,,
4660,건강치과의원,,,내원,,,,,,
4661,화이트연세치과의원,,,내원,,,,,,
4662,서울에스치과의원,,,내원,,,,,,
4663,연세하늘치과의원,,,내원,,,,,,
4664,좋은이웃치과의원,,,내원,,,,,,
4665,한마음치과의원,,,내원,,,,,,
4666,이웰치과의원,,,내원,,,,,,
4667,페리오치과의원,,,내원,,,,,,
4668,서울정＆오치과의원,,,내원,,,,,,
4669,서울고치과의원,,,내원,,,,,,
4670,이수CDC어린이치과의원,,,내원,,,,,,
4671,보스톤치과의원,,,내원,,,,,,
4672,연세자연치과의원,,,내원,,,,,,
4673,서울프라임치과의원,,,내원,,,,,,
4674,연세엘라인치과의원,,,내원,,,,,,
4675,율치과의원,,,내원,,,,,,
4676,연세꿈사랑아이치과의원,,,내원,,,,,,
4677,이튼치과의원,,,내원,,,,,,
4678,이경수서울치과의원,,,내원,,,,,,
4679,한빛치과의원,,,내원,,,,,,
4680,연세신나는아이치과의원,,,내원,,,,,,
4681,호산나치과의원,,,내원,,,,,,
4682,밝은미소치과의원,,,내원,,,,,,
4683,e하임치과의원,,,내원,,,,,,
4684,명인치과의원,,,내원,,,,,,
4685,오늘하루치과의원,,,내원,,,,,,
4686,서울민플러스치과의원,,,내원,,,,,,
4687,자작나무치과의원,,,내원,,,,,,
4688,서울더원치과의원,,,내원,,,,,,
4689,연세채움치과의원,,,내원,,,,,,
4690,더자연치과의원,,,내원,,,,,,
4691,이아름다운치과의원,,,내원,,,,,,
4692,상도이편한치과의원,,,내원,,,,,,
4693,시너지치과의원,,,내원,,,,,,
4694,리더스진치과의원,,,내원,,,,,,
4695,서울더원플러스치과의원,,,내원,,,,,,
4696,연세와이즈치과의원,,,내원,,,,,,
4697,서울유(U)치과의원,,,내원,,,,,,
4698,이수안심치과의원,,,내원,,,,,,
4699,하이치과의원,,,내원,,,,,,
4700,보라매새이나치과의원,,,내원,,,,,,
4701,연세제이치과의원,,,내원,,,,,,
4702,이수자연치과의원,,,내원,,,,,,
4703,서울봄날치과교정과치과의원,,,내원,,,,,,
4704,연세고마운치과의원,,,내원,,,,,,
4705,바른윤치과의원,,,내원,,,,,,
4706,서울새로치과의원,,,내원,,,,,,
4707,전로원내과의원,내원,,,내원,,내원,,,
4708,사랑을나누는의원,내원,내원,,내원,,내원,,,
4709,노현주산부인과의원,,,,,,,,내원,
4710,임해성내과의원,내원,,,내원,내원,내원,내원,내원,
4711,송가정의학과의원,,내원,,,,,,,
4712,삼성의원,,,,,,,,내원,
4713,유영조내과의원,내원,,,내원,,내원,,,
4714,연희산부인과의원,,,,,,,,내원,
4715,한양재활의학과의원,,내원,,,,,,,
4716,서울김내과의원,내원,내원,,내원,,,,,
4717,중앙내과의원,내원,,,,,,,,
4718,드림이비인후과의원,내원,,,,,,,,
4719,현성의원,,내원,,,,,,,
4720,연세내과의원,내원,,,내원,내원,내원,내원,내원,
4721,삼성열린내과의원,내원,,,내원,내원,내원,내원,내원,
4722,이지은산부인과의원,,,,,,,,내원,
4723,연합소화내과의원,내원,,,내원,내원,내원,,,
4724,늘건강내과이비인후과의원,내원,,,내원,내원,내원,내원,내원,
4725,365미소내과의원,내원,,,내원,내원,내원,,내원,
4726,서울키즈소아청소년과의원,,내원,,,,,,,
4727,삼성드림내과의원,내원,,,내원,내원,내원,내원,내원,
4728,아이사랑소아청소년과의원,,내원,,,,,,,
4729,예일성모내과의원,내원,,,,,,,,
4730,조은내과의원,내원,,,내원,,내원,,,
4731,기쁨준내과의원,내원,,,내원,내원,내원,,,
4732,루이스산부인과의원,,,,,,,,내원,
4733,나눔과더함이비인후과소아청소년과의원,,내원,,,,,,,
4734,행복한아침내과의원,내원,,,내원,내원,내원,,,
4735,아산바른내과의원,내원,,,내원,내원,내원,내원,내원,
4736,우성용1내과의원,내원,,,내원,내원,내원,내원,내원,
4737,미래탑내과의원,내원,,,내원,내원,내원,내원,내원,
4738,사계절내과의원,내원,,,내원,내원,내원,내원,내원,
4739,연세미소그린치과의원,,,내원,,,,,,
4740,하늘빛치과의원,,,내원,,,,,,
4741,상도열린치과의원,,,내원,,,,,,
4742,신앤범치과의원,,,내원,,,,,,
4743,유치과의원,,,내원,,,,,,
4744,상도올빼미치과의원,,,내원,,,,,,
4745,이수스마트치과의원,,,내원,,,,,,
4746,동행치과의원,,,내원,,,,,,
4747,상도행복한아이치과의원,,,내원,,,,,,
4748,어울림치과의원,,,내원,,,,,,
4749,이수연세세브란스치과의원,,,내원,,,,,,
4750,서울하늘치과의원,,,내원,,,,,,
4751,서울열린치과의원,,,내원,,,,,,
4752,루빈여성의원,,,,,,,,내원,
4753,가장편한내과의원,내원,,,내원,내원,내원,내원,,
4754,색다른의원,,,,,,,,내원,
4755,연세유앤선영상의학과의원,,,,,,,내원,,
4756,우리내과의원,내원,,,,,내원,,,
4757,수누리내과의원,내원,,,내원,내원,내원,내원,내원,
4758,연세이음소아청소년과의원,,내원,,,,,,,
4759,자라미소아청소년과의원,,내원,,,,,,,
4760,다시봄의원,,내원,,,,,,,
4761,루봄산부인과의원,,,,,,,,내원,
4762,서울에이스내과의원,내원,,,내원,내원,내원,내원,내원,
4763,다엘소아청소년과의원,,내원,,,,,,,
4764,바른신치과의원,,,내원,,,,,,
4765,연세대학교의과대학강남세브란스병원,,내원,,,,,,,
4766,차의과학대학교강남차병원,내원,내원,내원,내원,내원,내원,내원,내원,
4767,강남베드로병원,내원,,,내원,내원,내원,내원,내원,내원
4768,선한목자병원,내원,,,내원,내원,내원,내원,내원,
4769,강남제이에스병원,내원,,,,,,,,
4770,강남유나이티드병원,내원,,,내원,내원,내원,내원,내원,
4771,송영명소아과의원,,내원,,,,,,,
4772,미녀사랑산부인과의원,,,,,,,,내원,
4773,인터케어내과의원,내원,,내원,내원,내원,내원,내원,내원,
4774,황경희산부인과의원,,,,,,,,내원,
4775,소화의원,,내원,,,,,,,
4776,정산부인과의원,,,,,,,,내원,
4777,아델산부인과의원,,,,,,,,내원,
4778,노원재산부인과의원,,,,,,,,내원,
4779,유미정산부인과의원,,,,,,,,내원,
4780,강남우리집의원,내원,,,내원,내원,내원,,내원,
4781,서울제이소아청소년과의원,,내원,,,,,,,
4782,라이브치과병원,,,내원+출장,,,,,,
4783,서울페이스21치과병원,,,내원,,,,,,
4784,장순희치과의원,,,내원,,,,,,
4785,문제원치과의원,,,내원,,,,,,
4786,강남박치과의원,,,내원,,,,,,
4787,연세케이치과의원,,,내원,,,,,,
4788,이재학치과의원,,,내원,,,,,,
4789,타워팰리스치과의원,,,내원,,,,,,
4790,고운얼굴치과의원,,,내원,,,,,,
4791,박치과의원,,,내원,,,,,,
4792,청아한치과의원,,,내원,,,,,,
4793,화이트스타일치과의원,,,내원+출장,,,,,,
4794,에이스플란트치과의원,,,내원,,,,,,
4795,백림치과의원,,,내원,,,,,,
4796,할렐루야치과의원,,,내원,,,,,,
4797,이스턴치과의원,,,내원,,,,,,
4798,정경천치과의원,,,내원,,,,,,
4799,김태영치과의원,,,내원,,,,,,
4800,포이연치과의원,,,내원,,,,,,
4801,양치과의원,,,내원,,,,,,
4802,미치과의원,,,내원,,,,,,
4803,윤영희독일치과의원,,,내원,,,,,,
4804,김경현치과의원,,,내원,,,,,,
4805,김종삼치과의원,,,내원,,,,,,
4806,석탑치과의원,,,내원,,,,,,
4807,SKY(스카이)치과의원,,,내원,,,,,,
4808,강남연세치과의원,,,내원,,,,,,
4809,서울한사랑치과의원,,,내원,,,,,,
4810,스마일존치과의원,,,내원,,,,,,
4811,아이치과의원,,,내원,,,,,,
4812,서울미치과의원,,,내원,,,,,,
4813,이-믿음치과의원,,,내원,,,,,,
4814,개포인치과의원,,,내원,,,,,,
4815,이원상치과의원,,,내원,,,,,,
4816,다모아치과의원,,,내원,,,,,,
4817,아이들세상치과의원,,,내원,,,,,,
4818,뉴욕연세치과의원,,,내원,,,,,,
4819,엠구강악안면외과치과의원,,,내원,,,,,,
4820,서울에스타운치과의원,,,내원,,,,,,
4821,서울유러치과의원,,,내원,,,,,,
4822,준치과의원,,,내원,,,,,,
4823,강남하나로치과의원,,,내원,,,,,,
4824,연세고운미소치과의원,,,내원,,,,,,
4825,강남심미치과보철과치과의원,,,내원,,,,,,
4826,채치과의원,,,내원,,,,,,
4827,덴타피아치과의원,,,내원,,,,,,
4828,이스타치과의원,,,내원,,,,,,
4829,아름다운치과의원,,,내원,,,,,,
4830,파크에비뉴치과의원,,,내원,,,,,,
4831,연세티스치과의원,,,내원,,,,,,
4832,손고운치과의원,,,내원,,,,,,
4833,보아치과의원,,,내원,,,,,,
4834,서울혜치과의원,,,내원,,,,,,
4835,바른해치과교정과치과의원,,,내원,,,,,,
4836,큐원치과의원,,,내원,,,,,,
4837,스타일치과의원,,,내원,,,,,,
4838,가나가와치과의원,,,내원,,,,,,
4839,킹콩치과의원,,,내원,,,,,,
4840,서울스타치과의원,,,내원,,,,,,
4841,서울위드치과의원,,,내원,,,,,,
4842,바노바기일레븐치과의원,,,내원,,,,,,
4843,서울윙크치과의원,,,내원,,,,,,
4844,개포어울림치과의원,,,내원,,,,,,
4845,서울주니어치과의원,,,내원,,,,,,
4846,강남클리어치과의원,,,내원,,,,,,
4847,헤리치과의원,,,내원,,,,,,
4848,제아치과의원,,,내원+출장,,,,,,
4849,서울리더스치과의원,,,내원,,,,,,
4850,에이티에이치과의원,,,내원,,,,,,
4851,서울티에스치과의원,,,내원,,,,,,
4852,비타바른이치과의원,,,내원,,,,,,
4853,포샤르플란트치과의원,,,내원,,,,,,
4854,서울열린치과의원,,,내원,,,,,,
4855,연세로운치과의원,,,내원,,,,,,
4856,웰스치과의원,,,내원,,,,,,
4857,연세예은치과의원,,,내원,,,,,,
4858,서울이채움치과의원,,,내원,,,,,,
4859,디데이치과의원,,,내원,,,,,,
4860,르치과의원,,,내원,,,,,,
4861,이현원치과의원,,,내원,,,,,,
4862,우리들윤치과의원,,,내원,,,,,,
4863,현미경치과의원,,,내원,,,,,,
4864,역삼연치과의원,,,내원,,,,,,
4865,연세꿈꾸는치과의원,,,내원,,,,,,
4866,연세문치과의원,,,내원,,,,,,
4867,선릉애플치과의원,,,내원,,,,,,
4868,강남편안한치과의원,,,내원,,,,,,
4869,조성용치과의원,,,내원,,,,,,
4870,리솜치과의원,,,내원,,,,,,
4871,컴플란트치과의원,,,내원,,,,,,
4872,서울특별치과교정과의원,,,내원,,,,,,
4873,역삼365치과의원,,,내원,,,,,,
4874,강남치유치과의원,,,내원,,,,,,
4875,지디스내과의원,내원,,,내원,내원,내원,내원,,
4876,이미원산부인과의원,,,,,,,,내원,
4877,신소애여성의원,,,,,,,내원,내원,
4878,스카이소아청소년과의원,,내원,,,,,,,
4879,강남포도여성의원,,,,,,,,내원,
4880,노인화산부인과의원,,,,,,,,내원,
4881,무지개의원,,내원,,,,,,,
4882,조은내과의원,내원,,,내원,내원,내원,내원,내원,
4883,연세펠리체여성의원,,,,,,,,내원,
4884,연세우리소아청소년과의원,,내원,,,,,,,
4885,에스여성의원,,,,,,,,내원,
4886,양재내과의원,내원,,,내원,내원,내원,,,
4887,강남연세소아과의원,,내원,,,,,,,
4888,센텀메디의원,내원,,,내원,내원,내원,,,
4889,청담이든의원,,내원,,,,,,,
4890,삼성키즈소아청소년과의원,,내원,,,,,,,
4891,강남리즈산부인과의원,,,,,,,,내원,
4892,강남미즈힐산부인과의원,,,,,,,,내원,
4893,서울배내과의원,내원,,,내원,내원,내원,,,
4894,리더스내과가정의학과의원,내원,,,내원,내원,내원,내원,내원,
4895,도곡함춘산부인과의원,,내원,,,,,,내원,
4896,신유외과의원,,,,,,,내원,,
4897,재단법인서울의과학연구소하나로리더스의원,내원,,,내원,내원,내원,내원,내원,
4898,연세정앤김내과의원,내원,,,내원,내원,내원,,내원,
4899,미즈봄산부인과의원,,,,,,,,내원,
4900,조엔소아청소년과의원,,내원,,,,,,,
4901,이지스로앤산부인과의원,,,,,,,,내원,
4902,최진명내과의원,내원,,,내원,내원,내원,,,
4903,루미나산부인과의원,,,,,,,,내원,
4904,김미진내과의원,내원,,,,,,,,
4905,강남성모내과의원,내원,,,내원,내원,내원,,,
4906,레아산부인과의원,,,,,,,,내원,
4907,나를위한산부인과의원,,,,,,,,내원,
4908,퀸스유의원,,,,,,,내원,,
4909,다움산부인과의원,,,,,,,,내원,
4910,에이퀸산부인과의원,,,,,,,,내원,
4911,강남박내과의원,내원,,,내원,내원,내원,,,
4912,오리진치과의원,,,내원,,,,,,
4913,행복드림치과의원,,,내원,,,,,,
4914,베스트덴치과의원,,,내원,,,,,,
4915,보하치과의원,,,내원,,,,,,
4916,베스티안구강악안면외과치과의원,,,내원,,,,,,
4917,연세백치과의원,,,내원,,,,,,
4918,바닐라치과의원,,,내원,,,,,,
4919,강남샘치과의원,,,내원,,,,,,
4920,더편한현내과의원,내원,,,내원,내원,내원,,,
4921,삼성드림소아청소년과의원,,내원,,,,,,,
4922,삼성드림내과의원,내원,,,내원,내원,내원,내원,내원,
4923,연세바다소아청소년과의원,,내원,,,,,,,
4924,삼성더건강내과의원,내원,,,내원,내원,내원,내원,내원,
4925,은혜산부인과의원,,,,,,,,내원,
4926,조아라산부인과의원,,,,,,,,내원,
4927,삼성퍼스티어산부인과의원,,,,,,,,내원,
4928,연세도우리소아청소년과의원,,내원,,,,,,,
4929,강남웰니스내과의원,내원,,,내원,내원,내원,내원,내원,
4930,김주희유외과의원,,,,,,,내원,,
4931,개포삼성앤서울내과의원,내원,,,내원,내원,내원,내원,내원,
4932,더연세미즈산부인과의원,,,,,,,,내원,
4933,연세아이웰소아청소년과의원,,내원,,,,,,,
4934,양재온소아청소년과의원,,내원,,,,,,,
4935,첫걸음산부인과의원,,,,,,,,내원,
4936,리나여성의원,,,,,,,,내원,
4937,한국보훈복지의료공단중앙보훈병원,내원,내원,내원,,,,,내원,
4938,성심의료재단강동성심병원,내원,내원,내원,내원,내원,내원,내원,내원,
4939,강동경희대학교의대병원,내원,,,내원,내원,내원,내원,내원,내원
4940,양병원,내원,,내원,내원,내원,내원,내원,내원,
4941,리더스병원,내원,,,내원,내원,내원,,,
4942,청병원,내원,,,내원,내원,내원,내원,내원,
4943,조은마디병원,내원,,,내원,내원,내원,내원,내원,
4944,사랑플러스병원,내원,,,내원,내원,내원,내원,내원,
4945,달려라병원,내원,,,내원,내원,내원,,,
4946,허리나은병원,내원,,,,,내원,,,
4947,올바른서울병원,내원,,,내원,내원,내원,내원,내원,
4948,고은빛여성병원,내원,,,내원,내원,,내원,내원,
4949,서울미즈병원,내원,내원,,내원,내원,내원,내원,내원,
4950,서울현대요양병원,내원,,,,,,,,
4951,석정우소아과의원,,내원,,,,,,,
4952,지엘여성의원,,,,,,,,내원,
4953,김창환산부인과의원,,,,,,,,내원,
4954,해맑은소아청소년과의원,,내원,,,,,,,
4955,서울소아청소년과의원,,내원,,,,,,,
4956,한나산부인과의원,,,,,,,,내원,
4957,고내과의원,내원,,,,,내원,,,
4958,김상곤내과의원,내원,,,내원,,내원,,,
4959,연세내과의원,내원,,,내원,,내원,,,
4960,이종수내과의원,내원,,,내원,,내원,,,
4961,연세이내과의원,내원,,,내원,,내원,,,
4962,정형진내과의원,내원,,,내원,내원,내원,,,
4963,노민관가정의학과의원,내원,,,내원,,내원,,,
4964,최경훈소아과의원,,내원,,,,,,,
4965,정인성내과의원,내원,,,내원,내원,내원,내원,,
4966,혜민소아청소년과의원,,내원,,,,,,,
4967,명일건내과의원,내원,,,,,,,,
4968,우정희산부인과의원,,,,,,,,내원,
4969,고운맘의원,,내원,,,,,,,
4970,예은산부인과의원,,,,,,,,내원,
4971,이현미소아과의원,,내원,,,,,,,
4972,퀸즈여성의원,,,,,,,,내원,
4973,조희준내과의원,내원,,,내원,내원,내원,,,
4974,정소아과의원,,내원,,,,,,,
4975,송산부인과의원,,,,,,,,내원,
4976,유나산부인과의원,,,,,,,,내원,
4977,365열린의원,내원,,,,,,,,
4978,서울준내과의원,내원,,,내원,내원,내원,,,
4979,김형철신경과의원,내원,,,,,,,,
4980,조한준가정의학과의원,내원,내원,,내원,내원,내원,,,
4981,오수혁내과의원,내원,내원,,내원,내원,내원,,,
4982,연세미래엔미소치과병원,,,내원,,,,,,
4983,아이엠치과병원,,,내원,,,,,,
4984,진치과의원,,,내원,,,,,,
4985,박동호치과의원,,,내원,,,,,,
4986,서울바른강치과의원,,,내원,,,,,,
4987,최광식치과의원,,,내원,,,,,,
4988,박치과의원,,,내원,,,,,,
4989,스카이치과의원,,,내원,,,,,,
4990,김종원치과의원,,,내원,,,,,,
4991,이윤종치과의원,,,내원,,,,,,
4992,권오양치과의원,,,내원,,,,,,
4993,미소진치과의원,,,내원,,,,,,
4994,연세스마일치과의원,,,내원,,,,,,
4995,모람들치과의원,,,내원,,,,,,
4996,명성연세치과의원,,,내원,,,,,,
4997,수인치과의원,,,내원,,,,,,
4998,강동예치과의원,,,내원,,,,,,
4999,연세보스톤치과의원,,,내원,,,,,,
5000,황치과의원,,,내원,,,,,,
5001,강동예사랑치과의원,,,내원,,,,,,
5002,백재현치과의원,,,내원,,,,,,
5003,정동인치과의원,,,내원,,,,,,
5004,강동치과의원,,,내원,,,,,,
5005,이경은치과의원,,,내원,,,,,,
5006,백상치과의원,,,내원,,,,,,
5007,연세유펜치과의원,,,내원,,,,,,
5008,홍현식치과의원,,,내원,,,,,,
5009,이충원치과의원,,,내원,,,,,,
5010,참좋은김치과의원,,,내원,,,,,,
5011,김재호치과의원,,,내원,,,,,,
5012,예스치과의원,,,내원,,,,,,
5013,다정한김치과의원,,,내원,,,,,,
5014,이심는치과의원,,,내원,,,,,,
5015,연세이튼튼치과의원,,,내원,,,,,,
5016,갈릴리치과의원,,,내원,,,,,,
5017,중앙치과의원,,,내원,,,,,,
5018,명일치과의원,,,내원,,,,,,
5019,황승하치과의원,,,내원,,,,,,
5020,연세프라임치과의원,,,내원,,,,,,
5021,강동본치과의원,,,내원,,,,,,
5022,서울치과의원,,,내원,,,,,,
5023,김회종치과의원,,,내원,,,,,,
5024,계명치과의원,,,내원,,,,,,
5025,연세예일치과의원,,,내원,,,,,,
5026,화인치과의원,,,내원,,,,,,
5027,하나치과의원,,,내원,,,,,,
5028,김현주치과의원,,,내원,,,,,,
5029,안승민치과의원,,,내원,,,,,,
5030,동주치과의원,,,내원,,,,,,
5031,둔촌연세치과의원,,,내원,,,,,,
5032,우리들치과의원,,,내원,,,,,,
5033,로덴예인치과의원,,,내원,,,,,,
5034,길동치과의원,,,내원,,,,,,
5035,새로운치과의원,,,내원,,,,,,
5036,예플러스치과의원,,,내원,,,,,,
5037,참고운치과의원,,,내원,,,,,,
5038,서정민치과의원,,,내원,,,,,,
5039,캐슬부부치과의원,,,내원,,,,,,
5040,하모니치과의원,,,내원,,,,,,
5041,구동준치과의원,,,내원,,,,,,
5042,신광철치과의원,,,내원,,,,,,
5043,아이세상치과의원,,,내원,,,,,,
5044,센트럴조은치과의원,,,내원,,,,,,
5045,신용치과의원,,,내원,,,,,,
5046,예송치과의원,,,내원,,,,,,
5047,서울보스턴치과의원,,,내원,,,,,,
5048,해모수치과의원,,,내원,,,,,,
5049,고운이치과의원,,,내원,,,,,,
5050,올림픽오라클치과의원,,,내원,,,,,,
5051,강동미치과의원,,,내원,,,,,,
5052,자이연세치과의원,,,내원,,,,,,
5053,오케이(OK)플러스치과의원,,,내원,,,,,,
5054,고덕서울치과의원,,,내원,,,,,,
5055,한빛치과의원,,,내원,,,,,,
5056,밝은미소치과의원,,,내원,,,,,,
5057,이지치과의원,,,내원,,,,,,
5058,뉴(New)화이트치과의원,,,내원,,,,,,
5059,연세웰주니어치과의원,,,내원,,,,,,
5060,서울미소치과의원,,,내원,,,,,,
5061,서울로뎀치과의원,,,내원,,,,,,
5062,상일치과의원,,,내원,,,,,,
5063,복음치과의원,,,내원,,,,,,
5064,강동뉴욕치과의원,,,내원,,,,,,
5065,화이트치과의원,,,내원,,,,,,
5066,연세웰치과의원,,,내원,,,,,,
5067,허브치과의원,,,내원,,,,,,
5068,최성호치과의원,,,내원,,,,,,
5069,연세인치과의원,,,내원,,,,,,
5070,길동유디치과의원,,,내원,,,,,,
5071,이튼치과의원,,,내원,,,,,,
5072,강동웰치과의원,,,내원,,,,,,
5073,미소가아름다운치과교정과치과의원,,,내원,,,,,,
5074,정다운치과의원,,,내원,,,,,,
5075,그루터기치과의원,,,내원,,,,,,
5076,평화치과의원,,,내원,,,,,,
5077,그라시움치과의원,,,내원,,,,,,
5078,화목한치과의원,,,내원,,,,,,
5079,강동연세웰치과의원,,,내원,,,,,,
5080,연우치과의원,,,내원,,,,,,
5081,서울수치과의원,,,내원,,,,,,
5082,아틀라스치과의원,,,내원,,,,,,
5083,효치과의원,,,내원,,,,,,
5084,이우치과의원,,,내원,,,,,,
5085,미소나눔치과의원,,,내원,,,,,,
5086,열린치과의원,,,내원,,,,,,
5087,연세토브치과의원,,,내원,,,,,,
5088,연치과의원,,,내원,,,,,,
5089,연세진치과의원,,,내원,,,,,,
5090,아름다운치과의원,,,내원,,,,,,
5091,오라클치과의원,,,내원,,,,,,
5092,아이비서울치과의원,,,내원,,,,,,
5093,서울본치과의원,,,내원,,,,,,
5094,서울오케이치과의원,,,내원,,,,,,
5095,올치과의원,,,내원,,,,,,
5096,연세우주치과의원,,,내원,,,,,,
5097,연세고운미소치과의원,,,내원,,,,,,
5098,센트럴뉴욕치과의원,,,내원,,,,,,
5099,진플러스치과의원,,,내원,,,,,,
5100,유디천호치과의원,,,내원,,,,,,
5101,서울프라임치과의원,,,내원,,,,,,
5102,연세플러스치과의원,,,내원,,,,,,
5103,서울건치과의원,,,내원,,,,,,
5104,우리치과의원,,,내원,,,,,,
5105,서울준치과의원,,,내원,,,,,,
5106,서울엠치과의원,,,내원,,,,,,
5107,서울굿닥터치과의원,,,내원,,,,,,
5108,우리스마트치과의원,,,내원,,,,,,
5109,연세삼성치과의원,,,내원,,,,,,
5110,예스미르치과의원,,,내원,,,,,,
5111,서울길치과의원,,,내원,,,,,,
5112,연세키즈사랑치과의원,,,내원,,,,,,
5113,서울바른치과교정과치과의원,,,내원,,,,,,
5114,이앤유치과의원,,,내원,,,,,,
5115,미소탑치과의원,,,내원,,,,,,
5116,시그니처치과교정과치과의원,,,내원,,,,,,
5117,서울S치과의원,,,내원,,,,,,
5118,명일도담치과의원,,,내원,,,,,,
5119,강동이건치과의원,,,내원,,,,,,
5120,서울미래치과의원,,,내원,,,,,,
5121,올바른치과의원,,,내원,,,,,,
5122,포레온나인치과의원,,,내원,,,,,,
5123,더공감치과의원,,,내원,,,,,,
5124,고덕서울오케이치과의원,,,내원,,,,,,
5125,고덕리더스치과의원,,,내원,,,,,,
5126,길동닥터윤치과의원,,,내원,,,,,,
5127,라이프치과의원,,,내원,,,,,,
5128,서울열린치과의원,,,내원,,,,,,
5129,높은덕치과의원,,,내원,,,,,,
5130,연세타이밍치과의원,,,내원,,,,,,
5131,연세센트럴치과의원,,,내원,,,,,,
5132,늘바른치과의원,,,내원,,,,,,
5133,서울더편한치과의원,,,내원,,,,,,
5134,센트럴성모치과의원,,,내원,,,,,,
5135,강일동녘치과의원,,,내원,,,,,,
5136,닥터재일치과의원,,,내원,,,,,,
5137,강동맑은치과의원,,,내원,,,,,,
5138,강동류치과의원,,,내원,,,,,,
5139,고덕아이온소아치과치과의원,,,내원,,,,,,
5140,솔트치과의원,,,내원,,,,,,
5141,연세우주아이정치과의원,,,내원,,,,,,
5142,한울치과보철과치과의원,,,내원,,,,,,
5143,연세강철구치과보철과치과의원,,,내원,,,,,,
5144,서울배치과의원,,,내원,,,,,,
5145,서울주치과의원,,,내원,,,,,,
5146,암사중앙치과의원,,,내원,,,,,,
5147,명일제일치과의원,,,내원,,,,,,
5148,365서울바로치과의원,,,내원,,,,,,
5149,서울바르디치과의원,,,내원,,,,,,
5150,디어스치과의원,,,내원,,,,,,
5151,이로운치과의원,,,내원,,,,,,
5152,아임플란치과의원,,,내원,,,,,,
5153,온빛치과의원,,,내원,,,,,,
5154,온아치과의원,,,내원,,,,,,
5155,서울이레소망치과의원,,,내원,,,,,,
5156,천호온사랑치과의원,,,내원,,,,,,
5157,강동씨엘치과의원,,,내원,,,,,,
5158,미래치과의원,,,내원,,,,,,
5159,서울닥터호치과교정과치과의원,,,내원,,,,,,
5160,서울더고운치과의원,,,내원,,,,,,
5161,서울안아프게치과의원,,,내원,,,,,,
5162,연세조이플란트치과의원,,,내원,,,,,,
5163,연세꿈꾸는치과교정과의원,,,내원,,,,,,
5164,트리움치과의원,,,내원,,,,,,
5165,연세송병재치과교정과의원,,,내원,,,,,,
5166,이룸치과의원,,,내원,,,,,,
5167,연세그리다치과의원,,,내원,,,,,,
5168,강동구보건소,내원,,내원,,,,,,
5169,참잘함한방병원,내원,,,,,,,,
5170,고은빛소아청소년과의원,,내원,,,,,,,
5171,위앤장참사랑내과의원,내원,,,내원,내원,내원,,,
5172,이준상내과의원,내원,,,내원,,내원,내원,,
5173,푸른산부인과의원,,,,,,,,내원,
5174,강동내과의원,내원,,,내원,내원,내원,내원,,
5175,늘편한내과의원,내원,,,,,내원,,,
5176,행복한아이소아청소년과의원,,내원,,,,,,,
5177,명성연세내과의원,내원,,,,,내원,,,
5178,예사랑의원,,내원,,,,,,,
5179,영림내과의원,내원,,,내원,내원,내원,내원,내원,
5180,강동연세내과의원,내원,,,내원,내원,내원,내원,,
5181,김윤아산부인과의원,,,,,,,,내원,
5182,가람내과의원,내원,,,,,내원,,,
5183,미애로여성의원,,,,,,,,내원,
5184,다사랑산부인과의원,,,,,,,,내원,
5185,강동서울의원,내원,내원,,내원,내원,내원,내원,내원,
5186,서울삼성내과의원,내원,,,내원,내원,내원,,,
5187,훈훈한내과의원,내원,,,내원,내원,내원,내원,내원,
5188,강동김내과의원,내원,,,내원,내원,내원,내원,내원,
5189,류마내과의원,내원,,,,,내원,,내원,
5190,로앤산부인과의원,,,,,,,,내원,
5191,하나의원,,내원,,,,,,,
5192,서울수소아청소년과의원,,내원,,,,,,,
5193,길동미래로내과의원,내원,,,내원,내원,내원,,,
5194,강일성모내과의원,내원,,,내원,내원,내원,,,
5195,준소아청소년과의원,,내원,,,,,,,
5196,조이소아청소년과의원,,내원,,,,,,,
5197,무지개소아청소년과의원,,내원,,,,,,,
5198,다온소아청소년과의원,,내원,,,,,,,
5199,위드소아청소년과의원,,내원,,,,,,,
5200,상일에이치(H)내과의원,내원,,,내원,내원,내원,,,
5201,예흠소아청소년과의원,,내원,,,,,,,
5202,진산부인과의원,,,,,,,,내원,
5203,이준호내과의원,내원,,,내원,내원,내원,,,
5204,닥터손의원,내원,,,내원,내원,내원,,,
5205,유앤장이비인후과의원,내원,내원,,내원,내원,내원,,내원,
5206,강동한내과의원,내원,,,,,내원,,,
5207,연세바른내과의원,내원,,,내원,내원,내원,,,
5208,연세용한내과의원,내원,,,내원,내원,내원,,,
5209,강동드림산부인과의원,,내원,,,,,내원,내원,
5210,강동중앙내과외과의원,내원,,,내원,내원,내원,내원,내원,
5211,한마음의원,내원,,,내원,,내원,내원,내원,
5212,안녕소아청소년과의원,,내원,,,,,,,
5213,조상희소아청소년과의원,,내원,,,,,,,
5214,고덕편한내과의원,내원,,,내원,내원,내원,내원,내원,
5215,류마변세진내과의원,내원,,,,,내원,,,
5216,서울플러스내과의원,내원,,,내원,내원,내원,내원,내원,
5217,아산본내과의원,내원,,,,,내원,,,
5218,고덕성심소아청소년과의원,,내원,,,,,,,
5219,문앤장내과의원,내원,,,내원,내원,내원,내원,내원,
5220,고운누리소아청소년과의원,,내원,,,,,,,
5221,스마일소아청소년과의원,,내원,,,,,,,
5222,서울아산내과의원,내원,,,내원,내원,내원,내원,내원,
5223,삼성드림소아청소년과의원,,내원,,,,,,,
5224,고덕바른속내과의원,내원,,,내원,내원,내원,내원,내원,
5225,명일연세내과의원,내원,,,내원,내원,내원,내원,내원,
5226,연세이웃치과의원,,,내원,,,,,,
5227,연세남기세치과의원,,,내원,,,,,,
5228,대학치과의원,,,내원,,,,,,
5229,믿음치과의원,,,내원,,,,,,
5230,더(The)소망치과의원,,,내원,,,,,,
5231,코랄치과의원,,,내원,,,,,,
5232,소중한이치과의원,,,내원,,,,,,
5233,이솔치과의원,,,내원,,,,,,
5234,연세메이트치과의원,,,내원,,,,,,
5235,타임치과의원,,,내원,,,,,,
5236,준플란트치과의원,,,내원,,,,,,
5237,클로버치과의원,,,내원,,,,,,
5238,다홍치과의원,,,내원,,,,,,
5239,허니플란트치과의원,,,내원,,,,,,
5240,서울더자연치과의원,,,내원,,,,,,
5241,바른손치과의원,,,내원,,,,,,
5242,서울와이드치과의원,,,내원,,,,,,
5243,비타민소아청소년과의원,,내원,,,,,,,
5244,조은삼성내과의원,내원,,,내원,내원,내원,내원,내원,
5245,강동맘유의원,,,,,,,내원,,
5246,고덕민산부인과의원,,,,,,,,내원,
5247,메리제이산부인과의원,,,,,,,,내원,
5248,서울아이앤여성의원,,,,,,,,내원,
5249,기쁨내과의원,내원,,,내원,내원,내원,내원,내원,
5250,강일서울산부인과의원,,,,,,,,내원,
5251,아산이화산부인과의원,,,,,,,,내원,
5252,강동성모내과의원,내원,,,내원,내원,내원,내원,내원,
5253,포레온키즈소아청소년과의원,,내원,,,,,,,
5254,바른마음내과의원,내원,,,내원,내원,내원,내원,내원,
5255,이룸내과의원,내원,,,내원,내원,내원,내원,내원,
5256,속든든내과의원,내원,,,내원,내원,내원,내원,내원,
5257,강일바른내과의원,내원,,,내원,내원,내원,내원,내원,
5258,에스엔유서울외과의원,내원,,,내원,내원,내원,내원,,
5259,강동이엠365의원,,내원,,,,,,,
5260,강동천호내과의원,내원,,,내원,내원,내원,내원,내원,
5261,강동세브란스내과의원,내원,,,내원,내원,내원,내원,내원,
5262,비즈밸리여성의원,,,,,,,,내원,
5263,와이산부인과의원,,,,,,,,내원,
5264,늘오른가정의학과의원,내원,,,,,내원,,,
5265,강동유외과의원,,,,,,,내원,,
5266,고덕연세365소아청소년과의원,,내원,,,,,,,
5267,애플산부인과의원,,,,,,,,내원,
5268,강동삼성산부인과의원,,,,,,,,내원,
5269,오후세시여성의원,,,,,,,내원,내원,
5270,은하여성의원,,,,,,,,내원,
5271,포레온더조아내과의원,내원,,,,,,,,
5272,바른소아청소년과의원,,내원,,,,,,,
5273,하얀이끌림치과의원,,,내원,,,,,,
5274,가톨릭대학교여의도성모병원,내원,,,내원,내원,내원,내원,내원,내원
5275,김열회산부인과의원,,,,,,,,내원,
5276,한국의학연구소케이엠아이여의도의원,내원,,,내원,내원,내원,내원,내원,
5277,한화생명보험(주)본사부속의원,내원,,,,,,,,
5278,미소그린치과의원,,,내원,,,,,,
5279,여의도예치과의원,,,내원,,,,,,
5280,최승규치과의원,,,내원,,,,,,
5281,예림치과의원,,,내원,,,,,,
5282,목고박치과의원,,,내원,,,,,,
5283,연이치과의원,,,내원,,,,,,
5284,현대치과의원,,,내원,,,,,,
5285,여의도세브란스치과의원,,,내원,,,,,,
5286,파인트리치과의원,,,내원+출장,,,,,,
5287,양치과의원,,,내원,,,,,,
5288,서울프라임치과의원,,,내원,,,,,,
5289,서울굿모닝치과의원,,,내원,,,,,,
5290,서울복음치과의원,,,내원,,,,,,
5291,갤러리치과의원,,,내원,,,,,,
5292,여의도이플러스치과의원,,,내원,,,,,,
5293,서울란트치과의원,,,내원,,,,,,
5294,이사랑서울치과의원,,,내원,,,,,,
5295,다이아몬드치과의원,,,내원,,,,,,
5296,미소랑치과의원,,,내원,,,,,,
5297,상쾌한이치과의원,,,내원,,,,,,
5298,홍우바른이치과의원,,,내원,,,,,,
5299,조앤윤치과의원,,,내원,,,,,,
5300,더이룸치과의원,,,내원,,,,,,
5301,연세라벤더치과교정과치과의원,,,내원,,,,,,
5302,서울차온치과의원,,,내원,,,,,,
5303,서울더봄치과의원,,,내원,,,,,,
5304,파크원현대엠치과의원,,,내원,,,,,,
5305,서울센텀구강내과치과의원,,,내원,,,,,,
5306,로앤산부인과의원,,,,,,,,내원,
5307,다미산부인과의원,,,,,,,,내원,
5308,한국의료재단아이에프씨의원,내원,,,내원,내원,내원,내원,내원,
5309,우리편한내과의원,내원,,,내원,내원,내원,내원,,
5310,서울내과의원,내원,,,내원,내원,내원,,,
5311,어니스트여성의원,,,,,,,,내원,
5312,여의도서울의원,내원,내원,,,,,,,
5313,여의도바른내과의원,내원,,,,,내원,,,
5314,연세아폴로여성의원,,,,,,,,내원,
5315,최소아청소년과의원,,내원,,,,,,,
5316,여의도내과의원,내원,,,내원,내원,내원,내원,내원,
5317,연세더블유산부인과의원,,,,,,,,내원,
5318,여의도아라외과의원,,,,,,,내원,,
5319,에이스여성의원,,,,,,,,내원,
5320,서울선샤인치과의원,,,내원,,,,,,
5321,위드치과보철과의원,,,내원,,,,,,
5322,여의도라이프케어내과의원,내원,,,내원,내원,내원,내원,내원,
5323,르샘여성의원,,,,,,,,내원,
5324,여의도진주소아청소년과의원,,내원,,,,,,,
5325,학교법인가톨릭학원가톨릭대학교서울성모병원,내원,,,,,,,,
5326,의료법인청해의료재단제일병원,내원+출장,,,내원,내원,내원,내원,내원,
5327,고도일병원,내원,,,,,,,,
5328,박정수연세의원,,내원,,,,,,,
5329,노소아청소년과의원,,내원,,,,,,,
5330,쉬즈힐의원,,,,,,,,내원,
5331,연세의원,,내원,,,,,,,
5332,사단법인정해복지부설한신메디피아의원,내원+출장,,,내원,내원,내원,내원,내원,
5333,김용훈산부인과의원,,,,,,,,내원,
5334,반포서래여성의원,,,,,,,,내원,
5335,본산부인과의원,,,,,,,,내원,
5336,플로체여성의원,,,,,,,,내원,
5337,현산부인과의원,,,,,,,,내원,
5338,아이수산부인과의원,,,,,,,,내원,
5339,연세서내과의원,내원,,,,내원,내원,,,
5340,필치과병원,,,내원,,,,,,
5341,서울귀한이치과병원,,,내원,,,,,,
5342,가야치과병원,,,내원,,,,,,
5343,박건배치과의원,,,내원,,,,,,
5344,박상균치과의원,,,내원,,,,,,
5345,김영호치과의원,,,내원,,,,,,
5346,성락치과의원,,,내원,,,,,,
5347,신성치과의원,,,내원,,,,,,
5348,조혜연치과의원,,,내원,,,,,,
5349,최성연치과의원,,,내원,,,,,,
5350,고호경치과의원,,,내원,,,,,,
5351,엔와이유서울치과의원,,,내원,,,,,,
5352,코코치과의원,,,내원,,,,,,
5353,전혜림치과의원,,,내원,,,,,,
5354,광림치과의원,,,내원,,,,,,
5355,웰치과의원,,,내원,,,,,,
5356,서울명인치과의원,,,내원,,,,,,
5357,유포스치과의원,,,내원,,,,,,
5358,최인호치과의원,,,내원,,,,,,
5359,마이스터치과의원,,,내원,,,,,,
5360,즐거운연세치과의원,,,내원,,,,,,
5361,이석민치과의원,,,내원,,,,,,
5362,연세좋은치과의원,,,내원,,,,,,
5363,예원치과의원,,,내원,,,,,,
5364,아이들치과의원,,,내원,,,,,,
5365,한신서울치과의원,,,내원,,,,,,
5366,킹스치과의원,,,내원,,,,,,
5367,아너스치과교정과치과의원,,,내원,,,,,,
5368,일리노이치과교정과치과의원,,,내원,,,,,,
5369,현대웰치과의원,,,내원,,,,,,
5370,방배본치과의원,,,내원,,,,,,
5371,미플러스치과의원,,,내원,,,,,,
5372,이클래스치과의원,,,내원,,,,,,
5373,파스텔치과의원,,,내원,,,,,,
5374,리움치과의원,,,내원,,,,,,
5375,스노우치과의원,,,내원,,,,,,
5376,비앤씨치과의원,,,내원,,,,,,
5377,서울원치과의원,,,내원,,,,,,
5378,서울미소그린치과의원,,,내원,,,,,,
5379,서울본치과의원,,,내원,,,,,,
5380,옥수수치과의원,,,내원,,,,,,
5381,양지바른치과의원,,,내원,,,,,,
5382,미드림치과의원,,,내원,,,,,,
5383,디오연세치과의원,,,내원,,,,,,
5384,아름드리치과의원,,,내원,,,,,,
5385,서울원베일리치과의원,,,내원,,,,,,
5386,자이서울엠치과의원,,,내원,,,,,,
5387,방배서울하이안치과의원,,,내원,,,,,,
5388,서울하이안치과의원,,,내원,,,,,,
5389,서울엘치과의원,,,내원,,,,,,
5390,신기현치과의원,,,내원,,,,,,
5391,서리풀치과의원,,,내원,,,,,,
5392,쥬빌리치과의원,,,내원,,,,,,
5393,그루터기치과의원,,,내원,,,,,,
5394,서울이웰치과의원,,,내원,,,,,,
5395,연세키즈앤틴즈치과의원,,,내원,,,,,,
5396,연세미래치과의원,,,내원,,,,,,
5397,랭스치과의원,,,내원,,,,,,
5398,서래보스톤치과의원,,,내원,,,,,,
5399,아빠의치과의원,,,내원,,,,,,
5400,방배화이트플란트치과의원,,,내원,,,,,,
5401,푸른서울치과의원,,,내원,,,,,,
5402,강남모아치과의원,,,내원+출장,,,,,,
5403,서울참조은치과의원,,,내원,,,,,,
5404,이을치과의원,,,내원,,,,,,
5405,김지연소아치과치과의원,,,내원,,,,,,
5406,연세원치과의원,,,내원,,,,,,
5407,내치과의원,,,내원,,,,,,
5408,서래선치과의원,,,내원,,,,,,
5409,블랑쉬치과의원,,,내원,,,,,,
5410,연세정직한치과의원,,,내원,,,,,,
5411,더바른치과의원,,,내원,,,,,,
5412,이수치과의원,,,내원,,,,,,
5413,라임프로치과의원,,,내원,,,,,,
5414,서울바른이앤유치과교정과치과의원,,,내원,,,,,,
5415,르블랑치과의원,,,내원,,,,,,
5416,상아치과교정과의원,,,내원,,,,,,
5417,서초엘치과의원,,,내원,,,,,,
5418,고운치과의원,,,내원,,,,,,
5419,지에프소아청소년과의원,,내원,,,,,,,
5420,한일의원,내원,,,,,,,,
5421,방배우리내과의원,내원,,,내원,내원,내원,내원,내원,
5422,연세곰돌이소아청소년과의원,내원,내원,,,,,,,
5423,성모신사랑내과의원,내원,,,내원,,내원,,,
5424,김동균소아청소년과의원,,내원,,,,,,,
5425,아이투비산부인과의원,,,,,,,내원,내원,
5426,이나영내과의원,내원,,,내원,,내원,,,
5427,가야내과의원,내원,,,내원,내원,내원,내원,내원,
5428,서울자이소아청소년과의원,,내원,,,,,,,
5429,마린산부인과의원,,,,,,,,내원,
5430,김현영산부인과의원,,,,,,,,내원,
5431,고운소아청소년과의원,,내원,,,,,,,
5432,재단법인정해산업보건연구소중앙의원,내원+출장,,,,,,,,
5433,이혜진소아청소년과의원,,내원,,,,,,,
5434,백지영여성의원,,,,,,,,내원,
5435,연세박세진의원,내원,,,,,,,,
5436,클로버산부인과의원,,,,,,,,내원,
5437,양내과의원,내원,,,내원,,내원,,,
5438,차인혜내과의원,내원,,,내원,내원,내원,내원,내원,
5439,가야소아청소년과의원,,내원,,,,,,,
5440,반포키즈소아청소년과의원,,내원,,,,,,,
5441,연세내과의원,내원,,,내원,내원,내원,,,
5442,휴먼영상의학과의원,내원,,,,,내원,내원,,
5443,레이나산부인과의원,,,,,,,,내원,
5444,파스텔연세소아청소년과의원,,내원,,,,,,,
5445,모인호내과의원,내원,,,내원,내원,내원,내원,내원,
5446,독일의원,,내원,,,,,,,
5447,방배연내과의원,내원,,,내원,내원,내원,,내원,
5448,웃는바른이치과교정과치과의원,,,내원,,,,,,
5449,서울이수플란트치과의원,,,내원,,,,,,
5450,방배이튼치과의원,,,내원,,,,,,
5451,연세예니하니치과의원,,,내원,,,,,,
5452,시크릿치과의원,,,내원,,,,,,
5453,유펜아이비치과의원,,,내원,,,,,,
5454,신상완치과의원,,,내원,,,,,,
5455,서울고운이치과의원,,,내원,,,,,,
5456,서울더키즈치과의원,,,내원,,,,,,
5457,광덕안정치과의원,,,내원,,,,,,
5458,더강한치과의원,,,내원,,,,,,
5459,연세이엔이치과의원,,,내원,,,,,,
5460,대항병원,내원,,,내원,내원,내원,내원,내원,
5461,이수리더스내과의원,내원,,,내원,내원,내원,내원,내원,
5462,기쁨삼성내과의원,내원,,,내원,내원,내원,내원,내원,
5463,제인산부인과의원,,,,,,,,내원,
5464,서울장편한내과의원,내원,,,내원,내원,내원,,,
5465,서울웰빙유외과의원,,,,,,,내원,,
5466,쑥쑥재활의학과의원,,내원,,,,,,,
5467,수자연소아청소년과의원,,내원,,,,,,,
5468,이해와공감산부인과의원,,,,,,,,내원,
5469,강남에스터산부인과의원,,,,,,,,내원,
5470,참나은내과의원,내원,,,내원,내원,내원,내원,내원,
5471,서리풀성모여성의원,,,,,,,,내원,
5472,바로유외과의원,,,,,,,내원,,
5473,연세최앤김내과의원,내원,,,내원,내원,내원,내원,내원,
5474,이효진산부인과의원,,,,,,,,내원,
5475,서초봄산부인과의원,,,,,,,,내원,
5476,이수큰길내과의원,내원,,,내원,내원,내원,내원,내원,
5477,성모닥터유외과의원,,,,,,,내원,,
5478,김화내과의원,내원,,,내원,내원,내원,,,
5479,광혜병원,내원,,,내원,내원,내원,내원,내원,
5480,(의)가산의료재단광동병원,내원,,내원,내원,내원,내원,내원,내원,
5481,이정균내과의원,내원,,,내원,,내원,,,
5482,윤앤정내과의원,내원,,,내원,내원,내원,,,
5483,이관우내과의원,내원,,,내원,,,,,
5484,자모내과의원,,내원,,,,,,,
5485,동선소아과의원,,내원,,,,,,,
5486,재단법인한국의학연구소강남의원,내원,,,내원,내원,내원,내원,내원,
5487,강남하트스캔의원,내원,,,내원,내원,내원,내원,내원,
5488,(의)미래의료재단리드림의원,내원,,,내원,내원,내원,내원,내원,
5489,이혜미산부인과의원,,,,,,,,내원,
5490,전혜원소아청소년과의원,,내원,,,,,,,
5491,박선혜산부인과의원,,,,,,,,내원,
5492,아셈내과의원,내원,내원,,내원,내원,내원,,,
5493,서울영상의학과의원,내원,,,,,내원,,,
5494,연치과병원,,,내원,,,,,,
5495,벧엘치과의원,,,내원,,,,,,
5496,더플러스차치과의원,,,내원,,,,,,
5497,리엔치과의원,,,내원,,,,,,
5498,이해준치과의원,,,내원,,,,,,
5499,한순기치과의원,,,내원,,,,,,
5500,하늘미소치과의원,,,내원,,,,,,
5501,시카고치과의원,,,내원,,,,,,
5502,한스치과의원,,,내원,,,,,,
5503,황선홍치과의원,,,내원,,,,,,
5504,미소치과의원,,,내원,,,,,,
5505,베리타스치과의원,,,내원,,,,,,
5506,강남예손치과의원,,,내원,,,,,,
5507,하창윤치과의원,,,내원,,,,,,
5508,하트스캔치과의원,,,내원,,,,,,
5509,서울더블유치과의원,,,내원,,,,,,
5510,김이안치과의원,,,내원,,,,,,
5511,엔와이컬럼비아치과의원,,,내원,,,,,,
5512,청담미치과의원,,,내원,,,,,,
5513,연세이존치과의원,,,내원,,,,,,
5514,연세윤앤민치과의원,,,내원,,,,,,
5515,환희치과의원,,,내원,,,,,,
5516,서울수치과의원,,,내원,,,,,,
5517,(의)미래의료재단미래치과의원,,,내원,,,,,,
5518,강남이안치과의원,,,내원,,,,,,
5519,다정한치과의원,,,내원,,,,,,
5520,연세진치과의원,,,내원,,,,,,
5521,연세수치과의원,,,내원,,,,,,
5522,유엠디칠드런치과의원,,,내원,,,,,,
5523,서울주치과의원,,,내원,,,,,,
5524,서울토토치과의원,,,내원,,,,,,
5525,서울에스아이씨치과의원,,,내원,,,,,,
5526,강남뉴욕치과의원,,,내원,,,,,,
5527,네모치과의원,,,내원,,,,,,
5528,연세윤치과의원,,,내원,,,,,,
5529,더블유화이트치과의원,,,내원,,,,,,
5530,연세키즈앤주니어치과의원,,,내원,,,,,,
5531,서울필치과의원,,,내원,,,,,,
5532,보스톤치과의원,,,내원,,,,,,
5533,강남이플러스치과의원,,,내원,,,,,,
5534,엘에이이플란트치과의원,,,내원,,,,,,
5535,우리안치과의원,,,내원,,,,,,
5536,청담미소밝은치과의원,,,내원,,,,,,
5537,이혁상더블유치과의원,,,내원,,,,,,
5538,연세여우치과의원,,,내원,,,,,,
5539,삼성연세고운미소치과의원,,,내원,,,,,,
5540,선릉웰치과의원,,,내원,,,,,,
5541,삼성웰치과의원,,,내원,,,,,,
5542,바른정치과의원,,,내원,,,,,,
5543,유니끄치과의원,,,내원,,,,,,
5544,강남물방울치과의원,,,내원,,,,,,
5545,우리삼성치과의원,,,내원,,,,,,
5546,비바치과의원,,,내원,,,,,,
5547,서울에스치과의원,,,내원,,,,,,
5548,메르덴치과의원,,,내원,,,,,,
5549,세곡연세미치과의원,,,내원,,,,,,
5550,미도치과의원,,,내원,,,,,,
5551,서울미소진치과의원,,,내원,,,,,,
5552,바른이만들기치과교정과치과의원,,,내원,,,,,,
5553,연세굿데이치과의원,,,내원,,,,,,
5554,서울동민치과의원,,,내원,,,,,,
5555,서울더치과의원,,,내원,,,,,,
5556,그레이스치과의원,,,내원,,,,,,
5557,수서서울삼성치과의원,,,내원,,,,,,
5558,오리엔탈치과의원,,,내원,,,,,,
5559,포도나무치과의원,,,내원,,,,,,
5560,연세재신치과의원,,,내원,,,,,,
5561,김성훈치과의원,,,내원,,,,,,
5562,엘투치과의원,,,내원,,,,,,
5563,김진호치과교정과치과의원,,,내원,,,,,,
5564,자스민치과의원,,,내원,,,,,,
5565,청담클린치과의원,,,내원,,,,,,
5566,메이치과의원,,,내원,,,,,,
5567,도고치과의원,,,내원,,,,,,
5568,임플란피아치과의원,,,내원,,,,,,
5569,일원사랑치과의원,,,내원,,,,,,
5570,강남365치과의원,,,내원,,,,,,
5571,임플라인치과의원,,,내원,,,,,,
5572,소망치과의원,,,내원,,,,,,
5573,강남에이든치과의원,,,내원,,,,,,
5574,연세정원치과의원,,,내원,,,,,,
5575,수서스마일치과의원,,,내원,,,,,,
5576,곽정원현미경치과의원,,,내원,,,,,,
5577,김숙경산부인과의원,,,,,,,,내원,
5578,삼성연세산부인과의원,,,,,,,,내원,
5579,삼성우리내과의원,내원,,,내원,,내원,,,
5580,대치서울영재소아청소년과의원,,내원,,,,,,,
5581,서울박내과의원,내원,,,내원,내원,내원,내원,내원,
5582,(의)성광의료재단차움건진의원,내원,,,내원,내원,내원,내원,내원,
5583,연세더블유여성의원,,,,,,,,내원,
5584,정준표내과의원,내원,,,내원,내원,,,,
5585,그대안에산부인과의원,,,,,,,,내원,
5586,우리들내과의원,내원,,,내원,내원,내원,,,
5587,삼성베스트내과의원,내원,,,내원,내원,내원,,내원,
5588,대치더블유내과의원,내원,,,내원,내원,내원,내원,내원,
5589,이지소아청소년과의원,,내원,,,,,,,
5590,강남베스트내과의원,내원,,,내원,내원,내원,내원,내원,
5591,테헤란체리산부인과의원,,,,,,,,내원,
5592,쉬즈굿여성의원,,,,,,,,내원,
5593,연세맑은이비인후과송소아청소년과의원,,내원,,,,,,,
5594,윤앤최소아청소년과의원,,내원,,,,,,,
5595,민트이비인후과의원,,내원,,,,,,,
5596,코나이비인후과의원,,내원,,,,,,,
5597,청담이룸의원,,내원,,,,,,,
5598,서울베스트의원,,내원,,,,,,,
5599,이영희산부인과의원,,,,,,,,내원,
5600,우리소아청소년과의원,,내원,,,,,,,
5601,수서가정의학과의원,,내원,,,,,,,
5602,수앤정소아청소년과의원,,내원,,,,,,,
5603,닥터유내과의원,내원,,,내원,내원,내원,,,
5604,성모봄소아청소년과의원,,내원,,,,,,,
5605,박종태유바외과의원,,,,,,,내원,,
5606,연세키즈소아청소년과의원,,내원,,,,,,,
5607,성심내과의원,내원,,,내원,내원,내원,,,
5608,강남아름다운유외과의원,,,,,,,내원,,
5609,삼성서울유외과의원,,,,,,,내원,,
5610,서울삼성내과의원,내원,,,내원,내원,내원,내원,,
5611,청담봄여성의원,,,,,,,,내원,
5612,연세춘이비인후과의원,,내원,,,,,,,
5613,강남드림내과의원,내원,,,내원,내원,내원,내원,내원,
5614,안효승내과의원,내원,,,,,내원,,,
5615,박세진치과의원,,,내원,,,,,,
5616,자곡서울치과의원,,,내원,,,,,,
5617,강남사랑니치과의원,,,내원,,,,,,
5618,서울튼튼이치과의원,,,내원,,,,,,
5619,바른삼성치과의원,,,내원,,,,,,
5620,정우선치과교정과치과의원,,,내원,,,,,,
5621,자기치아살리기삼성플란트치과의원,,,내원,,,,,,
5622,강남파인즈치과의원,,,내원,,,,,,
5623,세곡어린이치과의원,,,내원,,,,,,
5624,꼼꼼한치과의원,,,내원,,,,,,
5625,연세레이치과의원,,,내원,,,,,,
5626,서울테헤란치과의원,,,내원,,,,,,
5627,수서자연치과의원,,,내원,,,,,,
5628,강남바른내과의원,내원,,,내원,내원,내원,내원,내원,
5629,수서나을산부인과의원,,,,,,,,내원,
5630,에펠산부인과의원,,,,,,,,내원,
5631,삼성유외과의원,,,,,,,내원,,
5632,오크우드봄의원,내원,,,내원,내원,내원,내원,내원,
5633,대치성모여성의원,,,,,,,,내원,
5634,윤영석내과의원,내원,,,,,내원,,,
5635,세상의반여성의원,,,,,,,,내원,
5636,세곡이화산부인과의원,,,,,,,,내원,
5637,이사벨라여성의원,,,,,,,,내원,
5638,연세연여성외과의원,,,,,,,내원,,
5639,더서울유외과의원,,,,,,,내원,,
5640,서울대치탑의원,,내원,,,,,,,
5641,연세메이저내과의원,내원,,,내원,내원,내원,내원,내원,
5642,연세이롬산부인과의원,,,,,,,,내원,
5643,아산키즈소아청소년과의원,,내원,,,,,,,
5644,윤호병원,,,,,,,,내원,
5645,호산여성병원,,,,,,,내원,내원,
5646,튼튼병원,내원,,,내원,내원,내원,내원,,
5647,강남을지대학교병원,내원,,,내원,내원,,내원,,
5648,모두가행복한연세병원,내원,,,,,,,,
5649,비에비스나무병원,내원,,,내원,내원,내원,내원,내원,
5650,메드렉스병원,내원,,,내원,내원,내원,,,
5651,강남지인병원,내원,,,내원,내원,내원,내원,내원,
5652,새로운병원,내원,,,,,,,,
5653,세실내과의원,내원,,,내원,,내원,,,
5654,이형복산부인과의원,내원,,,,,내원,,내원,
5655,아이엠씨강남의원,내원+출장,,,내원,내원+출장,내원,내원,내원,
5656,청담마리산부인과의원,내원,,,,,,내원,내원,
5657,문찬수압구정성모내과의원,내원,,,내원,내원,내원,내원,내원,
5658,미래와희망산부인과의원,내원,내원,,,,,내원,내원,
5659,김성윤내과의원,내원,,,,,,,,
5660,리즈산부인과의원,,,,,,,,내원,
5661,석플란트치과병원,,,내원+출장,,,,,,
5662,에스플란트치과병원,,,내원+출장,,,,,,
5663,서울치과병원,,,내원,,,,,,
5664,양재호치과의원,,,내원,,,,,,
5665,윤두중치과의원,,,내원,,,,,,
5666,나전치과의원,,,내원,,,,,,
5667,압구정현대부부치과의원,,,내원,,,,,,
5668,오앤오치과의원,,,내원,,,,,,
5669,이근국치과의원,,,내원,,,,,,
5670,에피파니치과의원,,,내원,,,,,,
5671,뉴서울치과의원,,,내원,,,,,,
5672,그린몰치과의원,,,내원,,,,,,
5673,오케이치과의원,,,내원,,,,,,
5674,조병훈치과의원,,,내원,,,,,,
5675,스마일라인치과의원,,,내원,,,,,,
5676,청담치과의원,,,내원,,,,,,
5677,리즈윤정아치과의원,,,내원,,,,,,
5678,서울미시간치과의원,,,내원,,,,,,
5679,압구정새하치과의원,,,내원,,,,,,
5680,유디학동치과의원,,,내원,,,,,,
5681,에스앤케이치과의원,,,내원,,,,,,
5682,아이비라인치과의원,,,내원,,,,,,
5683,씨디씨어린이치과의원,,,내원,,,,,,
5684,청담닥터리치과의원,,,내원,,,,,,
5685,홍수진어린이치과의원,,,내원,,,,,,
5686,사랑의치과의원,,,내원,,,,,,
5687,연세엘치과의원,,,내원,,,,,,
5688,더블유와이치과의원,,,내원,,,,,,
5689,김우영치과의원,,,내원,,,,,,
5690,정연치과의원,,,내원,,,,,,
5691,와이케이콜럼비아치과의원,,,내원+출장,,,,,,
5692,믿을신치과의원,,,내원,,,,,,
5693,서울아르케치과의원,,,내원,,,,,,
5694,서울미소치과의원,,,내원,,,,,,
5695,더스타치과의원,,,내원,,,,,,
5696,홍기상차일드앤틴치과의원,,,내원,,,,,,
5697,서울민치과의원,,,내원,,,,,,
5698,이물비치과의원,,,내원,,,,,,
5699,루시아치과의원,,,내원,,,,,,
5700,강남미라인치과의원,,,내원,,,,,,
5701,독일미치과의원,,,내원,,,,,,
5702,이포치과의원,,,내원,,,,,,
5703,늘서울치과의원,,,내원,,,,,,
5704,크로스디치과의원,,,내원,,,,,,
5705,4월31일치과의원,,,내원,,,,,,
5706,구정치과의원,,,내원,,,,,,
5707,미드미치과의원,,,내원,,,,,,
5708,아너스치과교정과치과의원,,,내원,,,,,,
5709,영동치과의원,,,내원,,,,,,
5710,바이스치과교정과치과의원,,,내원,,,,,,
5711,수치과의원,,,내원,,,,,,
5712,디아트치과의원,,,내원,,,,,,
5713,매직키스치과의원,,,내원,,,,,,
5714,더블유스타일치과의원,,,내원,,,,,,
5715,서울샤인치과의원,,,내원,,,,,,
5716,서울보임치과의원,,,내원,,,,,,
5717,닥터유치과의원,,,내원+출장,,,,,,
5718,에버엠치과의원,,,내원,,,,,,
5719,서울메이치과의원,,,내원,,,,,,
5720,청담라인치과의원,,,내원,,,,,,
5721,서울매스티지치과의원,,,내원,,,,,,
5722,강남유레카치과의원,,,내원,,,,,,
5723,앵글치과의원,,,내원,,,,,,
5724,유앤아이치과의원,,,내원,,,,,,
5725,드림치과교정과치과의원,,,내원,,,,,,
5726,세시간치과의원,,,내원,,,,,,
5727,압구정오라클치과의원,,,내원,,,,,,
5728,미화이트치과의원,,,내원,,,,,,
5729,서울미르치과의원,,,내원,,,,,,
5730,연세닥터연치과의원,,,내원,,,,,,
5731,서울코웰치과의원,,,내원,,,,,,
5732,바르고튼튼한어린이치과의원,,,내원,,,,,,
5733,줌구강악안면외과치과의원,,,내원,,,,,,
5734,서울하이안치과의원,,,내원,,,,,,
5735,드라마치과의원,,,내원,,,,,,
5736,필립치과의원,,,내원,,,,,,
5737,압구정바로미치과의원,,,내원,,,,,,
5738,스마일뷰치과의원,,,내원,,,,,,
5739,강남숙면치과의원,,,내원,,,,,,
5740,플란치과의원,,,내원,,,,,,
5741,율치과의원,,,내원,,,,,,
5742,김준엽치과의원,,,내원,,,,,,
5743,연세바로치과의원,,,내원,,,,,,
5744,청담아이소아치과의원,,,내원,,,,,,
5745,연세바른마음치과의원,,,내원,,,,,,
5746,서울예우치과의원,,,내원,,,,,,
5747,서울클리어치과교정과치과의원,,,내원,,,,,,
5748,다른치과의원,,,내원,,,,,,
5749,스마일스튜디오치과의원,,,내원,,,,,,
5750,자생한방병원,내원,,,,,,,,
5751,청담마인소아청소년과의원,,내원,,,,,,,
5752,논현엘여성의원,,,,,,,,내원,
5753,청담서울여성외과의원,,,,,,,내원,,
5754,제이엘산부인과의원,,,,,,,,내원,
5755,신성해내과의원,내원,,,,,,,,
5756,압구정본산부인과의원,,,,,,,,내원,
5757,로즈산부인과의원,,,,,,,,내원,
5758,쉬즈웰산부인과의원,,,,,,,,내원,
5759,티엘씨청담의원,,내원,,,,,,,
5760,미예담산부인과의원,,,,,,,,내원,
5761,그린소아청소년과의원,,내원,,,,,,,
5762,청담드림소아청소년과의원,,내원,,,,,,,
5763,리붐내과의원,내원,,,내원,내원,내원,내원,,
5764,의료법인중앙의료재단메디넷영동의원,내원,,,내원,내원,내원,내원,,
5765,연세지아이내과의원,내원,,,내원,내원,내원,,,
5766,연앤네이쳐산부인과의원,,,,,,,,내원,
5767,청담에이치내과의원,내원,,,내원,내원,내원,내원,내원,
5768,유비에이외과의원,,,,,,,내원,,
5769,(의)성광의료재단차움의원,내원,,,내원,내원,내원,내원,내원,
5770,셀러블153강남의원,내원,,,내원,내원,내원,내원,내원,
5771,날아라정형외과의원,내원,,,,,,,,
5772,청담베스트내과의원,내원,,,내원,내원,내원,내원,내원,
5773,프린세스산부인과의원,,,,,,,,내원,
5774,주연여성의원,,,,,,,,내원,
5775,조병수의원,내원,,,,,,,,
5776,압구정함춘산부인과의원,,,,,,,,내원,
5777,연세스타내과의원,내원,,,내원,내원,내원,,,
5778,청담산부인과의원,,,,,,,내원,내원,
5779,압구정온기소아청소년과의원,,내원,,,,,,,
5780,로즈여성의원,,,,,,,,내원,
5781,김영찬내과의원,내원,,,내원,내원,내원,,,
5782,서울손내과의원,내원,,,,,,,,
5783,김현수내과의원,내원,,,내원,내원,내원,,,
5784,호산여성의원,내원,내원,,,,,,,
5785,케이플러스청담의원,내원,,,,,,,,
5786,키즈힐소아청소년과의원,,내원,,,,,,,
5787,와이퀸산부인과의원,,,,,,,,내원,
5788,예다여성의원,,,,,,,,내원,
5789,엘로이여성의원,,,,,,,,내원,
5790,강남삼성내과의원,내원,,,,,내원,,,
5791,압구정연세산부인과의원,,,,,,,,내원,
5792,보통의의원,내원,,,,,,,,
5793,서울연세21세기의원,내원,,,,,,,,
5794,그린몰의원,내원,,,내원,내원,내원,내원,내원,
5795,학동본내과의원,내원,,,내원,내원,내원,,,
5796,우아한여성의원,,,,,,,,내원,
5797,트리니티여성의원,,,,,,,,내원,
5798,바른길산부인과의원,,,,,,,,내원,
5799,마디힐신경외과의원,내원,,,,,,,,
5800,서울삼정치과의원,,,내원,,,,,,
5801,뉴욕브레이스치과의원,,,내원,,,,,,
5802,닥터허치과의원,,,내원,,,,,,
5803,디퍼스트치과의원,,,내원,,,,,,
5804,강남지인치과의원,,,내원,,,,,,
5805,굿모닝라이프소아청소년과의원,,내원,,,,,,,
5806,헤스티아여성의원,,,,,,,,내원,
5807,신사우리베스트내과의원,내원,,,내원,내원,내원,내원,내원,
5808,두번째봄여성의원,,,,,,,,내원,
5809,청담헤라산부인과의원,,,,,,,,내원,
5810,서울에스유외과의원,,,,,,,내원,,
5811,아토앤맘소아청소년과의원,,내원,,,,,,,
5812,압구정하나내과의원,내원,,,내원,내원,내원,내원,내원,
5813,연세거평의원,내원+출장,,,내원,내원,내원,내원,,
5814,서울프라임하트내과의원,내원,,,,,,,,
5815,라피스여성의원,,,,,,,,내원,
5816,국립중앙의료원,내원,내원,내원,내원,내원,내원,내원,내원,
5817,서울송도병원,내원,,내원,내원,내원,내원,내원,내원,
5818,반도정형외과병원,내원,,,내원,내원,내원,내원,,
5819,참바로병원,내원,,,내원,내원,내원,,,
5820,백설소아과의원,,내원,,,,,,,
5821,(주)하나은행부속의원,내원,,,,,,,,
5822,안내과의원,내원,,,내원,,내원,,,
5823,에이아이메디여성의원,,,,,,,,내원,
5824,이가정의원,내원,,,,,내원,,내원,
5825,권소연산부인과의원,,,,,,,,내원,
5826,조영호내과의원,내원,,,내원,내원,내원,내원,,
5827,김순화소아과의원,,내원,,,,,,,
5828,서울중앙의료의원,내원,,,내원,내원,내원,내원,내원,
5829,문원실산부인과의원,,,,,,,,내원,
5830,한사랑의원,내원,,,,,,,내원,
5831,유태석내과의원,내원,,,내원,내원,내원,,내원,
5832,윤윤보내과의원,내원,,,내원,,내원,,,
5833,연세다온소아청소년과의원,,내원,,,,,,,
5834,한누리치과병원,,,내원,,,,,,
5835,유치과병원,,,내원,,,,,,
5836,라임나무치과병원,,,내원,,,,,,
5837,연세스위트치과병원,,,내원,,,,,,
5838,더블유치과병원,,,내원,,,,,,
5839,쌍용치과의원,,,내원,,,,,,
5840,닥터권치과의원,,,내원,,,,,,
5841,정훈치과의원,,,내원,,,,,,
5842,이인환치과의원,,,내원,,,,,,
5843,이의홍치과의원,,,내원,,,,,,
5844,백앤허치과의원,,,내원,,,,,,
5845,김의종치과의원,,,내원,,,,,,
5846,나홍찬치과의원,,,내원,,,,,,
5847,이플랜치과의원,,,내원,,,,,,
5848,아이비치과의원,,,내원,,,,,,
5849,밸런스치과의원,,,내원,,,,,,
5850,심상선독일치과의원,,,내원,,,,,,
5851,을지서울치과의원,,,내원,,,,,,
5852,제니스신성치과의원,,,내원,,,,,,
5853,안준상치과의원,,,내원,,,,,,
5854,세연치과의원,,,내원,,,,,,
5855,서울닥터박치과의원,,,내원,,,,,,
5856,프리미어중앙치과의원,,,내원,,,,,,
5857,명동독일치과의원,,,내원,,,,,,
5858,이구치과의원,,,내원,,,,,,
5859,미소치과의원,,,내원,,,,,,
5860,서울아이비치과의원,,,내원,,,,,,
5861,민일치과의원,,,내원,,,,,,
5862,남산타운윤치과의원,,,내원,,,,,,
5863,신당현대치과의원,,,내원,,,,,,
5864,파인타워치과의원,,,내원,,,,,,
5865,세브란스이치과의원,,,내원,,,,,,
5866,연세수치과의원,,,내원,,,,,,
5867,미소담치과의원,,,내원,,,,,,
5868,바른치과의원,,,내원,,,,,,
5869,회현치과의원,,,내원,,,,,,
5870,김기홍치과의원,,,내원,,,,,,
5871,엠와이치과의원,,,내원,,,,,,
5872,예스치과의원,,,내원,,,,,,
5873,에이피엠치과의원,,,내원,,,,,,
5874,청구치과의원,,,내원,,,,,,
5875,서울연치과의원,,,내원,,,,,,
5876,빛나는소금치과의원,,,내원,,,,,,
5877,연세현치과의원,,,내원,,,,,,
5878,프라임치과의원,,,내원,,,,,,
5879,제일치과의원,,,내원,,,,,,
5880,연세미소래치과의원,,,내원,,,,,,
5881,연치과의원,,,내원,,,,,,
5882,민플란트치과의원,,,내원,,,,,,
5883,늘푸른치과의원,,,내원,,,,,,
5884,브라이트치과의원,,,내원,,,,,,
5885,연세미래치과의원,,,내원,,,,,,
5886,수려한치과의원,,,내원,,,,,,
5887,서울우리원치과의원,,,내원,,,,,,
5888,연세남대문치과의원,,,내원,,,,,,
5889,메트로노치과의원,,,내원,,,,,,
5890,이치과의원,,,내원,,,,,,
5891,서울헤아림치과의원,,,내원,,,,,,
5892,미소샘치과의원,,,내원,,,,,,
5893,이잘하는치과의원,,,내원,,,,,,
5894,서울보스톤치과의원,,,내원,,,,,,
5895,심미치과의원,,,내원,,,,,,
5896,가디언즈치과의원,,,내원,,,,,,
5897,서울힐치과의원,,,내원,,,,,,
5898,호현치과의원,,,내원,,,,,,
5899,탄탄치과의원,,,내원,,,,,,
5900,약수샘치과의원,,,내원,,,,,,
5901,연세본치과의원,,,내원,,,,,,
5902,서울미인치과의원,,,내원,,,,,,
5903,장치과의원,,,내원,,,,,,
5904,닥터노아치과의원,,,내원,,,,,,
5905,더드림치과의원,,,내원,,,,,,
5906,동대문서울삼성치과의원,,,내원,,,,,,
5907,을지트윈치과의원,,,내원+출장,,,,,,
5908,서울큰사랑치과의원,,,내원,,,,,,
5909,광화문연치과의원,,,내원,,,,,,
5910,명동콤비치과의원,,,내원,,,,,,
5911,연세예감치과의원,,,내원,,,,,,
5912,이튼튼치과의원,,,내원,,,,,,
5913,연세이도치과의원,,,내원,,,,,,
5914,밝은미소치과의원,,,내원,,,,,,
5915,더하루치과의원,,,내원,,,,,,
5916,한번에치과의원,,,내원,,,,,,
5917,서울중부치과의원,,,내원,,,,,,
5918,라이즈치과의원,,,내원,,,,,,
5919,연세센텀치과의원,,,내원,,,,,,
5920,서울하늘에치과의원,,,내원,,,,,,
5921,광화문선치과의원,,,내원,,,,,,
5922,다올치과의원,,,내원,,,,,,
5923,더블유(W)서울치과의원,,,내원,,,,,,
5924,바른영치과의원,,,내원,,,,,,
5925,반석치과보존과치과의원,,,내원,,,,,,
5926,세이지치과의원,,,내원,,,,,,
5927,서울닥터한치과의원,,,내원,,,,,,
5928,365올케어치과의원,,,내원,,,,,,
5929,내이로치과의원,,,내원,,,,,,
5930,시스템치과의원,,,내원,,,,,,
5931,넥스트치과의원,,,내원,,,,,,
5932,서울내과의원,내원,,,내원,,내원,,,
5933,지앤아이휴내과의원,내원,,,내원,내원,내원,,,
5934,삼성푸른의원,내원,,,내원,,,,,
5935,영락내과의원,내원,,,내원,,내원,,,
5936,여노피산부인과의원,,,,,,,,내원,
5937,린내과의원,내원,,,내원,내원,내원,,,
5938,윤창옥내과의원,내원,,,내원,내원,내원,내원,내원,
5939,수내과의원,내원,,,,,내원,,,
5940,민유선산부인과의원,,,,,,,,내원,
5941,성모내과의원,내원,,,,,,,,
5942,소망의원,내원,,,,,,,,
5943,서울삼성내과의원,내원,,,내원,내원,내원,내원,내원,
5944,의료법인삼성의료재단강북삼성태평로의원,내원,,내원,,,,,,
5945,킨더웰소아청소년과의원,,내원,,,,,,,
5946,현명신경외과의원,내원,,,,,,,,
5947,한화생명보험(주)남대문부속의원,내원,,,,,,,,
5948,우리원헬스케어영상의학과의원,내원,,,내원,내원,내원,내원,내원,
5949,더드림산부인과의원,,,,,,,,내원,
5950,회현정내과의원,내원,,,내원,내원,내원,,,
5951,서울가정의원,내원,,,내원,내원,내원,내원,내원,
5952,서울베스트의료의원,내원,,,내원,내원,내원,내원,내원,
5953,더끌림산부인과의원,,,,,,,,내원,
5954,대한내과의원,내원,,,내원,내원,내원,내원,내원,
5955,그린나래산부인과의원,,,,,,,,내원,
5956,제일내과의원,내원,,,내원,내원,내원,내원,내원,
5957,우리본정형외과의원,내원,,,,,,,,
5958,의료법인녹십자의료재단녹십자아이메드강북의원,내원,,,내원,내원,내원,내원,내원,
5959,을지로참내과의원,내원,,,내원,내원,내원,내원,내원,
5960,연세에스치과의원,,,내원,,,,,,
5961,서울믿음치과의원,,,내원,,,,,,
5962,찬스플란트치과의원,,,내원,,,,,,
5963,자작나무치과의원,,,내원,,,,,,
5964,함사랑치과의원,,,내원,,,,,,
5965,뉴욕바른라인치과의원,,,내원,,,,,,
5966,유디남대문치과의원,,,내원,,,,,,
5967,민치과의원,,,내원,,,,,,
5968,화이트플러스치과의원,,,내원,,,,,,
5969,충정로예치과의원,,,내원,,,,,,
5970,서울바움치과의원,,,내원,,,,,,
5971,아이플란트치과의원,,,내원,,,,,,
5972,연세돌담치과의원,,,내원,,,,,,
5973,뉴페이스의원,,내원,,,,,,,
5974,제이에이치제일의원,내원,,,내원,내원,내원,내원,내원,
5975,씨에라정동여성의원,,,,,,,,내원,
5976,동대문삼성내과의원,내원,,,,,내원,,,
5977,오비오(OVO)산부인과의원,,,,,,,,내원,
5978,명동웰니스내과의원,내원,,,내원,내원,내원,내원,내원,
5979,온여성의원,,,,,,,,내원,
5980,호기내과의원,내원,,,,,,,,
5981,브라운산부인과의원,,,,,,,,내원,
5982,약수내과의원,내원,,,내원,내원,내원,내원,내원,
5983,서울센트럴유외과의원,,,,,,,내원,,
5984,애플산부인과의원,,,,,,,,내원,
5985,연세퍼스티어내과신경과의원,내원,,,내원,내원,내원,,,
5986,한림대학교춘천성심병원,내원,내원,,내원,내원,내원,내원,내원,내원
5987,강원대학교병원,내원,,,내원,내원,내원,내원,내원,내원
5988,국군춘천병원,내원,,내원,,,,,,
5989,강원특별자치도재활병원,내원,,,,,,,,
5990,인성병원,내원+출장,,,내원,내원+출장,내원,내원,내원,
5991,춘천요양병원,내원,,,,,,,,
5992,춘천예현병원,내원,,,,,,,,
5993,춘천복십자의원,내원+출장,내원,,,,,,,
5994,인구보건복지협회강원지회가족보건의원,내원+출장,내원,,내원+출장,내원+출장,내원+출장,내원+출장,내원+출장,
5995,춘천영상의학과의원,내원,,,내원,내원,내원,내원,,
5996,임정근내과의원,내원,,,내원,,내원,,,
5997,한국건강관리협회건강증진의원,내원+출장,,,내원,내원,내원,내원,내원,
5998,안정효내과의원,내원,,,내원,내원,내원,,,
5999,미래산부인과의원,내원,내원,,,,,내원,내원,
6000,우리소아과의원,내원,내원,,,,,,,
6001,홍내과의원,내원,,,내원,내원,내원,,,
6002,구철회내과의원,내원,내원,,내원,내원,내원,,내원,
6003,예사랑내과의원,내원,,,내원,내원,내원,,,
6004,허남현내과의원,내원,,,내원,,내원,,,
6005,심소아청소년과의원,,내원,,,,,,,
6006,사랑나무소아청소년과의원,,내원,,,,,,,
6007,한마음소아청소년과의원,,내원,,,,,,,
6008,새봄의원,내원,,,,,,,,
6009,이영순내과의원,내원,,,내원,내원,내원,,,
6010,윤화준소아청소년과의원,,내원,,,,,,,
6011,하나내과의원,내원,,,내원,내원,내원,내원,내원,
6012,고석연가정의학과의원,,내원,,,,,,,
6013,춘천순산부인과의원,,,,,,,,내원,
6014,변미숙산부인과의원,,,,,,,,내원,
6015,누누베베소아과의원,,내원,,,,,,,
6016,두리의원,,내원,,,,,,,
6017,전창호내과의원,내원,,,내원,내원,내원,,,
6018,김성중내과의원,내원,,,내원,내원,내원,,,
6019,다나연세의원,내원,,,내원,내원,내원,,,
6020,삼성연합의원,내원,,,,,,,,
6021,제이여성의원,,,,,,,,내원,
6022,호산부인과의원,,내원,,,,,내원,내원,
6023,윤덕형내과의원,내원,,,내원,내원,내원,내원,내원,
6024,주안내과의원,내원,,,내원,내원,내원,,,
6025,봄내아이소아청소년과의원,,내원,,,,,,,
6026,김진봉내과의원,내원,,,내원,내원,내원,,,
6027,명석진내과의원,내원,,,내원,내원,내원,,,
6028,햇살따뜻한의원,,내원,,,,,,,
6029,서울아산내과의원,내원,,,내원,내원,내원,내원,내원,
6030,수앤영산부인과의원,,,,,,,,내원,
6031,까르르하나소아청소년과의원,,내원,,,,,,,
6032,지화영소아청소년과의원,,내원,,,,,,,
6033,그랜드연합내과의원,내원,,,내원,내원,내원,내원,내원,
6034,마디온정형외과의원,내원,,,내원,내원,내원,내원,내원,
6035,박찬우365의원,내원,,,,,,,,
6036,서울삼성산부인과의원,,,,,,,,내원,
6037,늘찬소아청소년과의원,,내원,,,,,,,
6038,우리메디의원,내원,내원,,,,,,,
6039,두드림내과의원,내원,,,내원,내원,내원,내원,내원,
6040,성모스마일내과의원,내원,,,내원,내원,내원,내원,,
6041,아름다운산부인과의원,,,,,,,,내원,
6042,강남내과의원,내원,,,내원,내원,내원,,,
6043,늘편한내과의원,내원,,,내원,내원,내원,내원,내원,
6044,유영호치과의원,,,내원,,,,,,
6045,전진학치과의원,,,내원,,,,,,
6046,김영근치과의원,,,내원,,,,,,
6047,홍종대치과의원,,,내원,,,,,,
6048,에이플러스남강치과의원,,,내원,,,,,,
6049,박대진치과의원,,,내원,,,,,,
6050,허치과의원,,,내원,,,,,,
6051,연세치과의원,,,내원,,,,,,
6052,이사랑치과의원,,,내원,,,,,,
6053,김성권치과의원,,,내원,,,,,,
6054,구구플란트치과의원,,,내원,,,,,,
6055,윤석만치과의원,,,내원,,,,,,
6056,한림치과의원,,,내원,,,,,,
6057,유펜세란치과의원,,,내원,,,,,,
6058,한솔치과의원,,,내원,,,,,,
6059,한빛치과의원,,,내원,,,,,,
6060,미치과의원,,,내원,,,,,,
6061,라임치과의원,,,내원,,,,,,
6062,하나치과의원,,,내원,,,,,,
6063,연세아이나라치과의원,,,내원,,,,,,
6064,심상현치과의원,,,내원,,,,,,
6065,세정치과의원,,,내원,,,,,,
6066,연세이튼치과의원,,,내원+출장,,,,,,
6067,강남S치과의원,,,내원,,,,,,
6068,동아연세치과의원,,,내원,,,,,,
6069,메리트치과의원,,,내원,,,,,,
6070,연세하루치과의원,,,내원,,,,,,
6071,e조은치과의원,,,내원,,,,,,
6072,춘천예치과의원,,,내원+출장,,,,,,
6073,로덴치과의원,,,내원,,,,,,
6074,우리부부치과의원,,,내원+출장,,,,,,
6075,백미치과의원,,,내원,,,,,,
6076,하이치과의원,,,내원,,,,,,
6077,한국건강관리협회건강증진치과의원,,,내원,,,,,,
6078,올리브치과의원,,,내원,,,,,,
6079,서울우리치과의원,,,내원,,,,,,
6080,하나큐치과의원,,,내원,,,,,,
6081,메이시스치과의원,,,내원,,,,,,
6082,서울미래치과의원,,,내원,,,,,,
6083,화이트치과의원,,,내원,,,,,,
6084,NY드림치과의원,,,내원,,,,,,
6085,연세바른치과의원,,,내원,,,,,,
6086,연세새로이치과의원,,,내원,,,,,,
6087,서울부부치과의원,,,내원,,,,,,
6088,봄치과의원,,,내원,,,,,,
6089,본수치과의원,,,내원,,,,,,
6090,탑치과의원,,,내원,,,,,,
6091,내이플란트치과의원,,,내원,,,,,,
6092,이롬치과의원,,,내원,,,,,,
6093,김재원치과의원,,,내원,,,,,,
6094,한숲스마트치과의원,,,내원,,,,,,
6095,더봄치과의원,,,내원,,,,,,
6096,온유치과의원,,,내원,,,,,,
6097,장학우리치과의원,,,내원,,,,,,
6098,시원치과의원,,,내원,,,,,,
6099,춘천어린이치과의원,,,내원,,,,,,
6100,유디중앙로치과의원,,,내원,,,,,,
6101,연세하이브치과의원,,,내원,,,,,,
6102,365시에스치과의원,,,내원,,,,,,
6103,메디플란트치과의원,,,내원,,,,,,
6104,봄봄소아치과의원,,,내원,,,,,,
6105,이튼치과의원,,,내원,,,,,,
6106,청춘플란트치과의원,,,내원,,,,,,
6107,서울아이브치과의원,,,내원,,,,,,
6108,철원병원,내원,내원,내원,내원,내원,내원,내원,내원,
6109,윤가정의원,,내원,,,,,,,
6110,김현대내과의원,내원,,,,,,,,
6111,한마음의원,내원,,,,,,,,
6112,서울치과의원,,,내원,,,,,,
6113,성모치과의원,,,내원,,,,,,
6114,화천내과의원,내원,내원,,내원,내원,내원,,,
6115,화천연세의원,내원,,,내원,내원,,,,
6116,화천군보건의료원,내원+출장,내원,내원+출장,내원,내원+출장,내원,,내원,
6117,연세대학교원주세브란스기독병원,내원+출장,내원,내원+출장,내원,내원,내원,내원,내원,내원
6118,강원특별자치도원주의료원,내원+출장,내원,내원,내원,내원,내원,내원,내원,내원
6119,원주카톨릭병원,내원,,,,,,,,
6120,정병원,내원,,,내원,내원,내원,내원,,
6121,의료법인성지의료재단성지병원,내원+출장,,내원+출장,내원+출장,내원+출장,내원,내원+출장,내원,
6122,원주우리병원,내원,,,,내원,,,,
6123,현대중앙병원,내원,,,,내원,내원,내원,내원,
6124,원주성모병원,내원,,,내원,내원,내원,내원,,
6125,센트럴병원,내원,,,내원,내원,내원,,,
6126,원주불로병원,내원,,,,,,,,
6127,연세메디하임병원,내원,,,내원,내원,내원,,,
6128,원주연세병원,내원,,,내원,내원,내원,내원,,
6129,원주센텀병원,내원,,,내원,내원,내원,내원,,
6130,본베스트병원,내원,,,내원,내원,내원,,,
6131,의료법인삼산의료재단삼산병원,내원,,,내원,내원,내원,내원,,
6132,원주프라임병원,내원,,,,,,,,
6133,연세명인병원,내원,,,,,,,,
6134,우리들소아청소년과의원,,내원,,,,,,,
6135,권혁준내과의원,내원,,,내원,내원,내원,,,
6136,미즈산부인과의원,,,,,,,,내원,
6137,푸른솔의원,,내원,,,,,,,
6138,이재순내과의원,내원,,,내원,,내원,,,
6139,구곡의원,,내원,,,,,,,
6140,오은경소아청소년과의원,,내원,,,,,,,
6141,학교법인상지학원부설상지푸른의원,내원,,,,,,,,
6142,우성애여성의원,내원,,,,,,,내원,
6143,기린소아청소년과의원,,내원,,,,,,,
6144,강남영내과의원,내원,,,내원,내원,내원,,,
6145,아름다운산부인과의원,,,,,,,,내원,
6146,김대균의원,,내원,,,,,,,
6147,이성우내과의원,내원,,,내원,내원,내원,,내원,
6148,송광선내과의원,내원,,,내원,,내원,,,
6149,연규홍소아청소년과의원,,내원,,,,,,,
6150,미래산부인과의원,,,,,,,,내원,
6151,서울내과의원,내원,,,내원,,내원,,,
6152,손경수내과의원,내원,,,내원,내원,내원,내원,내원,
6153,연세봄산부인과의원,,,,,,,,내원,
6154,한빛소아청소년과의원,,내원,,,,,,,
6155,연세민내과의원,내원,,,내원,내원,내원,내원,,
6156,예사랑산부인과의원,,,,,,,,내원,
6157,원주영상의학과의원,내원,,,,,내원,내원,내원,
6158,우리산부인과의원,,,,,,,,내원,
6159,21세기소아청소년과의원,,내원,,,,,,,
6160,이형준내과의원,내원,,,내원,내원,내원,내원,,
6161,키즈메디소아청소년과의원,,내원,,,,,,,
6162,최원규소아청소년과의원,,내원,,,,,,,
6163,이건내과의원,내원,,,내원,,내원,,,
6164,이용규내과의원,내원,,,내원,내원,내원,,,
6165,연희영상의학과의원,내원,,,,,내원,내원,,
6166,우리아이소아청소년과의원,,내원,,,,,,,
6167,연세준내과의원,내원,,,,,내원,,,
6168,천정학내과의원,내원,,,내원,,,,,
6169,원주연세의원,내원,내원,,내원,내원,내원,내원,내원,
6170,서울이내과의원,내원,,,내원,,내원,,,
6171,정내과의원,내원,,,내원,내원,내원,,,
6172,신희경산부인과의원,,,,,,,,내원,
6173,아이튼튼소아청소년과의원,,내원,,,,,,,
6174,연세그린내과의원,내원,,,내원,,내원,,,
6175,박동훈내과의원,내원,,,내원,내원,내원,,,
6176,강훈소아청소년과의원,,내원,,,,,,,
6177,퀸스영상의학과의원,내원,,,,,내원,내원,내원,
6178,율산부인과의원,,내원,,,,,,내원,
6179,임수빈내과의원,내원,,,내원,,내원,,,
6180,강원의료복지사회적협동조합밝음의원,내원,,,,,내원,,,
6181,연세순풍산부인과의원,,,,,,,,내원,
6182,연세키즈소아청소년과의원,,내원,,,,,,,
6183,연세굿모닝내과의원,내원,,,내원,내원,내원,,,
6184,도담내과의원,내원,,,내원,,내원,,,
6185,연세혁신내과의원,내원,,,내원,내원,내원,,,
6186,죠훈신경외과의원,내원,,,내원,내원,내원,내원,내원,
6187,연세열린내과의원,내원,,,내원,내원,내원,,,
6188,부부소아청소년과의원,,내원,,,,,,,
6189,연세고운맘소아청소년과의원,,내원,,,,,,,
6190,더사랑소아청소년과의원,,내원,,,,,,,
6191,하니유외과의원,,,,,,,내원,,
6192,하나내과의원,내원,,,내원,,내원,,,
6193,준소아청소년과의원,,내원,,,,,,,
6194,고려제일의원,내원,,,내원,내원,내원,,내원,
6195,속시원한내과의원,내원,,,내원,내원,내원,내원,내원,
6196,지정내과의원,내원,,,내원,내원,내원,,,
6197,키다리소아청소년과의원,,내원,,,,,,,
6198,드림365소아청소년과의원,내원,내원,,,,,,,
6199,곽엄섭내과의원,내원,,,내원,내원,내원,내원,,
6200,원주위대한내과의원,내원,,,내원,내원,내원,,,
6201,아이편한소아청소년과의원,,내원,,,,,,,
6202,서울황내과의원,내원,,,내원,내원,내원,내원,내원,
6203,연세이명규내과의원,내원,내원,,내원,내원,내원,,,
6204,엄마맘소아청소년과의원,,내원,,,,,,,
6205,연세임유리내과의원,내원,,,내원,내원,내원,내원,내원,
6206,파인땡큐앤드유외과의원,,,,,,,내원,,
6207,이석원내과의원,내원,,,내원,내원,내원,내원,,
6208,그랜드치과병원,,,내원,,,,,,
6209,서울매일치과병원,,,내원,,,,,,
6210,부부치과의원,,,내원,,,,,,
6211,중앙치과의원,,,내원,,,,,,
6212,천진호치과의원,,,내원,,,,,,
6213,샤인치과의원,,,내원,,,,,,
6214,최영권치과의원,,,내원,,,,,,
6215,원일치과의원,,,내원,,,,,,
6216,위치과의원,,,내원,,,,,,
6217,엔치과의원,,,내원,,,,,,
6218,세브란스치과의원,,,내원,,,,,,
6219,늘푸른치과의원,,,내원,,,,,,
6220,튼튼치과의원,,,내원,,,,,,
6221,프렌즈치과의원,,,내원,,,,,,
6222,하나치과의원,,,내원,,,,,,
6223,리더스치과의원,,,내원,,,,,,
6224,단계뿌리깊은치과의원,,,내원,,,,,,
6225,한빛치과의원,,,내원,,,,,,
6226,서울토론토치과의원,,,내원,,,,,,
6227,연세스카이치과의원,,,내원,,,,,,
6228,바른길치과의원,,,내원,,,,,,
6229,서울윤치과의원,,,내원,,,,,,
6230,키노인터네셔널치과의원,,,내원,,,,,,
6231,연우치과의원,,,내원,,,,,,
6232,이스타치과의원,,,내원,,,,,,
6233,서울수치과의원,,,내원,,,,,,
6234,화이트e치과의원,,,내원,,,,,,
6235,스마일치과의원,,,내원,,,,,,
6236,은행나무치과의원,,,내원,,,,,,
6237,원주샘치과의원,,,내원,,,,,,
6238,연세아이편한치과의원,,,내원,,,,,,
6239,연세프라임치과의원,,,내원,,,,,,
6240,굿모닝치과의원,,,내원,,,,,,
6241,다담웃음치과의원,,,내원,,,,,,
6242,서울인성치과의원,,,내원,,,,,,
6243,신호드림치과의원,,,내원,,,,,,
6244,고은아이치과의원,,,내원,,,,,,
6245,문막애치과의원,,,내원,,,,,,
6246,한사랑치과의원,,,내원,,,,,,
6247,하얀이치과의원,,,내원,,,,,,
6248,북원치과의원,,,내원,,,,,,
6249,이사랑치과의원,,,내원,,,,,,
6250,킴스주니어치과의원,,,내원,,,,,,
6251,서울에이스치과의원,,,내원,,,,,,
6252,닥터유부부치과의원,,,내원,,,,,,
6253,스토리치과의원,,,내원,,,,,,
6254,원주치과의원,,,내원,,,,,,
6255,연세사랑나눔치과의원,,,내원,,,,,,
6256,닥터후치과의원,,,내원,,,,,,
6257,연세부부치과의원,,,내원,,,,,,
6258,서울니어치과의원,,,내원,,,,,,
6259,연세치과의원,,,내원,,,,,,
6260,오케이치과의원,,,내원,,,,,,
6261,닥터리치과의원,,,내원,,,,,,
6262,탑치과의원,,,내원,,,,,,
6263,원주웰치과의원,,,내원,,,,,,
6264,에벤에셀치과의원,,,내원,,,,,,
6265,건강한치과의원,,,내원,,,,,,
6266,서울열린치과의원,,,내원,,,,,,
6267,삼성서울치과의원,,,내원,,,,,,
6268,하늘치과의원,,,내원,,,,,,
6269,에이플치과의원,,,내원,,,,,,
6270,28지킴이치과의원,,,내원,,,,,,
6271,정직한치과의원,,,내원,,,,,,
6272,강남후생치과의원,,,내원,,,,,,
6273,서울플란트치과의원,,,내원,,,,,,
6274,연세탑치과의원,,,내원,,,,,,
6275,상아치과의원,,,내원,,,,,,
6276,연세이안치과의원,,,내원,,,,,,
6277,유앤미치과의원,,,내원,,,,,,
6278,이편한치과의원,,,내원,,,,,,
6279,다람쥐키즈치과의원,,,내원,,,,,,
6280,원주유디치과의원,,,내원,,,,,,
6281,태장치과의원,,,내원,,,,,,
6282,연세바른치과의원,,,내원,,,,,,
6283,마리치과의원,,,내원,,,,,,
6284,센텀플란트치과의원,,,내원,,,,,,
6285,연세문막치과의원,,,내원,,,,,,
6286,디지털월드치과의원,,,내원,,,,,,
6287,원주클라인치과의원,,,내원,,,,,,
6288,중앙플란트치과의원,,,내원,,,,,,
6289,치과명작치과의원,,,내원,,,,,,
6290,아이조아치과의원,,,내원,,,,,,
6291,이로운치과의원,,,내원,,,,,,
6292,아이온가족치과의원,,,내원+출장,,,,,,
6293,서울더바른치과의원,,,내원,,,,,,
6294,치과의정석치과의원,,,내원,,,,,,
6295,서울수려한치과의원,,,내원,,,,,,
6296,횡성대성병원,내원,내원,,내원,내원,내원,내원,내원,
6297,횡성정형외과의원,내원,,,내원,,내원,,,
6298,유소아청소년과의원,,내원,,,,,,,
6299,횡성내과의원,내원,,,내원,내원,내원,,,
6300,김경태내과의원,내원,,,내원,,내원,,,
6301,이재형봄빛내과의원,내원,,,내원,내원,내원,내원,,
6302,이플란트지연치과의원,,,내원,,,,,,
6303,현대치과의원,,,내원,,,,,,
6304,형제치과의원,,,내원,,,,,,
6305,우리치과의원,,,내원,,,,,,
6306,서울인생치과의원,,,내원,,,,,,
6307,횡성치과의원,,,내원,,,,,,
6308,서울수치과의원,,,내원,,,,,,
6309,연세치과의원,,,내원,,,,,,
6310,횡성군보건소,내원,,,,,,,내원,
6311,의료법인강릉동인병원,내원+출장,내원,내원,내원,내원,내원,내원,내원,내원
6312,강원특별자치도강릉의료원,내원,,내원,내원,내원,내원,내원,내원,내원
6313,의산의료재단강릉고려병원,내원,,,내원,내원,내원,내원,내원,
6314,강릉아산병원,내원,내원,,내원,내원,내원,내원,내원,내원
6315,국군강릉병원,내원,,,,,,,,
6316,(의)아나의료재단강릉아나병원,내원+출장,내원,,내원+출장,내원+출장,내원+출장,내원+출장,내원+출장,
6317,공내과의원,내원,,,내원,,내원,,,
6318,에스엠가정의학과의원,내원,,,내원,내원,내원,내원,내원,
6319,조소아청소년과의원,,내원,,,,,,,
6320,경선산부인과의원,내원,내원,,,,내원,,내원,
6321,예수강릉메디컬의원,내원+출장,,,내원,내원+출장,,,,
6322,김남동내과의원,내원,,,내원,내원,내원,내원,,
6323,행복한소아청소년과의원,,내원,,,,,,,
6324,이소아청소년과의원,,내원,,,,,,,
6325,난소아청소년과의원,,내원,,,,,,,
6326,한솔내과의원,내원,,,내원,,내원,,,
6327,행복누리산부인과의원,,,,,,,,내원,
6328,하나산부인과의원,,,,,,,,내원,
6329,연세소아청소년과의원,,내원,,,,,,,
6330,이명호내과의원,내원,,,내원,,내원,,,
6331,우리들내과의원,내원,,,내원,내원,내원,내원,내원,
6332,박유인소아청소년과의원,,내원,,,,,,,
6333,여정언산부인과의원,,,,,,,,내원,
6334,고려가정의학과의원,내원,내원,,내원,내원,내원,,,
6335,푸른내과의원,내원,,,내원,내원,내원,,,
6336,강릉속편한내과의원,내원,,,내원,내원,내원,내원,내원,
6337,김재권내과의원,내원,,,내원,내원,내원,,,
6338,도담도담소아청소년과의원,,내원,,,,,,,
6339,행복한내과의원,내원,,,내원,내원,내원,,,
6340,연세신영내과의원,내원,,,내원,내원,내원,,,
6341,한기철내과의원,내원,,,내원,내원,내원,,,
6342,세가온산부인과의원,내원,,,,,,내원,내원,
6343,아이앤맘산부인과의원,,,,,,,,내원,
6344,홍현일내과의원,내원,,,내원,내원,내원,,,
6345,아이앤맘소아청소년과의원,,내원,,,,,,,
6346,파란소아청소년과의원,,내원,,,,,,,
6347,동서연산부인과의원,내원,,,,,,내원,내원,
6348,위드내과의원,내원,,,내원,내원,내원,내원,내원,
6349,온산부인과의원,,,,,,,,내원,
6350,우주가정의학과의원,내원,,,내원,내원,내원,내원,내원,
6351,김영돈내과의원,내원,,,내원,내원,내원,,,
6352,강릉원주대학교치과병원,,,내원+출장,,,,,,
6353,인성치과의원,,,내원,,,,,,
6354,행복이송송치과의원,,,내원,,,,,,
6355,신영치과의원,,,내원,,,,,,
6356,참사랑치과의원,,,내원,,,,,,
6357,최근준치과의원,,,내원,,,,,,
6358,현대치과의원,,,내원,,,,,,
6359,가인치과의원,,,내원,,,,,,
6360,함치과의원,,,내원,,,,,,
6361,연세부부치과의원,,,내원,,,,,,
6362,최종운치과의원,,,내원,,,,,,
6363,뉴사랑심는치과의원,,,내원,,,,,,
6364,이가편한미치과의원,,,내원,,,,,,
6365,제이치과의원,,,내원,,,,,,
6366,서울치과의원,,,내원,,,,,,
6367,미소치과의원,,,내원,,,,,,
6368,본치과의원,,,내원,,,,,,
6369,굿모닝치과의원,,,내원,,,,,,
6370,정원치과의원,,,내원,,,,,,
6371,아라치과의원,,,내원,,,,,,
6372,라인치과의원,,,내원,,,,,,
6373,강릉바른이치과의원,,,내원,,,,,,
6374,참조은장치과의원,,,내원,,,,,,
6375,아이조은치과의원,,,내원,,,,,,
6376,아이앤맘어린이치과의원,,,내원,,,,,,
6377,소망치과의원,,,내원,,,,,,
6378,스마일치과의원,,,내원,,,,,,
6379,그랜드치과의원,,,내원,,,,,,
6380,바른마음치과의원,,,내원,,,,,,
6381,로이스치과의원,,,내원,,,,,,
6382,튼튼아이소아치과의원,,,내원,,,,,,
6383,채움치과의원,,,내원,,,,,,
6384,주문진중앙치과의원,,,내원,,,,,,
6385,관동치과의원,,,내원,,,,,,
6386,닥터준치과교정과치과의원,,,내원,,,,,,
6387,서울마음치과의원,,,내원,,,,,,
6388,강릉조은이플란트치과의원,,,내원,,,,,,
6389,월드치과의원,,,내원,,,,,,
6390,강릉사과나무치과의원,,,내원,,,,,,
6391,근로복지공단태백병원,내원,,내원,내원,내원,내원,내원,내원,내원
6392,신태백병원,내원,,,내원,내원,내원,내원,,
6393,튼튼소아청소년과의원,,내원,,,,,,,
6394,류상우소아청소년과의원,,내원,,,,,,,
6395,한마음산부인과의원,,,,,,,,내원,
6396,연세호내과의원,내원,,,내원,내원,내원,,,
6397,상아치과의원,,,내원,,,,,,
6398,민치과의원,,,내원,,,,,,
6399,근로복지공단정선병원,내원,내원,,내원,내원,내원,,,
6400,정선군립병원,내원,내원,,내원,내원,내원,내원,내원,
6401,서울가정의학과의원,내원,,,내원,내원,내원,내원,내원,
6402,사북연세치과의원,,,내원,,,,,,
6403,고운미소치과의원,,,내원,,,,,,
6404,유명치과의원,,,내원,,,,,,
6405,정선군보건소,내원,,내원+출장,,,,,,
6406,정선군보건소고한사북지소,,,내원,,,,,,
6407,강원특별자치도속초의료원,내원,내원,내원,내원,내원,내원,내원,내원,내원
6408,속초보광병원,내원,,,내원,내원,내원,내원,내원,내원
6409,최종열산부인과의원,,,,,,,,내원,
6410,송소아청소년과의원,,내원,,,,,,,
6411,김태영내과의원,내원,,,내원,,내원,,,
6412,제일산부인과의원,,,,,,,내원,내원,
6413,송춘익내과의원,내원,,,내원,,내원,,,
6414,개성소아청소년과의원,,내원,,,,,,,
6415,고려산부인과의원,,,,,,,,내원,
6416,이호영소아청소년과의원,,내원,,,,,,,
6417,중앙산부인과의원,,,,,,,내원,내원,
6418,김소아청소년과의원,,내원,,,,,,,
6419,이현철소아청소년과의원,,내원,,,,,,,
6420,서울차내과의원,내원,,,내원,내원,내원,,,
6421,이상호내과의원,내원,,,내원,내원,내원,,,
6422,속초강내과의원,내원,,,내원,,,,,
6423,서울노앤기내과의원,내원,,,내원,내원,내원,,,
6424,엠디(MD)서울내과의원,내원,,,내원,내원,,,,
6425,"송제일,전종민내과의원",내원,,,내원,내원,내원,,,
6426,킴스여성의원,,,,,,,,내원,
6427,아산탑내과의원,내원,,,내원,내원,내원,,,
6428,아산봄내과의원,내원,,,내원,내원,내원,내원,내원,
6429,김태연산부인과의원,,,,,,,,내원,
6430,신천호내과의원,내원,,,내원,내원,내원,,,
6431,위덴치과병원,,,내원+출장,,,,,,
6432,정진용치과의원,,,내원,,,,,,
6433,수치과의원,,,내원,,,,,,
6434,아동치과의원,,,내원,,,,,,
6435,연세참고운치과의원,,,내원,,,,,,
6436,이치과의원,,,내원,,,,,,
6437,경희유치과의원,,,내원,,,,,,
6438,흰돌치과의원,,,내원,,,,,,
6439,신호드림치과의원,,,내원,,,,,,
6440,프라임치과의원,,,내원,,,,,,
6441,더봄치과교정과치과의원,,,내원,,,,,,
6442,속초조은이플란트치과의원,,,내원,,,,,,
6443,조은내과의원,내원,,,내원,내원,내원,,,
6444,명인치과의원,,,내원,,,,,,
6445,마음담은치과의원,,,내원,,,,,,
6446,강원도고성군보건소,내원,,내원,,,,,,
6447,연세의원,,내원,,,,,,,
6448,상명내과의원,내원,,,내원,내원,내원,,,
6449,성모의원,내원,,,내원,내원,내원,,,
6450,미래치과의원,,,내원,,,,,,
6451,서울원치과의원,,,내원,,,,,,
6452,양양군보건소,내원,,내원,,,,,내원,
6453,강원특별자치도삼척의료원,내원,내원,내원,내원,내원,내원,내원,내원,내원
6454,선한이웃병원,내원,,,내원,내원,내원,내원,내원,
6455,서울산부인과의원,,,,,,,,내원,
6456,나소아과의원,,내원,,,,,,,
6457,우리아이소아청소년과의원,,내원,,,,,,,
6458,성심더편한내과의원,내원,,,내원,내원,내원,,,
6459,하얀이치과의원,,,내원,,,,,,
6460,안병두치과의원,,,내원,,,,,,
6461,김치과의원,,,내원,,,,,,
6462,박종화치과의원,,,내원,,,,,,
6463,김형태치과의원,,,내원+출장,,,,,,
6464,이재민치과의원,,,내원,,,,,,
6465,중앙치과의원,,,내원,,,,,,
6466,이사랑치과의원,,,내원,,,,,,
6467,서울미소치과의원,,,내원,,,,,,
6468,효치과의원,,,내원,,,,,,
6469,진부연세내과의원,내원,,,내원,,,,,
6470,진부성심의원,,,,,,,,내원,
6471,소망의원,내원,,,내원,내원,,내원,내원,
6472,임재윤치과의원,,,내원,,,,,,
6473,평창치과의원,,,내원,,,,,,
6474,대화치과의원,,,내원,,,,,,
6475,서울본치과의원,,,내원,,,,,,
6476,평창군보건의료원,내원,내원,내원,,,,,,
6477,강원특별자치도영월의료원,내원+출장,내원,내원+출장,내원,내원,내원,내원,내원,내원
6478,푸른사랑병원,내원,,,내원,내원,내원,내원,,
6479,박명옥내과의원,내원,,,내원,내원,내원,,,
6480,송치과의원,,,내원,,,,,,
6481,장재치과의원,,,내원,,,,,,
6482,서울마음치과의원,,,내원,,,,,,
6483,서울정플란트치과의원,,,내원,,,,,,
6484,홍천아산병원,내원,내원,,내원,내원,내원,내원,내원,
6485,국군홍천병원,내원,,,,,,,,
6486,키즈메디소아청소년과의원,내원,내원,,내원,내원,내원,내원,내원,
6487,한림내과의원,내원,,,내원,내원,내원,,,
6488,한림중앙의원,내원,,,,,,,,
6489,양학석영상의학과의원,내원,내원,,내원,내원,내원,내원,내원,
6490,모아산부인과의원,,,,,,,,내원,
6491,서울삼성내과의원,내원,,,내원,내원,내원,,,
6492,바른손치과의원,,,내원,,,,,,
6493,서울명문치과의원,,,내원,,,,,,
6494,서울마음치과의원,,,내원,,,,,,
6495,인제고려병원,내원,,,내원,내원,내원,,내원,
6496,한림의원,내원,,,,,,,,
6497,한사랑의원,,내원,,,,,,,
6498,인제온가족치과의원,,,내원,,,,,,
6499,인제군보건소,내원,,내원,,,,,내원,
6500,의료법인양구우리병원,,내원,,,,,,,
6501,의료법인성심의료재단양구성심병원,내원,내원,,내원,내원,내원,,내원,
6502,양구세브란스가정의학과의원,,내원,,,,,,,
6503,튼튼소아청소년과의원,,내원,,,,,,,
6504,양구치과의원,,,내원,,,,,,
6505,미소치과의원,,,내원,,,,,,
6506,서울치과의원,,,내원,,,,,,
6507,사랑치과의원,,,내원,,,,,,
6508,서울봄치과의원,,,내원,,,,,,
6509,양구군보건소,내원,,내원+출장,,,,,,
6510,의료법인동해동인병원,내원,내원,내원,내원,내원,내원,내원,내원,내원
6511,근로복지공단동해병원,내원+출장,,,내원,내원,내원,내원,내원,
6512,동해요양병원,내원,,내원,,,,,,
6513,한소아과의원,,내원,,,,,,,
6514,심내과의원,내원,,,내원,,내원,,,
6515,이이비인후과의원,,내원,,,,,,,
6516,이승재내과의원,내원,,,,,,,,
6517,신소아청소년과의원,,내원,,,,,,,
6518,이연수내과의원,내원,,,내원,내원,내원,,,
6519,이옥찬내과의원,내원,,,,,,,,
6520,임내과의원,내원,,,내원,내원,내원,,,
6521,아이맘산부인과의원,,,,,,,,내원,
6522,동해금강의원,내원,내원,,내원,내원,내원,,,
6523,글로리아산부인과의원,,,,,,,,내원,
6524,이재현내과의원,내원,,,내원,내원,내원,,,
6525,동해프라임내과의원,내원,,,내원,내원,내원,,,
6526,동해제일내과의원,내원,,,내원,내원,내원,,,
6527,연세속이편한내과의원,내원,,,내원,내원,내원,내원,내원,
6528,태도치과의원,,,내원,,,,,,
6529,효치과의원,,,내원,,,,,,
6530,참조은치과의원,,,내원,,,,,,
6531,김주선치과의원,,,내원,,,,,,
6532,연세치과의원,,,내원,,,,,,
6533,중앙치과의원,,,내원,,,,,,
6534,아름다운치과의원,,,내원,,,,,,
6535,굿모닝치과의원,,,내원,,,,,,
6536,치아사랑치과의원,,,내원,,,,,,
6537,예스치과의원,,,내원,,,,,,
6538,베네치아치과의원,,,내원,,,,,,
6539,바른치과교정과치과의원,,,내원,,,,,,
6540,미소디자인치과의원,,,내원,,,,,,
6541,동해아이온소아치과의원,,,내원,,,,,,
6542,베네치아치과교정과치과의원,,,내원,,,,,,
6543,이플란트치과의원,,,내원,,,,,,
6544,뿌리플란트치과의원,,,내원,,,,,,
6545,인제대학교부산백병원,내원+출장,,,내원,내원,내원,내원,내원,내원
6546,학교법인춘해병원,내원+출장,,,내원,내원,내원,내원,내원,내원
6547,학교법인)동의병원,내원,내원,,내원,내원,내원,내원,내원,내원
6548,의료법인온그룹의료재단온병원,내원+출장,내원,내원+출장,내원,내원,내원,내원,내원,내원
6549,세흥병원,내원,,,내원,내원,내원,내원,내원,
6550,휴병원,내원,,,내원,내원,내원,내원,내원,
6551,의)청십자의료재단행복한병원,내원,,,내원,,내원,,,
6552,부산제2항운병원,내원,,,내원,내원,내원,내원,내원,
6553,미래여성병원,내원,내원,,내원,내원,내원,내원,내원,
6554,이샘병원,내원+출장,,,내원,내원,내원,내원,내원,
6555,성가병원,내원,,,내원,내원,,내원,,
6556,부산큰병원,내원,,,내원,내원,내원,,,
6557,에덴어린이병원,내원,내원,,,,,,,
6558,큰힘병원,내원,,,내원,내원,내원,,,
6559,목화병원,내원,,,내원,내원,내원,내원,,
6560,배철의원,내원,,,내원,내원,내원,내원,내원,
6561,윤내과의원,내원,,,내원,,내원,,,
6562,고학준소아청소년과의원,,내원,,,,,,,
6563,백양제일내과의원,내원,,,내원,내원,내원,내원,내원,
6564,김지수산부인과의원,,,,,,,,내원,
6565,태을의원,내원,,,,,,,,
6566,안경민소아청소년과의원,,내원,,,,,,,
6567,강기상내과의원,내원,,,,내원,내원,,,
6568,참내과의원,내원,내원,,내원,내원,내원,,,
6569,서영주소아청소년과의원,,내원,,,,,,,
6570,박성수내과의원,내원,,,내원,내원,내원,,,
6571,공내과의원,내원,,,내원,내원,내원,,,
6572,김태진내과의원,내원,,,내원,내원,내원,,,
6573,노박젠틀브이의원,,,,,,,,내원,
6574,아이사랑산부인과의원,내원,내원,,,,,,내원,
6575,강내과의원,내원,,,내원,내원,내원,,,
6576,항도퀀텀의원,내원,,,,,,,내원,
6577,보람산부인과의원,,,,,,,,내원,
6578,이혜진소아청소년과의원,,내원,,,,,,,
6579,신지원산부인과의원,,,,,,,,내원,
6580,아이러브소아청소년과의원,,내원,,,,,,,
6581,이영우내과의원,내원,,,내원,내원,내원,,,
6582,류청창앤이희정정형외과소아청소년과의원,,내원,,,,,,,
6583,오세진내과의원,내원,,,내원,,내원,,,
6584,정준용내과의원,내원,,,내원,,내원,,,
6585,세정의원,내원,,,,,,,,
6586,소중한소아청소년과의원,,내원,,,,,,,
6587,윤욱돈내과의원,내원,,,내원,내원,내원,,,
6588,장편한내과의원,내원,,,내원,내원,내원,,,
6589,신세계소아청소년과의원,,내원,,,,,,,
6590,원광메디칼영상의학과내과의원,내원,,,내원,내원,내원,내원,내원,
6591,인사랑내과영상의학과의원,내원,,,내원,내원,내원,내원,,
6592,중앙내과의원,내원,,,,,내원,,,
6593,푸른의원,내원,,,내원,,내원,,,
6594,루이송의원,,,,,,,,내원,
6595,김주인내과의원,내원,,,내원,,내원,,,
6596,미래내과의원,내원,내원,,내원,,,,,
6597,다나은내과의원,내원,,,내원,내원,내원,,,
6598,연세김의원,,내원,,,,,,,
6599,한화생명보험㈜부산부속의원,내원,,,,,,,,
6600,속시원한내과의원,내원,,,내원,내원,내원,,,
6601,개금신세계소아청소년과의원,,내원,,,,,,,
6602,송수근내과의원,내원,,,내원,,내원,,,
6603,미래소아청소년과의원,,내원,,,,,,,
6604,미래연합소아청소년과의원,,내원,,,,,,,
6605,장시원내과의원,내원,,,내원,내원,내원,내원,,
6606,장팔팔의원,내원,,,내원,내원,내원,,내원,
6607,우리정내과의원,내원,,,내원,내원,내원,,,
6608,서면속내과의원,내원,,,내원,내원,내원,,,
6609,더좋은에스의원,내원,,,내원,내원,,,,
6610,하나유외과의원,내원,,,,,,내원,내원,
6611,조앤조내과신경과의원,내원,,,내원,내원,내원,내원,내원,
6612,리즈인여성의원,,,,,,,,내원,
6613,허종현내과의원,내원,,,내원,내원,내원,,,
6614,부강내과의원,내원,,,내원,내원,내원,,,
6615,성애내과의원,내원,,,내원,내원,내원,,,
6616,속편한장내과의원,내원,,,내원,내원,내원,내원,내원,
6617,센트럴부산의원,내원,,,내원,내원,내원,내원,내원,
6618,숨편한곽내과의원,내원,,,내원,내원,내원,,,
6619,가야우리아동의원,,내원,,,,,,,
6620,송준영내과소아청소년과의원,내원,내원,,내원,내원,내원,내원,내원,
6621,우리아동의원,,내원,,,,,,,
6622,개금다나아내과의원,내원,,,내원,내원,내원,,,
6623,이신내과의원,내원,,,,,,,,
6624,서면필내과의원,내원,,,내원,내원,내원,내원,내원,
6625,지혜산부인과의원,,,,,,,,내원,
6626,글로리여성의원,,,,,,,,내원,
6627,선진맑은샘내과의원,내원,,,내원,내원,내원,내원,내원,
6628,장새로이내과의원,내원,,,내원,내원,내원,내원,내원,
6629,연지삼성내과의원,내원,,,내원,내원,내원,내원,내원,
6630,개금박내과의원,내원,,,내원,내원,내원,,,
6631,아미유외과의원,,,,,,,내원,,
6632,애플산부인과의원,,,,,,,,내원,
6633,로앤산부인과의원,,,,,,,,내원,
6634,부산베스트내과의원,내원,,,내원,내원,내원,내원,내원,
6635,백세메디칼의원,내원,,,내원,내원,내원,,,
6636,이영희산부인과의원,,,,,,,,내원,
6637,서울으뜸내과의원,내원,,,내원,내원,내원,내원,내원,
6638,하이장내과의원,내원,,,내원,내원,내원,내원,내원,
6639,365류내과의원,내원,,,,,,,,
6640,새싹소아청소년과의원,,내원,,,,,,,
6641,서일메디컬그룹의원,내원,,,내원,내원,내원,내원,내원,
6642,유유외과의원,,,,,,,내원,,
6643,더올림의원,내원,,,내원,내원,내원,,,
6644,굿윌치과병원,,,내원+출장,,,,,,
6645,바른윤곽치과병원,,,내원,,,,,,
6646,시에스치과병원,,,내원+출장,,,,,,
6647,라인업치과병원,,,내원+출장,,,,,,
6648,플란치과병원,,,내원,,,,,,
6649,초읍예치과의원,,,내원,,,,,,
6650,서면중앙치과의원,,,내원,,,,,,
6651,안호경치과의원,,,내원,,,,,,
6652,권종대치과의원,,,내원,,,,,,
6653,김장현치과의원,,,내원,,,,,,
6654,석치과의원,,,내원,,,,,,
6655,김앤김치과의원,,,내원,,,,,,
6656,김인영치과의원,,,내원,,,,,,
6657,당감부부치과의원,,,내원,,,,,,
6658,세계로치과의원,,,내원,,,,,,
6659,배치과의원,,,내원,,,,,,
6660,덴타피아치과의원,,,내원,,,,,,
6661,그랜드치과의원,,,내원,,,,,,
6662,좋은우리치과의원,,,내원,,,,,,
6663,세명치과의원,,,내원,,,,,,
6664,이수언치과의원,,,내원,,,,,,
6665,하얀치과의원,,,내원,,,,,,
6666,김상연치과의원,,,내원,,,,,,
6667,e-화이트치과의원,,,내원,,,,,,
6668,명성부부치과의원,,,내원,,,,,,
6669,청아치과의원,,,내원,,,,,,
6670,이안치과의원,,,내원,,,,,,
6671,서면예치과의원,,,내원,,,,,,
6672,한솔치과의원,,,내원,,,,,,
6673,미시간치과의원,,,내원,,,,,,
6674,이루미치과의원,,,내원+출장,,,,,,
6675,중앙치과의원,,,내원,,,,,,
6676,오복치과의원,,,내원,,,,,,
6677,노아치과의원,,,내원,,,,,,
6678,예인치과의원,,,내원,,,,,,
6679,로덴치과의원,,,내원,,,,,,
6680,남치과의원,,,내원,,,,,,
6681,보람부부치과의원,,,내원,,,,,,
6682,화이트치과의원,,,내원,,,,,,
6683,디지털아트치과의원,,,내원,,,,,,
6684,서울65치과의원,,,내원,,,,,,
6685,위드치과의원,,,내원,,,,,,
6686,서면어린이치과의원,,,내원,,,,,,
6687,이오연합치과의원,,,내원,,,,,,
6688,아이세상치과의원,,,내원,,,,,,
6689,디에르치과의원,,,내원,,,,,,
6690,예바치과교정과치과의원,,,내원,,,,,,
6691,유앤아이치과의원,,,내원,,,,,,
6692,정다운치과의원,,,내원,,,,,,
6693,스마일디지털치과의원,,,내원,,,,,,
6694,서울위즈덤치과의원,,,내원,,,,,,
6695,장창덕치과의원,,,내원,,,,,,
6696,백양e편한치과의원,,,내원,,,,,,
6697,개금토토어린이치과의원,,,내원,,,,,,
6698,하늘치과의원,,,내원,,,,,,
6699,서울웰치과의원,,,내원,,,,,,
6700,e사이언스치과의원,,,내원,,,,,,
6701,연지웰치과의원,,,내원,,,,,,
6702,하이덴치과의원,,,내원,,,,,,
6703,정일용치과의원,,,내원,,,,,,
6704,갤러리치과의원,,,내원,,,,,,
6705,서면오늘플란트치과의원,,,내원,,,,,,
6706,이엔치과의원,,,내원,,,,,,
6707,리플란트치과의원,,,내원,,,,,,
6708,이티치과의원,,,내원,,,,,,
6709,김유진치과의원,,,내원,,,,,,
6710,김민서치과의원,,,내원,,,,,,
6711,유진치과의원,,,내원,,,,,,
6712,굿모닝치과의원,,,내원,,,,,,
6713,더꼼꼼한치과의원,,,내원,,,,,,
6714,서면클란트치과의원,,,내원+출장,,,,,,
6715,좋은치과의원,,,내원,,,,,,
6716,서면뉴욕치과의원,,,내원,,,,,,
6717,건치과의원,,,내원,,,,,,
6718,미소진치과의원,,,내원,,,,,,
6719,뉴아트치과의원,,,내원,,,,,,
6720,이유치과의원,,,내원+출장,,,,,,
6721,예스부부치과의원,,,내원,,,,,,
6722,1945김근치과의원,,,내원+출장,,,,,,
6723,뉴미시간치과의원,,,내원,,,,,,
6724,개금최치과의원,,,내원,,,,,,
6725,하이브치과의원,,,내원,,,,,,
6726,굿치과의원,,,내원,,,,,,
6727,미래도담치과의원,,,내원,,,,,,
6728,건강한정치과의원,,,내원,,,,,,
6729,이든치과의원,,,내원,,,,,,
6730,다믿주치과의원,,,내원,,,,,,
6731,하나온치과의원,,,내원,,,,,,
6732,감동치과의원,,,내원,,,,,,
6733,이드림치과의원,,,내원,,,,,,
6734,페리오치과의원,,,내원,,,,,,
6735,당감미치과의원,,,내원,,,,,,
6736,고운플란트치과의원,,,내원,,,,,,
6737,생명나무치과의원,,,내원,,,,,,
6738,전포부부치과의원,,,내원,,,,,,
6739,리셋치과의원,,,내원,,,,,,
6740,굿초이스치과의원,,,내원,,,,,,
6741,개금진치과의원,,,내원,,,,,,
6742,래미안치과의원,,,내원,,,,,,
6743,윤치과의원,,,내원,,,,,,
6744,고르다치과의원,,,내원,,,,,,
6745,도원e치과의원,,,내원,,,,,,
6746,애용치과의원,,,내원,,,,,,
6747,양정국제치과의원,,,내원,,,,,,
6748,동의치과의원,,,내원,,,,,,
6749,이편한치과의원,,,내원,,,,,,
6750,양정베스트치과의원,,,내원,,,,,,
6751,친절한참치과의원,,,내원,,,,,,
6752,라치과의원,,,내원,,,,,,
6753,동경하이치과의원,,,내원,,,,,,
6754,부산진구보건소,,,내원+출장,,,,,,
6755,재단법인천주교부산교구유지재단메리놀병원,내원,내원,내원,내원,내원,내원,내원,내원,내원
6756,재단법인일신기독교선교회일신기독병원,내원,내원,,내원,내원,내원,내원,내원,내원
6757,의료법인정화의료재단봉생기념병원,내원,내원,내원,내원,내원,내원,내원,내원,내원
6758,영도병원,내원+출장,내원,내원,내원,내원,내원,내원,내원,내원
6759,좋은문화병원,내원,내원,내원,내원,내원,내원,내원,내원,내원
6760,의료법인행도의료재단해동병원,내원,내원,,내원,내원,내원,내원,내원,내원
6761,새부산병원,내원,,,내원,내원,내원,내원,내원,
6762,아이(i)서울병원,내원,내원,내원,내원,내원,내원,,,
6763,척시원병원,내원,,,,,,,,
6764,힘내라병원,내원,,,내원,내원,내원,내원,내원,
6765,의료법인송산의료재단해양병원,내원,,,,,,,,
6766,세일병원,내원,,,내원,내원,내원,,,
6767,에스병원(S병원),내원,내원,,내원,내원,내원,내원,내원,
6768,건강만세365병원,내원,,,내원,내원,내원,,,
6769,의료법인나라의료재단중앙나라요양병원,내원,,,,,,,,
6770,한승희산부인과의원,,,,,,,,내원,
6771,고려내과의원,내원,내원,,내원,내원,내원,내원,내원,
6772,지창준내과의원,내원,,,내원,내원,내원,내원,내원,
6773,성백운소아청소년과가정의학과의원,,내원,,,,,,,
6774,김영철내과의원,내원,,,내원,내원,내원,,내원,
6775,코끼리내과진단방사선과의원,내원,,,내원,내원,내원,내원,,
6776,양영란내과의원,내원,,,내원,내원,내원,,,
6777,신윤원내과의원,내원,,,내원,,내원,,,
6778,신근식산부인과의원,,,,,,,,내원,
6779,수도의원,내원,,,내원,내원,내원,,,
6780,이형유내과의원,내원,,,내원,내원,내원,내원,,
6781,최덕철소아청소년과의원,,내원,,,,,,,
6782,장미경산부인과의원,,,,,,,,내원,
6783,빛으로의원,내원,,,,,,,,
6784,J&L우리들내과의원,내원,,,내원,,,,,
6785,류마부산김승영내과의원,내원,,,,,,,,
6786,서주내과영상의학과의원,내원,,,내원,내원,내원,내원,내원,
6787,평화소아청소년과의원,,내원,,,,,,,
6788,장편한내과의원,내원,,,내원,내원,내원,내원,,
6789,한빛내과의원,내원,,,내원,내원,내원,내원,,
6790,부산헬스케어의원,내원,,,,,,,,
6791,일신내과의원,내원,내원,,내원,내원,내원,내원,내원,
6792,건강한내과의원,내원,,,내원,내원,내원,,내원,
6793,재단법인한국의학연구소부산의원,내원+출장,,,내원,내원,내원,내원,내원,
6794,좋은영도내과의원,내원,,,내원,내원,내원,,,
6795,로즈여성의원,,,,,,,,내원,
6796,건강한내과의원,내원,,,내원,내원,내원,내원,내원,
6797,범천박의원,내원,,,내원,내원,내원,,,
6798,한가족내과신경외과의원,내원,,,내원,내원,,,,
6799,(의)삼세의료재단몸사랑내과의원,내원,,,내원,내원,내원,,,
6800,최샘내과의원,내원,,,내원,내원,내원,,,
6801,대항길외과의원,내원,,,내원,내원,내원,,내원,
6802,남포신용훈내과의원,내원,,,,,,,,
6803,형건덕내과의원,내원,,,내원,내원,내원,,,
6804,편안한여성의원,,,,,,,,내원,
6805,박소아청소년과의원,,내원,,,,,,,
6806,장진석내과의원,내원,,,내원,내원,내원,,,
6807,삼성제일내과의원,내원,,,내원,내원,내원,내원,내원,
6808,새한내과의원,내원,,,내원,내원,내원,,,
6809,뉴튼치과병원,,,내원,,,,,,
6810,프랜드이사랑치과의원,,,내원,,,,,,
6811,박성국치과의원,,,내원,,,,,,
6812,현대치과의원,,,내원,,,,,,
6813,김진기치과의원,,,내원,,,,,,
6814,김동찬치과의원,,,내원,,,,,,
6815,자연치과의원,,,내원,,,,,,
6816,이상국치과의원,,,내원,,,,,,
6817,로덴치과의원,,,내원,,,,,,
6818,오렌지치과의원,,,내원,,,,,,
6819,참치과의원,,,내원,,,,,,
6820,덕수치과의원,,,내원,,,,,,
6821,청학치과의원,,,내원,,,,,,
6822,부산치과의원,,,내원,,,,,,
6823,프랜드치과의원,,,내원,,,,,,
6824,영도부부치과의원,,,내원,,,,,,
6825,수정치과의원,,,내원,,,,,,
6826,웰컴치과의원,,,내원,,,,,,
6827,연세치과의원,,,내원,,,,,,
6828,장&전치과의원,,,내원,,,,,,
6829,더편한치과의원,,,내원,,,,,,
6830,메리트치과의원,,,내원,,,,,,
6831,다인치과의원,,,내원,,,,,,
6832,중앙치과의원,,,내원,,,,,,
6833,인플란트치과의원,,,내원,,,,,,
6834,보스톤치과의원,,,내원,,,,,,
6835,영도조은치과의원,,,내원,,,,,,
6836,수도치과의원,,,내원+출장,,,,,,
6837,이진치과의원,,,내원,,,,,,
6838,민트치과의원,,,내원,,,,,,
6839,흰치과의원,,,내원,,,,,,
6840,영도오복치과의원,,,내원,,,,,,
6841,애플치과의원,,,내원,,,,,,
6842,디자인치과교정과치과의원,,,내원,,,,,,
6843,편안한서치과의원,,,내원,,,,,,
6844,영도타임치과의원,,,내원,,,,,,
6845,기본이바른치과의원,,,내원,,,,,,
6846,세일치과의원,,,내원,,,,,,
6847,스마트케어치과의원,,,내원,,,,,,
6848,온플란트치과의원,,,내원,,,,,,
6849,마음웰치과의원,,,내원,,,,,,
6850,영도스마트치과의원,,,내원,,,,,,
6851,고관서울치과의원,,,내원,,,,,,
6852,노치과의원,,,내원,,,,,,
6853,최창수치과의원,,,내원,,,,,,
6854,이특별한치과의원,,,내원,,,,,,
6855,강남성모치과의원,,,내원,,,,,,
6856,서울화이트에스(S)치과의원,,,내원,,,,,,
6857,강동병원,내원,,,내원,내원,내원,,내원,
6858,경희병원,내원,,,내원,내원,내원,내원,,
6859,하나병원,내원,,,내원,내원,내원,내원,,
6860,프라임병원,내원,,,내원,내원,내원,내원,,
6861,항플러스병원,내원,,,내원,내원,내원,,,
6862,에디스여성병원,내원,내원,,,,,내원,내원,
6863,부산본병원,내원,,,내원,내원,내원,,,
6864,미래아이병원,내원,내원,,내원,내원,내원,내원,내원,
6865,의료법인양경의료재단중앙U병원,내원+출장,,,내원,내원,내원,내원,내원,
6866,부산맘아동병원,내원,내원,,,,,,,
6867,의료법인성신의료재단다대수병원,내원,,,내원,내원,내원,내원,내원,
6868,부산더키즈병원,,내원,,,,,,,
6869,큐병원,내원,,,내원,내원,내원,내원,내원,
6870,더탄탄병원,내원,,,내원,,내원,,,
6871,장림한서병원,내원+출장,,,내원,내원,내원,내원,,
6872,의료법인성진의료재단동산요양병원,내원,,,,,,,,
6873,명이비인후과의원,,내원,,,,,,,
6874,손계학소아청소년과의원,,내원,,,,,,,
6875,삼성내과엠알영상의학과의원,내원,,,내원,내원,내원,내원,내원,
6876,부산내과의원,내원,,,내원,내원,내원,,,
6877,장기형내과의원,내원,,,내원,,내원,,,
6878,김종석소아청소년과의원,,내원,,,,,,,
6879,최원락내과의원,내원,,,내원,내원,내원,내원,내원,
6880,참여성의원,,,,,,,,내원,
6881,장검현소아청소년과의원,,내원,,,,,,,
6882,조경숙가정의학과소아청소년과의원,,내원,,,,,,,
6883,신효경소아청소년과의원,,내원,,,,,,,
6884,박상조소아청소년과의원,,내원,,,,,,,
6885,이상훈소아청소년과의원,,내원,,,,,,,
6886,사하튼튼소아청소년과의원,,내원,,,,,,,
6887,한빛내과의원,내원,,,내원,내원,내원,,,
6888,박종남내과의원,내원,,,내원,,내원,,,
6889,최홍주소아청소년과의원,,내원,,,,,,,
6890,오케이(OK)의원,내원,,,내원,내원,내원,내원,내원,
6891,한사랑내과의원,내원,,,내원,내원,내원,,,
6892,도원소아청소년과의원,,내원,,,,,,,
6893,박은선산부인과의원,,,,,,,,내원,
6894,서희내과의원,내원,,,내원,내원,내원,내원,내원,
6895,김은영내과의원,내원,,,내원,내원,내원,내원,내원,
6896,경희산부인과의원,,,,,,,,내원,
6897,박가정의학과의원,,내원,,,,,,,
6898,뉴본여성의원,내원,,,,,,내원,내원,
6899,영광내과의원,내원,,,내원,내원,내원,내원,내원,
6900,장사랑내과영상의학과의원,내원,,,내원,내원,내원,내원,,
6901,문화신경외과의원,내원,,,,,,,,
6902,장내과의원,내원,,,내원,내원,내원,,,
6903,홍인내과의원,내원,,,내원,내원,내원,내원,내원,
6904,예함내과의원,내원,,,내원,내원,내원,,,
6905,이룸여성의원,,,,,,,,내원,
6906,윤종주정형외과.조현정내과의원,내원,,,내원,내원,내원,,,
6907,하단속시원내과의원,내원,,,내원,내원,내원,내원,내원,
6908,서울그린의원,,내원,,,,,,,
6909,신봉철내과의원,내원,,,내원,내원,내원,,,
6910,다대정내과의원,내원,,,내원,내원,내원,,,
6911,속e편한내과의원,내원,,,내원,내원,내원,,,
6912,늘푸른내과의원,내원,,,내원,내원,내원,내원,내원,
6913,신세계산부인과의원,,,,,,,,내원,
6914,양내과의원,내원,,,내원,내원,내원,,,
6915,엘여성의원,,,,,,,,내원,
6916,유앤갑외과의원,,,,,,,내원,,
6917,다대안심내과의원,내원,,,내원,내원,내원,내원,내원,
6918,위아래내과의원,내원,,,내원,내원,내원,내원,내원,
6919,장림더큰내과의원,내원,,,내원,내원,내원,내원,내원,
6920,호돌이소아청소년과의원,,내원,,,,,,,
6921,이안내과의원,내원,,,내원,내원,내원,내원,내원,
6922,건강내과의원,내원,,,내원,내원,내원,,,
6923,사하봄내과의원,내원,,,내원,내원,내원,내원,내원,
6924,서울성모내과의원,내원,,,내원,내원,내원,내원,내원,
6925,권현영산부인과의원,,,,,,,,내원,
6926,하단제일내과의원,내원,,,,,내원,,,
6927,다대으뜸내과의원,내원,,,내원,내원,내원,,,
6928,굿윌치과병원,,,내원+출장,,,,,,
6929,한겨레치과의원,,,내원,,,,,,
6930,조진호치과의원,,,내원,,,,,,
6931,전성업치과의원,,,내원,,,,,,
6932,신철규치과의원,,,내원,,,,,,
6933,박경호치과의원,,,내원,,,,,,
6934,괴정우리들치과의원,,,내원,,,,,,
6935,다대치과의원,,,내원,,,,,,
6936,윤치과의원,,,내원,,,,,,
6937,김기철치과의원,,,내원,,,,,,
6938,최상룡치과의원,,,내원,,,,,,
6939,동남부부치과의원,,,내원,,,,,,
6940,최은석치과의원,,,내원,,,,,,
6941,청아치과의원,,,내원,,,,,,
6942,이상민치과의원,,,내원,,,,,,
6943,반도치과의원,,,내원,,,,,,
6944,미시간치과의원,,,내원,,,,,,
6945,개구쟁이치과의원,,,내원,,,,,,
6946,더좋은이동훈치과의원,,,내원,,,,,,
6947,하단강산치과의원,,,내원,,,,,,
6948,삼성메디컬치과의원,,,내원,,,,,,
6949,캘리포니아치과의원,,,내원,,,,,,
6950,UIC아름다운치과의원,,,내원,,,,,,
6951,행복한치과의원,,,내원,,,,,,
6952,사하위드치과의원,,,내원,,,,,,
6953,박준치과의원,,,내원,,,,,,
6954,더스마일치과의원,,,내원,,,,,,
6955,강동미소치과의원,,,내원,,,,,,
6956,정성치과의원,,,내원,,,,,,
6957,참사랑치과의원,,,내원,,,,,,
6958,명성치과의원,,,내원,,,,,,
6959,사단법인온누리를빛낼사람들의비젼센터온누리치과의원,,,내원,,,,,,
6960,연부부치과의원,,,내원,,,,,,
6961,예본치과의원,,,내원,,,,,,
6962,하단어린이치과의원,,,내원,,,,,,
6963,동일치과의원,,,내원,,,,,,
6964,굿모닝치과의원,,,내원,,,,,,
6965,서울미소치과의원,,,내원,,,,,,
6966,봄치과의원,,,내원,,,,,,
6967,온치과의원,,,내원,,,,,,
6968,보건치과의원,,,내원,,,,,,
6969,선치과의원,,,내원,,,,,,
6970,더(the)화이트이(e)치과의원,,,내원,,,,,,
6971,수치과의원,,,내원,,,,,,
6972,시온치과의원,,,내원,,,,,,
6973,예함치과의원,,,내원,,,,,,
6974,보성치과의원,,,내원,,,,,,
6975,하단부부치과의원,,,내원,,,,,,
6976,사하이편한치과의원,,,내원,,,,,,
6977,이좋은치과의원,,,내원,,,,,,
6978,우리치과의원,,,내원,,,,,,
6979,괴정아트치과의원,,,내원,,,,,,
6980,다대튼튼치과의원,,,내원,,,,,,
6981,드림치주과치과의원,,,내원,,,,,,
6982,참부부치과의원,,,내원,,,,,,
6983,남플란트치과의원,,,내원,,,,,,
6984,더편한치과의원,,,내원,,,,,,
6985,하단케이플란트치과의원,,,내원,,,,,,
6986,장림치과의원,,,내원,,,,,,
6987,소중한이치과의원,,,내원,,,,,,
6988,오션치과의원,,,내원,,,,,,
6989,괴정수석치과의원,,,내원,,,,,,
6990,독일미소치과의원,,,내원,,,,,,
6991,닥터박치과의원,,,내원,,,,,,
6992,우리신평치과의원,,,내원,,,,,,
6993,365효플란트치과의원,,,내원,,,,,,
6994,센텀신세계치과의원,,,내원,,,,,,
6995,행복한예일치과의원,,,내원,,,,,,
6996,대동병원,내원,내원,내원,내원,내원,내원,내원,내원,내원
6997,의료법인광혜의료재단광혜병원,내원,내원,,내원,내원,내원,내원,내원,내원
6998,동래봉생병원,내원,,,내원,내원,내원,내원,내원,내원
6999,미래병원,내원,,,내원,내원,내원,,,
7000,사단법인부산의료선교회세계로병원,내원,내원,,내원,내원,내원,내원,내원,
7001,부산미남병원,내원,,,내원,내원,내원,내원,내원,
7002,의료법인상원의료재단부산힘찬병원,내원,,,내원,내원,내원,,,
7003,사직부산아동병원,,내원,,,,,,,
7004,워크재활병원,내원,,,,,,,,
7005,동래아동병원,,내원,,,,,,,
7006,의료법인파란시티의료재단부산항운병원,내원,,,내원,내원,내원,내원,내원,
7007,나르샤병원,내원,,,내원,내원,내원,내원,내원,
7008,새봄병원,내원,,,내원,내원,내원,내원,,
7009,좋은날에드라마여성병원,내원,내원,,내원,내원,,내원,내원,
7010,빌리브세웅병원,내원,,,내원,내원,내원,내원,내원,
7011,김봉관소아과의원,,내원,,,,,,,
7012,문형기소아과의원,,내원,,,,,,,
7013,한국건강관리협회건강증진의원,내원,,,내원,내원,내원,내원,내원,
7014,세브란스의원,내원,,,내원,내원,내원,,,
7015,복천외과의원,,내원,,,,,,,
7016,이언탁내과의원,내원,,,내원,내원,내원,내원,,
7017,김지연산부인과의원,,,,,,,,내원,
7018,이상성플러스의원,,내원,,,,,,,
7019,보람신경외과의원,내원,,,,,,,,
7020,최봉근소아과의원,,내원,,,,,,,
7021,이현정소아청소년과의원,,내원,,,,,,,
7022,연수소아과의원,,내원,,,,,,,
7023,이내과의원,내원,,,,,,,,
7024,강선영산부인과의원,,,,,,,,내원,
7025,늘다봄의원,내원,,,,,,,,
7026,아이튼튼소아청소년과의원,,내원,,,,,,,
7027,고은산부인과의원,,,,,,,,내원,
7028,마더즈의원,,,,,,,내원,,
7029,김정열장(長)건강내과의원,내원,,,내원,내원,내원,,,
7030,새길내과의원,내원,,,내원,내원,내원,내원,내원,
7031,삼성서울내과의원,내원,,,내원,내원,내원,,,
7032,미남맑은내과의원,내원,,,내원,내원,내원,,,
7033,다나은의원,,내원,,,,,,,
7034,최춘한내과의원,내원,,,내원,내원,내원,,,
7035,명륜편한내과의원,내원,,,내원,내원,내원,,,
7036,본베베여성의원,,,,,,,,내원,
7037,동래장편한내과의원,내원,,,내원,내원,내원,,,
7038,바룸내과의원,내원,,,내원,내원,내원,내원,내원,
7039,속편안내과의원,내원,,,내원,내원,내원,내원,내원,
7040,우리비전내과의원,내원,,,내원,내원,내원,내원,,
7041,99서울소아청소년과의원,,내원,,,,,,,
7042,본메디산부인과의원,,,,,,,,내원,
7043,본메디조아의원,,내원,,,,,,,
7044,늘봄내과의원,내원,,,내원,내원,내원,내원,내원,
7045,열린내과의원,내원,,,내원,내원,내원,,,
7046,아이나래소아청소년과의원,,내원,,,,,,,
7047,동래봄산부인과의원,,,,,,,,내원,
7048,속시원김내과의원,내원,,,내원,내원,내원,,,
7049,한빛내과의원,내원,,,내원,내원,,,,
7050,안락샘내과의원,내원,,,,,,,,
7051,김지환내과의원,내원,,,,,,,,
7052,동래미래로여성의원,,,,,,,,내원,
7053,류마편한내과의원,내원,,,,,,,,
7054,훈내과의원,내원,,,내원,내원,내원,,,
7055,바른소리의원,,내원,,,,,,,
7056,김진동삼성내과의원,내원,,,내원,내원,내원,,,
7057,에일린여성의원,,,,,,,,내원,
7058,하늘별소아청소년과의원,,내원,,,,,,,
7059,해님소아청소년과의원,,내원,,,,,,,
7060,우리사직의원,,내원,,,,,,,
7061,연세삼성내과의원,내원,,,내원,내원,내원,내원,내원,
7062,포근한소아청소년과의원,,내원,,,,,,,
7063,속편한내과의원,내원,,,내원,내원,내원,내원,내원,
7064,리안산부인과의원,,,,,,,,내원,
7065,봄샘소아청소년과의원,,내원,,,,,,,
7066,동래참편한내과의원,내원,,,,,내원,,,
7067,이리스산부인과의원,,,,,,,,내원,
7068,올(all)바른성장소아청소년과의원,내원,내원,,,,,,,
7069,금샘류마내과의원,내원,,,,,,,,
7070,온천소아청소년과의원,,내원,,,,,,,
7071,꼼꼼우내과의원,내원,,,내원,내원,내원,내원,,
7072,미주치과병원,,,내원,,,,,,
7073,하나인치과병원,,,내원+출장,,,,,,
7074,동래로덴치과병원,,,내원,,,,,,
7075,박춘배치과의원,,,내원,,,,,,
7076,이종훈치과의원,,,내원,,,,,,
7077,김휘철치과의원,,,내원,,,,,,
7078,김관세치과의원,,,내원,,,,,,
7079,김경순치과의원,,,내원,,,,,,
7080,열린치과의원,,,내원,,,,,,
7081,장동수치과의원,,,내원,,,,,,
7082,시그너스이치과의원,,,내원,,,,,,
7083,이용희치과의원,,,내원,,,,,,
7084,김형숙치과의원,,,내원,,,,,,
7085,한상욱치과의원,,,내원,,,,,,
7086,K&K서울치과의원,,,내원,,,,,,
7087,명장치과의원,,,내원,,,,,,
7088,온천부부치과의원,,,내원,,,,,,
7089,영동치과의원,,,내원,,,,,,
7090,연세치과의원,,,내원,,,,,,
7091,아름다운이치과의원,,,내원,,,,,,
7092,프라임치과의원,,,내원,,,,,,
7093,복있는치과의원,,,내원,,,,,,
7094,사직뉴욕치과의원,,,내원,,,,,,
7095,한국건강관리협회건강증진치과의원,,,내원,,,,,,
7096,김남희치과의원,,,내원,,,,,,
7097,김근준치과의원,,,내원,,,,,,
7098,문상영치과의원,,,내원,,,,,,
7099,참편한치과의원,,,내원,,,,,,
7100,우리들치과의원,,,내원,,,,,,
7101,럭키치과의원,,,내원,,,,,,
7102,박이훈치과의원,,,내원,,,,,,
7103,참치과의원,,,내원,,,,,,
7104,행복한치과의원,,,내원,,,,,,
7105,이튼치과의원,,,내원,,,,,,
7106,사직치과의원,,,내원,,,,,,
7107,정현부부치과의원,,,내원,,,,,,
7108,안주영치과의원,,,내원,,,,,,
7109,화이트치과의원,,,내원,,,,,,
7110,신서경치과의원,,,내원,,,,,,
7111,동래주니어치과의원,,,내원,,,,,,
7112,미치과의원,,,내원,,,,,,
7113,e-플랜트치과의원,,,내원,,,,,,
7114,재원치과의원,,,내원,,,,,,
7115,굿플러스치과의원,,,내원,,,,,,
7116,이정연치과의원,,,내원,,,,,,
7117,오즈어린이치과의원,,,내원,,,,,,
7118,라임부부치과의원,,,내원,,,,,,
7119,우리미치과의원,,,내원,,,,,,
7120,프랜드치과의원,,,내원+출장,,,,,,
7121,이치과의원,,,내원,,,,,,
7122,굿모닝치과의원,,,내원,,,,,,
7123,퍼스트치과의원,,,내원,,,,,,
7124,으뜸치과의원,,,내원,,,,,,
7125,사직어린이치과의원,,,내원,,,,,,
7126,수안치과의원,,,내원,,,,,,
7127,예미안치과의원,,,내원,,,,,,
7128,예바치과교정과의원,,,내원,,,,,,
7129,연우치과의원,,,내원,,,,,,
7130,뉴욕100세치과의원,,,내원,,,,,,
7131,동래보스톤치과의원,,,내원,,,,,,
7132,육육치과의원,,,내원,,,,,,
7133,이좋은치과의원,,,내원,,,,,,
7134,예원치과의원,,,내원,,,,,,
7135,비에스치과교정과치과의원,,,내원,,,,,,
7136,동래아트치과의원,,,내원,,,,,,
7137,더위드치과의원,,,내원,,,,,,
7138,금정치과의원,,,내원,,,,,,
7139,동래어린이치과의원,,,내원,,,,,,
7140,고은치과의원,,,내원,,,,,,
7141,연세바른치과의원,,,내원,,,,,,
7142,플란트치과의원,,,내원,,,,,,
7143,이보람치과교정과치과의원,,,내원,,,,,,
7144,이승희디지털치과의원,,,내원,,,,,,
7145,뷰티플란트치과의원,,,내원,,,,,,
7146,소중한이치과의원,,,내원,,,,,,
7147,사직에이스치과의원,,,내원,,,,,,
7148,사직부부치과의원,,,내원,,,,,,
7149,동래센트럴치과의원,,,내원,,,,,,
7150,바른플란트치과의원,,,내원,,,,,,
7151,고운미소치과의원,,,내원,,,,,,
7152,편한치과의원,,,내원,,,,,,
7153,미남치과의원,,,내원,,,,,,
7154,이룸치과의원,,,내원,,,,,,
7155,닥터조이치과의원,,,내원,,,,,,
7156,동래손치과의원,,,내원,,,,,,
7157,아시아드치과의원,,,내원,,,,,,
7158,좋은하루치과의원,,,내원,,,,,,
7159,바른치과의원,,,내원,,,,,,
7160,온정치과의원,,,내원,,,,,,
7161,이플러스치과의원,,,내원,,,,,,
7162,연세온치과의원,,,내원,,,,,,
7163,다다치과의원,,,내원,,,,,,
7164,동래리더스치과의원,,,내원,,,,,,
7165,진심을담은치과교정과치과의원,,,내원,,,,,,
7166,방경환동행치과의원,,,내원,,,,,,
7167,더꼼꼼한치과의원,,,내원,,,,,,
7168,성화식구강악안면외과치과의원,,,내원,,,,,,
7169,365안락한치과의원,,,내원,,,,,,
7170,우리동래치과의원,,,내원,,,,,,
7171,이정광치과의원,,,내원,,,,,,
7172,미남미소치과의원,,,내원,,,,,,
7173,서울온뉴치과의원,,,내원,,,,,,
7174,한국보훈복지의료공단부산보훈병원,내원,내원,내원,내원,내원,내원,내원,내원,내원
7175,의료법인은성의료재단좋은삼선병원,내원+출장,내원,내원+출장,내원,내원,내원,내원,내원,내원
7176,의료법인영재의료재단큰솔병원,내원,,,내원,내원,내원,내원,,
7177,의료법인현백의료재단사상고려병원,내원,,,내원,내원,내원,,,
7178,의료법인센텀의료재단서부산센텀병원,내원,,,내원,내원,내원,내원,내원,
7179,미래어린이병원,,내원,,,,,,,
7180,의료법인영재의료재단큰솔2병원,내원,,,내원,내원,내원,내원,내원,
7181,부영병원,내원,,,내원,내원,내원,,,
7182,의료법인희경의료재단한국요양병원,내원,,,,,,,,
7183,의료법인나라의료재단스마트나라요양병원,내원,,,,,,,,
7184,김이태소아청소년과의원,,내원,,,,,,,
7185,민정식소아청소년과의원,,내원,,,,,,,
7186,순산부인과의원,,,,,,,,내원,
7187,길의원,내원,,,내원,,내원,,,
7188,김용준소아청소년과의원,,내원,,,,,,,
7189,봄내과의원,내원,,,내원,내원,내원,,,
7190,참소망연합의원,,내원,,,,,,,
7191,윤상경소아청소년과의원,,내원,,,,,,,
7192,전봉균내과의원,내원,,,내원,,내원,,,
7193,배현호내과의원,내원,,,,,내원,,,
7194,새봄산부인과의원,,,,,,,,내원,
7195,안호식소아청소년과의원,,내원,,,,,,,
7196,조안영의원,,내원,,,,,,,
7197,학장성심의원,내원,,,내원,,내원,내원,내원,
7198,재원메디컬의원,내원,,,내원,내원,내원,내원,내원,
7199,큰내과의원,내원,,,내원,내원,내원,내원,,
7200,김내과의원,,내원,,,,,,,
7201,우리항외과의원,내원,,,내원,내원,내원,내원,,
7202,명인내과의원,내원,,,내원,내원,내원,내원,,
7203,박지현산부인과의원,,,,,,,,내원,
7204,셀빙강내과의원,내원,,,내원,내원,내원,내원,,
7205,초록마취통증의학과의원,내원,,,내원,내원,내원,내원,내원,
7206,나비산부인과의원,,,,,,,,내원,
7207,김대영내과의원,내원,,,내원,내원,내원,,,
7208,연세윤내과의원,내원,,,내원,내원,내원,내원,내원,
7209,한국건강관리협회건강증진의원,내원,,,내원,내원,내원,내원,내원,
7210,참좋은내과의원,내원,,,내원,내원,내원,내원,내원,
7211,속편한희망내과의원,내원,,,내원,내원,내원,내원,내원,
7212,박용기내과의원,내원,,,,,,,,
7213,릴리프여성의원,,,,,,,,내원,
7214,엘리트치과병원,,,내원+출장,,,,,,
7215,사상연세비앤이치과병원,,,내원,,,,,,
7216,김대영치과의원,,,내원,,,,,,
7217,박용수치과의원,,,내원,,,,,,
7218,곽치과의원,,,내원,,,,,,
7219,조세규치과의원,,,내원,,,,,,
7220,조은치과의원,,,내원,,,,,,
7221,부산센텀치과의원,,,내원,,,,,,
7222,덕성치과의원,,,내원,,,,,,
7223,안은영치과의원,,,내원,,,,,,
7224,신주례부부치과의원,,,내원,,,,,,
7225,부산유펜치과의원,,,내원,,,,,,
7226,현대부부치과의원,,,내원,,,,,,
7227,김정숙치과의원,,,내원,,,,,,
7228,센트럴치과의원,,,내원,,,,,,
7229,모라에덴치과의원,,,내원,,,,,,
7230,이그린치과의원,,,내원,,,,,,
7231,김창영치과의원,,,내원,,,,,,
7232,열린치과의원,,,내원,,,,,,
7233,해맑은치과의원,,,내원,,,,,,
7234,스마일치과의원,,,내원,,,,,,
7235,에이스부부치과의원,,,내원,,,,,,
7236,미래치과의원,,,내원,,,,,,
7237,행복나눔치과의원,,,내원,,,,,,
7238,굿모닝유치과의원,,,내원,,,,,,
7239,예인부부치과의원,,,내원,,,,,,
7240,패밀리치과의원,,,내원,,,,,,
7241,그린치과의원,,,내원,,,,,,
7242,고운치과의원,,,내원,,,,,,
7243,단디치과의원,,,내원,,,,,,
7244,고운e치과의원,,,내원,,,,,,
7245,이앤이치과의원,,,내원,,,,,,
7246,주례정치과의원,,,내원,,,,,,
7247,우리탑치과의원,,,내원,,,,,,
7248,마린플란트치과의원,,,내원,,,,,,
7249,한국건강관리협회건강증진치과의원,,,내원,,,,,,
7250,바른강치과의원,,,내원,,,,,,
7251,사상아름다운치과의원,,,내원,,,,,,
7252,백년미소치과의원,,,내원,,,,,,
7253,사상맥치과의원,,,내원,,,,,,
7254,디지털에스치과의원,,,내원,,,,,,
7255,부산광역시사상구보건소,,,내원,,,,,,
7256,부산성모병원(재단법인천주교부산교구유지재단),내원,내원,내원,내원,내원,내원,내원,내원,내원
7257,비에이치에스한서병원,내원,내원,내원,내원,내원,내원,내원,내원,내원
7258,의료법인은성의료재단좋은강안병원,내원+출장,내원,내원,내원,내원,내원,내원,내원,내원
7259,의료법인센텀의료재단센텀종합병원,내원,내원,내원,내원,내원,내원,내원,내원,내원
7260,한나병원,내원,내원,,내원,내원,내원,내원,내원,
7261,상쾌한병원,내원,,,내원,내원,내원,내원,내원,
7262,부산성소병원,내원,,,내원,내원,내원,내원,내원,
7263,부산아동병원,,내원,,,,,,,
7264,수영어린이병원,,내원,,,,,,,
7265,광안자모병원,내원,내원,,내원,내원,내원,내원,내원,
7266,의료법인전일의료재단한가족요양병원,내원,,,,,,,,
7267,부산복십자의원,내원+출장,,,내원,내원,내원,내원,내원,
7268,김계영내과.소아청소년과의원,내원,내원,,내원,내원,내원,내원,,
7269,강동섭소아청소년과의원,,내원,,,,,,,
7270,(사)인구보건복지협회부산시지회가족보건의원,내원,내원,,내원,내원,내원,내원,내원,
7271,고운산부인과의원,,,,,,,,내원,
7272,마리여성의원,,,,,,,,내원,
7273,조진수소아청소년과의원,,내원,,,,,,,
7274,김소아청소년과의원,,내원,,,,,,,
7275,김진규내과의원,내원,,,내원,내원,내원,,,
7276,이화산부인과의원,,,,,,,,내원,
7277,나은소아청소년과의원,,내원,,,,,,,
7278,세종의원,내원,,,내원,내원,내원,내원,내원,
7279,조은장내과의원,내원,,,내원,내원,내원,,,
7280,박현용내과의원,내원,,,내원,내원,내원,내원,,
7281,유마비엔디의원,,,,,,,,내원,
7282,정다운의원,,내원,,,,,,,
7283,김향주소아청소년과의원,,내원,,,,,,,
7284,한가족내과의원,내원,,,내원,내원,내원,내원,,
7285,최정화소아청소년과의원,,내원,,,,,,,
7286,W365메디컬의원,,내원,,,,,,,
7287,윤혁진내과의원,내원,,,,,,,,
7288,민현주여성의원,,,,,,,,내원,
7289,구자영내과의원,내원,,,내원,,내원,내원,,
7290,본정형외과의원,내원,,,,내원,,,,
7291,건강드림내과의원,내원,,,내원,내원,내원,내원,내원,
7292,김효준내과의원,내원,,,내원,내원,내원,,,
7293,박소양산부인과의원,,,,,,,,내원,
7294,한길내과의원,내원,,,내원,내원,내원,내원,내원,
7295,알로하산부인과의원,,,,,,,,내원,
7296,굿모닝JS의원,내원,,,내원,,내원,내원,내원,
7297,온누리메디칼의원,내원,,,내원,내원,내원,내원,내원,
7298,광안웰빙의원,,내원,,,,,,,
7299,대연속내과의원,내원,,,내원,내원,내원,내원,내원,
7300,장튼튼아침내과의원,내원,,,내원,내원,내원,,,
7301,위대한의원,내원,,,내원,내원,내원,내원,내원,
7302,진내과의원,내원,,,내원,내원,내원,,,
7303,박찬복내과의원,내원,,,내원,내원,내원,내원,,
7304,늘편한내과의원,내원,,,내원,내원,내원,내원,,
7305,못골이비인후과의원,,내원,,,,,,,
7306,김보석내과의원,내원,,,내원,내원,내원,,,
7307,길민경산부인과의원,,,,,,,,내원,
7308,김성미소아청소년과의원,,내원,,,,,,,
7309,늘편안하내과의원,내원,,,내원,내원,내원,,,
7310,굿모닝내과의원,내원,,,내원,내원,내원,내원,내원,
7311,수영여성의원,,,,,,,,내원,
7312,양성연내과의원,내원,,,내원,내원,내원,,,
7313,대연맑은내과의원,내원,,,,,내원,,,
7314,에스산부인과의원,,,,,,,,내원,
7315,보민내과의원,내원,,,내원,내원,내원,내원,,
7316,일신소아청소년과의원,,내원,,,,,,,
7317,미담유외과의원,,,,,,,내원,,
7318,슬기로운내과의원,내원,,,내원,내원,내원,내원,내원,
7319,삼성스마트내과의원,내원,,,내원,내원,내원,내원,,
7320,수영김내과의원,내원,,,내원,내원,내원,내원,,
7321,김성준내과의원,내원,,,내원,내원,내원,,,
7322,바른장내과의원,내원,,,내원,내원,내원,내원,,
7323,이성욱내과의원,내원,,,,,내원,,,
7324,제일속편한내과의원,내원,,,내원,내원,내원,내원,내원,
7325,대연으뜸내과의원,내원,,,내원,내원,내원,내원,내원,
7326,광안마린소아청소년과의원,,내원,,,,,,,
7327,부산미래아이에프씨의원,내원+출장,,,내원,내원,내원,내원,내원,
7328,심은희내과의원,내원,,,내원,내원,내원,내원,내원,
7329,김현지키움소아청소년과의원,,내원,,,,,,,
7330,뉴플랜여성의원,,,,,,,,내원,
7331,위대한내과의원,내원,,,내원,내원,내원,,,
7332,수영퍼스트소아청소년과의원,,내원,,,,,,,
7333,힐탑바른내과의원,내원,,,내원,내원,내원,,,
7334,속체크내과의원,내원,,,내원,내원,내원,내원,내원,
7335,샬롬유외과의원,,,,,,,내원,,
7336,헬로소아청소년과의원,,내원,,,,,,,
7337,남천바다소아청소년과의원,,내원,,,,,,,
7338,제산부인과의원,,,,,,,,내원,
7339,성분도치과병원,,,내원,,,,,,
7340,우리들40플란트치과병원,,,내원,,,,,,
7341,365드림치과병원,,,내원,,,,,,
7342,손희익치과의원,,,내원,,,,,,
7343,정윤식치과의원,,,내원,,,,,,
7344,한치과의원,,,내원,,,,,,
7345,한겨레치과의원,,,내원,,,,,,
7346,상아치과의원,,,내원,,,,,,
7347,김우진치과의원,,,내원,,,,,,
7348,이향치과의원,,,내원,,,,,,
7349,전치과의원,,,내원,,,,,,
7350,김주형치과의원,,,내원,,,,,,
7351,이성문치과의원,,,내원,,,,,,
7352,나원섭치과의원,,,내원,,,,,,
7353,리치치과의원,,,내원,,,,,,
7354,채정희치과의원,,,내원,,,,,,
7355,도시치과의원,,,내원+출장,,,,,,
7356,남천치과의원,,,내원,,,,,,
7357,미래치과의원,,,내원,,,,,,
7358,광안리더스치과의원,,,내원,,,,,,
7359,밝은미소치과의원,,,내원,,,,,,
7360,성소치과의원,,,내원+출장,,,,,,
7361,신향근치과의원,,,내원,,,,,,
7362,로덴치과의원,,,내원,,,,,,
7363,전재현치과의원,,,내원,,,,,,
7364,로덴치과의원,,,내원,,,,,,
7365,최철민치과교정과치과의원,,,내원,,,,,,
7366,광안미치과의원,,,내원,,,,,,
7367,최동준치과의원,,,내원,,,,,,
7368,허문회치과의원,,,내원,,,,,,
7369,고려치과의원,,,내원,,,,,,
7370,장철호치과의원,,,내원,,,,,,
7371,이주연치과의원,,,내원,,,,,,
7372,닥터뉴욕치과의원,,,내원,,,,,,
7373,정다운치과의원,,,내원,,,,,,
7374,디오스치과의원,,,내원,,,,,,
7375,별빛치과의원,,,내원,,,,,,
7376,오즈어린이치과의원,,,내원,,,,,,
7377,디지털닥터정치과의원,,,내원,,,,,,
7378,우암치과의원,,,내원,,,,,,
7379,위드미치과의원,,,내원,,,,,,
7380,킴스치과의원,,,내원,,,,,,
7381,란치과의원,,,내원,,,,,,
7382,e라인치과의원,,,내원,,,,,,
7383,이마음치과의원,,,내원,,,,,,
7384,모든이치과의원,,,내원,,,,,,
7385,부산샬롬치과의원,,,내원,,,,,,
7386,드림패밀리치과의원,,,내원,,,,,,
7387,참사랑주치과의원,,,내원,,,,,,
7388,장주경치과의원,,,내원,,,,,,
7389,월드치과의원,,,내원,,,,,,
7390,다솜부부치과의원,,,내원,,,,,,
7391,현대치과의원,,,내원,,,,,,
7392,새로운치과의원,,,내원,,,,,,
7393,서울리더스치과의원,,,내원,,,,,,
7394,대연혁신치과의원,,,내원,,,,,,
7395,서울미소치과의원,,,내원,,,,,,
7396,새로운치과의원,,,내원+출장,,,,,,
7397,남천부부치과의원,,,내원,,,,,,
7398,시카고치과의원,,,내원,,,,,,
7399,노바치과의원,,,내원,,,,,,
7400,메디스치과의원,,,내원,,,,,,
7401,웰컴치과의원,,,내원,,,,,,
7402,미소플란트치과의원,,,내원,,,,,,
7403,아이비치과의원,,,내원,,,,,,
7404,한마음치과의원,,,내원,,,,,,
7405,이금랑어린이치과의원,,,내원,,,,,,
7406,디엘치과의원,,,내원,,,,,,
7407,문치과의원,,,내원,,,,,,
7408,화이트치과의원,,,내원,,,,,,
7409,문현치과의원,,,내원,,,,,,
7410,뉴욕치과의원,,,내원,,,,,,
7411,하이치과의원,,,내원,,,,,,
7412,윤치과의원,,,내원,,,,,,
7413,유엘치과의원,,,내원,,,,,,
7414,뷰티스마일치과의원,,,내원,,,,,,
7415,광안제일치과의원,,,내원,,,,,,
7416,유앤아이치과의원,,,내원,,,,,,
7417,이든연합치과의원,,,내원,,,,,,
7418,바른플란트치과의원,,,내원,,,,,,
7419,수영메디컬치과의원,,,내원,,,,,,
7420,심플치과의원,,,내원,,,,,,
7421,장원석치과의원,,,내원,,,,,,
7422,더바른이치과의원,,,내원,,,,,,
7423,크리스탈치과의원,,,내원,,,,,,
7424,새이치과의원,,,내원,,,,,,
7425,로덴치과의원,,,내원,,,,,,
7426,"로덴치과의원(경성대,부경대점)",,,내원,,,,,,
7427,미듬치과의원,,,내원,,,,,,
7428,사랑치과의원,,,내원,,,,,,
7429,수영어린이치과의원,,,내원,,,,,,
7430,시온치과의원,,,내원,,,,,,
7431,바른이김대식치과의원,,,내원,,,,,,
7432,닥터풍치과의원,,,내원,,,,,,
7433,리조이스치과의원,,,내원,,,,,,
7434,조윤정치과의원,,,내원,,,,,,
7435,베토벤치과의원,,,내원,,,,,,
7436,그랜드치과의원,,,내원,,,,,,
7437,나란이치과교정과치과의원,,,내원,,,,,,
7438,이곳치과의원,,,내원,,,,,,
7439,오아시스치과의원,,,내원,,,,,,
7440,뷰티플란트치과의원,,,내원,,,,,,
7441,박정형웰치과의원,,,내원,,,,,,
7442,대연건치과의원,,,내원,,,,,,
7443,메디스치과의원,,,내원,,,,,,
7444,대연어린이치과의원,,,내원,,,,,,
7445,수영센텀치과의원,,,내원,,,,,,
7446,온정성치과의원,,,내원,,,,,,
7447,이편한치과의원,,,내원,,,,,,
7448,편안한민치과의원,,,내원,,,,,,
7449,용호탑치과의원,,,내원,,,,,,
7450,뿌리깊은이정근치과의원,,,내원,,,,,,
7451,남천바른생각치과의원,,,내원,,,,,,
7452,우리가족치과의원,,,내원,,,,,,
7453,대명치과의원,,,내원,,,,,,
7454,광안리동백나무치과의원,,,내원,,,,,,
7455,수목치과의원,,,내원,,,,,,
7456,닥터안치과의원,,,내원,,,,,,
7457,센트럴치과의원,,,내원,,,,,,
7458,광안뉴욕치과의원,,,내원,,,,,,
7459,로운치과의원,,,내원,,,,,,
7460,리엘치과의원,,,내원,,,,,,
7461,수영하임치과의원,,,내원,,,,,,
7462,명인이플란트치과의원,,,내원,,,,,,
7463,뉴욕더원치과의원,,,내원,,,,,,
7464,수영본치과의원,,,내원,,,,,,
7465,대연숲치과의원,,,내원,,,,,,
7466,부산미래치과의원,,,내원,,,,,,
7467,용호큰치과의원,,,내원,,,,,,
7468,동남권원자력의학원원자력병원,내원,내원,,내원,내원,내원,내원,내원,내원
7469,(의)서일의료재단기장병원,내원+출장,,,내원,내원+출장,내원,내원,내원,
7470,정관우리아동병원,,내원,,,,,,,
7471,(재)일신기독교선교회정관일신기독병원,내원,내원,,내원,내원,내원,내원,내원,
7472,일광아동병원,내원,내원,,,,,,,
7473,정관제일의원,내원,,,,,내원,,,
7474,이재관내과의원,내원,,,,,내원,,,
7475,김사영소아청소년과의원,,내원,,,,,,,
7476,이광욱내과의원,내원,내원,,내원,내원,내원,,,
7477,박소아청소년과의원,,내원,,,,,,,
7478,옥내과의원,내원,,,내원,내원,내원,,,
7479,최정숙내과의원,내원,,,내원,,,,,
7480,다솜메디칼내과의원,내원,,,내원,내원,내원,내원,,
7481,정관현대의원,내원,,,내원,내원,내원,내원,,
7482,손가정의학과의원,,내원,,,,,,,
7483,조훈내과의원,내원,,,,,내원,,,
7484,박진우내과의원,내원,,,내원,내원,내원,내원,내원,
7485,국민건강의원,내원,내원,,,,내원,내원,내원,
7486,권태경내과의원,내원,,,내원,내원,내원,내원,내원,
7487,코엔이비인후과의원,,내원,,,,,,,
7488,서울아산내과의원,내원,,,내원,내원,내원,내원,내원,
7489,정원택내과의원,내원,,,내원,내원,내원,내원,내원,
7490,이상봉소아청소년과의원,,내원,,,,,,,
7491,하늘산부인과의원,,,,,,,,내원,
7492,정관은혜의원,,내원,,,,,,,
7493,정관아산내과의원,내원,,,내원,내원,내원,,,
7494,수연합내과의원,내원,,,,,내원,,,
7495,정관늘편한내과의원,내원,,,내원,내원,내원,,,
7496,김보성이비인후과의원,,내원,,,,,,,
7497,장미영산부인과의원,,,,,,,,내원,
7498,현대메디의원,,내원,,,,,,,
7499,장안성모의원,내원,,,,,,,,
7500,참맑은내과의원,내원,,,,,,,,
7501,정산부인과의원,,,,,,,,내원,
7502,정관바른내과의원,내원,,,내원,내원,내원,내원,내원,
7503,일광튼튼소아청소년과의원,,내원,,,,,,,
7504,김우재내과의원,내원,,,내원,내원,내원,내원,내원,
7505,서울삼성내과의원,내원,,,내원,내원,내원,내원,내원,
7506,더건강한내과의원,내원,,,내원,내원,내원,,,
7507,봄소아청소년과의원,,내원,,,,,,,
7508,참바른내과의원,내원,,,내원,내원,내원,내원,내원,
7509,아이앤젤여성의원,내원,내원,,,,,내원,내원,
7510,오즈소아청소년과의원,,내원,,,,,,,
7511,이엔의원,내원,,,,,,내원,,
7512,의료법인창성의료재단일신치과병원,,,내원,,,,,,
7513,고촌치과의원,,,내원,,,,,,
7514,장치과의원,,,내원,,,,,,
7515,미시간부부치과의원,,,내원,,,,,,
7516,우리들치과의원,,,내원,,,,,,
7517,하늘치과의원,,,내원,,,,,,
7518,바른이치과의원,,,내원,,,,,,
7519,더뉴치과의원,,,내원,,,,,,
7520,고려치과의원,,,내원,,,,,,
7521,푸른부부치과의원,,,내원,,,,,,
7522,박치과의원,,,내원,,,,,,
7523,엘리트치과의원,,,내원,,,,,,
7524,이편한치과의원,,,내원,,,,,,
7525,조은치과의원,,,내원,,,,,,
7526,월드치과의원,,,내원,,,,,,
7527,서울프라임치과의원,,,내원,,,,,,
7528,드림키즈치과의원,,,내원,,,,,,
7529,굿모닝치과의원,,,내원,,,,,,
7530,이사랑치과의원,,,내원,,,,,,
7531,기장치과의원,,,내원,,,,,,
7532,보스톤치과의원,,,내원,,,,,,
7533,정관보스톤치과의원,,,내원,,,,,,
7534,하얀수치과의원,,,내원,,,,,,
7535,기장웰치과의원,,,내원,,,,,,
7536,정관이사랑치과의원,,,내원,,,,,,
7537,기장이튼튼치과의원,,,내원,,,,,,
7538,예스치과의원,,,내원,,,,,,
7539,라인즈치과의원,,,내원,,,,,,
7540,미플란트치과의원,,,내원,,,,,,
7541,정관어린이치과의원,,,내원,,,,,,
7542,더편한디지털치과의원,,,내원,,,,,,
7543,굿닥터치과의원,,,내원,,,,,,
7544,정관에이스치과의원,,,내원,,,,,,
7545,동해치과의원,,,내원,,,,,,
7546,그레이스e치과의원,,,내원,,,,,,
7547,남주치과의원,,,내원,,,,,,
7548,탑플랜치과의원,,,내원,,,,,,
7549,정관신치과의원,,,내원,,,,,,
7550,유담치과의원,,,내원,,,,,,
7551,일광바른치과의원,,,내원,,,,,,
7552,기장뉴욕치과의원,,,내원,,,,,,
7553,부산광역시기장군보건소,,,내원+출장,,,,,,
7554,부산광역시의료원,내원,내원,내원,내원,내원,내원,내원,내원,내원
7555,새항운병원,내원,,,내원,내원,내원,내원,내원,
7556,웰니스병원,내원,,,내원,내원,내원,내원,내원,
7557,한빛병원,내원,,,,,,,,
7558,주성산이진용맘병원,내원,,,,내원,,내원,,
7559,한양류마디병원,내원,,,내원,내원,내원,내원,내원,
7560,의료법인명은의료재단명은병원,내원,,,내원,내원,내원,,,
7561,연제일신병원,내원,내원,,내원,내원,내원,내원,내원,
7562,베테랑병원,내원,,,내원,내원,내원,,,
7563,위대한탄생여성병원,내원,내원,,,,,내원,내원,
7564,아이사랑병원,,내원,,,,,,,
7565,세움병원,내원,내원,,,,,,,
7566,황원규소아청소년과의원,,내원,,,,,,,
7567,유경희소아청소년과의원,,내원,,,,,,,
7568,정부권소아청소년과의원,,내원,,,,,,,
7569,김소아청소년과의원,,내원,,,,,,,
7570,연산내과의원,내원,,,내원,내원,내원,내원,내원,
7571,아이비산부인과의원,,,,,,,,내원,
7572,유바외과의원,내원,,,내원,내원,내원,내원,내원,
7573,여계순소아청소년과의원,,내원,,,,,,,
7574,김용태내과의원,내원,,,내원,내원,내원,내원,내원,
7575,한빛강내과의원,내원,,,내원,내원,내원,내원,,
7576,이정유내과의원,내원,,,내원,,내원,,,
7577,현대소아청소년과의원,,내원,,,,,,,
7578,이신영산부인과의원,,,,,,,,내원,
7579,윤영소아청소년과의원,,내원,,,,,,,
7580,이정호소아청소년과의원,,내원,,,,,,,
7581,신은주소아청소년과의원,,내원,,,,,,,
7582,센트럴가정의학과의원,내원,,,내원,내원,내원,,,
7583,시원한내과의원,내원,,,내원,내원,내원,,,
7584,부산메디칼내과의원,내원,,,내원,내원,내원,내원,,
7585,참조은내과의원,내원,,,내원,내원,내원,내원,,
7586,배산소아청소년과의원,,내원,,,,,,,
7587,다솜의원,,내원,,,,,,,
7588,나무내과의원,내원,,,,,내원,,,
7589,원뉴마내과의원,내원,,,,,,,,
7590,조은소아청소년과의원,,내원,,,,,,,
7591,우리이비인후과의원,,내원,,,,,,,
7592,박근준유외과의원,,,,,,,내원,,
7593,송진호내과의원,내원,,,내원,내원,내원,,,
7594,박민기내과의원,내원,,,내원,내원,내원,내원,내원,
7595,칸앤장내과의원,내원,,,내원,내원,내원,내원,,
7596,듬직한현내과의원,내원,,,내원,내원,내원,,,
7597,강문정산부인과의원,,,,,,,,내원,
7598,서울삼성산부인과의원,,,,,,,,내원,
7599,연제로하스의원,내원,,,내원,내원,내원,내원,내원,
7600,아가페소아청소년과의원,,내원,,,,,,,
7601,내사랑내과의원,내원,,,내원,내원,내원,,,
7602,굿메디내과의원,내원,,,내원,내원,내원,내원,내원,
7603,속깊은내과의원,내원,,,내원,내원,내원,,,
7604,마음소아청소년과의원,,내원,,,,,,,
7605,연꽃안에소아청소년과의원,,내원,,,,,,,
7606,휴심앤장내과의원,내원,,,,,,,,
7607,제일속시원내과의원,내원,,,내원,내원,내원,내원,내원,
7608,부산돌봄의료복지사회적협동조합돌봄과나눔의원,내원,,,내원,내원,내원,내원,내원,
7609,사직더플러스내과의원,내원,,,내원,내원,내원,내원,내원,
7610,연산포레내과의원,내원,,,내원,내원,내원,내원,내원,
7611,유앤아이치과병원,,,내원+출장,,,,,,
7612,연산한겨레치과의원,,,내원,,,,,,
7613,지현치과의원,,,내원,,,,,,
7614,장경선치과의원,,,내원,,,,,,
7615,김희정치과의원,,,내원,,,,,,
7616,박기백치과의원,,,내원,,,,,,
7617,미시간치과의원,,,내원,,,,,,
7618,이형철치과의원,,,내원,,,,,,
7619,박영환치과의원,,,내원,,,,,,
7620,안정태치과의원,,,내원,,,,,,
7621,밝은미소치과의원,,,내원,,,,,,
7622,이사랑치과의원,,,내원,,,,,,
7623,우효경치과의원,,,내원,,,,,,
7624,한길치과의원,,,내원,,,,,,
7625,애지치과의원,,,내원,,,,,,
7626,김정희치과의원,,,내원,,,,,,
7627,복음치과의원,,,내원,,,,,,
7628,중앙부부치과의원,,,내원,,,,,,
7629,고운e치과의원,,,내원,,,,,,
7630,정혜정치과의원,,,내원,,,,,,
7631,e웰니스치과의원,,,내원,,,,,,
7632,현대치과의원,,,내원,,,,,,
7633,필부부치과의원,,,내원,,,,,,
7634,하얀-e치과의원,,,내원,,,,,,
7635,민지학치과의원,,,내원,,,,,,
7636,애플치과의원,,,내원,,,,,,
7637,프라하치과의원,,,내원,,,,,,
7638,워싱턴치과의원,,,내원,,,,,,
7639,강동치과의원,,,내원,,,,,,
7640,하나어린이치과의원,,,내원,,,,,,
7641,고운이치과의원,,,내원,,,,,,
7642,삼성치과의원,,,내원,,,,,,
7643,패밀리치과의원,,,내원,,,,,,
7644,이든연합치과의원,,,내원,,,,,,
7645,당신e빛나는치과의원,,,내원,,,,,,
7646,미소치과의원,,,내원,,,,,,
7647,소담치과의원,,,내원,,,,,,
7648,미치과의원,,,내원,,,,,,
7649,서울탑플란트치과의원,,,내원,,,,,,
7650,이편한치과의원,,,내원,,,,,,
7651,뷰티플란트치과의원,,,내원,,,,,,
7652,뉴욕서울치과의원,,,내원,,,,,,
7653,아트치과의원,,,내원,,,,,,
7654,더굿치과의원,,,내원,,,,,,
7655,연제굿하루치과의원,,,내원,,,,,,
7656,옥치과의원,,,내원,,,,,,
7657,이담치과의원,,,내원,,,,,,
7658,덴큐치과의원,,,내원,,,,,,
7659,더가까운치과의원,,,내원,,,,,,
7660,키다리아저씨치과교정과치과의원,,,내원,,,,,,
7661,더조은치과의원,,,내원,,,,,,
7662,밝은이치과의원,,,내원,,,,,,
7663,휘치과의원,,,내원,,,,,,
7664,서울뿌리튼튼치과의원,,,내원,,,,,,
7665,아이러브치과의원,,,내원,,,,,,
7666,센트럴치과의원,,,내원,,,,,,
7667,우리홈치과의원,,,내원,,,,,,
7668,연산진치과의원,,,내원,,,,,,
7669,닥터배치과의원,,,내원,,,,,,
7670,대성치과의원,,,내원,,,,,,
7671,큰바위치과의원,,,내원,,,,,,
7672,365편안한치과의원,,,내원,,,,,,
7673,연세세브란스치과의원,,,내원,,,,,,
7674,행복한하루치과의원,,,내원,,,,,,
7675,정한방병원,내원,,,,,,,,
7676,연산당당한방병원,내원,,,내원,내원,내원,내원,내원,
7677,부산대학교병원,내원,내원,내원,내원,내원,내원,내원,내원,내원
7678,고신대학교복음병원,내원+출장,내원,내원+출장,내원,내원,내원,내원,내원,내원
7679,삼육부산병원,내원,내원,내원,내원,내원,내원,내원,내원,내원
7680,동아대학교병원,내원,내원,내원,내원,내원,내원,내원,내원,내원
7681,바른병원,내원,,,내원,내원,내원,내원,,
7682,이의용밝은길요양병원,내원,,,내원,,내원,내원,내원,
7683,세광의원,내원,,,내원,내원,내원,내원,내원,
7684,주남혁소아청소년과의원,,내원,,,,,,,
7685,정내과영상의학과의원,내원,,,,,내원,,,
7686,지종현소아과의원,,내원,,,,,,,
7687,전윤숙소아청소년과의원,,내원,,,,,,,
7688,새부산산부인과의원,,,,,,,,내원,
7689,속튼튼원내과의원,내원,,,내원,내원,내원,,,
7690,속바른내과의원,내원,,,내원,내원,내원,내원,내원,
7691,알로이시오의원,,,,,,,,내원,
7692,박재홍의원,내원,내원,,내원,내원,내원,,,
7693,구세산부인과의원,내원,내원,,,,,내원,내원,
7694,강치과의원,,,내원,,,,,,
7695,정치과의원,,,내원,,,,,,
7696,대신치과의원,,,내원,,,,,,
7697,임완재치과의원,,,내원,,,,,,
7698,정혜진치과의원,,,내원,,,,,,
7699,손영경치과의원,,,내원,,,,,,
7700,금강치과의원,,,내원,,,,,,
7701,제일부부치과의원,,,내원,,,,,,
7702,뷰티플란트치과의원,,,내원,,,,,,
7703,보스톤치과의원,,,내원,,,,,,
7704,리더스치과의원,,,내원,,,,,,
7705,송성국치과의원,,,내원,,,,,,
7706,대신스마일치과의원,,,내원,,,,,,
7707,디지털진치과의원,,,내원,,,,,,
7708,플러스치과의원,,,내원,,,,,,
7709,에이스치과의원,,,내원,,,,,,
7710,스타치과의원,,,내원,,,,,,
7711,서울리안치과의원,,,내원,,,,,,
7712,메드윌병원,내원,내원,,내원,내원,,,,
7713,새우리남산병원,내원,,,내원,내원,내원,내원,내원,
7714,세웅병원,내원,내원,,내원,내원,내원,내원,내원,
7715,순병원,내원,내원,,내원,내원,내원,내원,내원,
7716,금정어린이병원,,내원,,,,,,,
7717,의료법인아너의료재단아름다운강산병원,내원,,,내원,내원,내원,내원,내원,
7718,더희망찬병원,내원,,,내원,내원,내원,,,
7719,단골병원,내원,,,내원,내원,내원,내원,내원,
7720,화창한병원,내원,,,내원,,,,,
7721,지온병원,내원,,,내원,내원,내원,,,
7722,보람요양병원,내원,,,내원,내원,,내원,,
7723,다움병원,내원,,,내원,내원,내원,,,
7724,김종주의행복의원,,내원,,,,,,,
7725,금정성모내과의원,내원,,,,내원,내원,,,
7726,김경수내과의원,내원,,,내원,,내원,,,
7727,한사랑의원,,내원,,,,,,,
7728,남산제일내과의원,내원,,,내원,내원,내원,내원,내원,
7729,정영기내과의원,내원,,,내원,,내원,,,
7730,최양숙소아청소년과의원,,내원,,,,,,,
7731,사)대한산업보건협회부산의원,내원+출장,,출장,,,,,,
7732,조내과김경미산부인과의원,내원,,,내원,내원,내원,내원,내원,
7733,전명호내과의원,내원,,,내원,,내원,,,
7734,김옥영소아청소년과의원,,내원,,,,,,,
7735,이기범내과의원,내원,,,내원,,내원,,,
7736,큰으뜸내과의원,내원,,,내원,내원,내원,내원,내원,
7737,푸른내과의원,내원,,,내원,내원,내원,내원,내원,
7738,한솔내과의원,내원,,,내원,내원,내원,내원,내원,
7739,백용운소아청소년과의원,,내원,,,,,,,
7740,미소웰산부인과의원,,,,,,,,내원,
7741,새샘내과의원,내원,내원,,,,내원,,내원,
7742,늘편한내과의원,내원,,,내원,내원,내원,,,
7743,김진구내과의원,내원,,,내원,내원,내원,내원,내원,
7744,하나가정의학과의원,내원,내원,,내원,,내원,,,
7745,맑은샘가정의학과의원,내원,,,,,,,,
7746,이진우이비인후과의원,,내원,,,,,,,
7747,강샘온가족의원,,내원,,,,,,,
7748,김태균내과의원,내원,,,내원,내원,내원,,,
7749,민들레내과의원,내원,,,내원,내원,내원,내원,,
7750,이경일내과의원,내원,,,,,내원,,,
7751,부산휴내과의원,내원,,,내원,내원,내원,,,
7752,우리연합의원,,내원,,,,,,,
7753,속속드리내과의원,내원,,,내원,내원,내원,,,
7754,우리산부인과의원,,,,,,,,내원,
7755,가까운내과의원,내원,,,내원,내원,내원,내원,내원,
7756,김형석소아청소년과의원,,내원,,,,,,,
7757,금정소아청소년과의원,,내원,,,,,,,
7758,이주원내과의원,내원,,,내원,내원,내원,내원,내원,
7759,속시원내과의원,내원,,,내원,내원,내원,내원,내원,
7760,송수진산부인과의원,,,,,,,,내원,
7761,남산내과의원,내원,,,내원,내원,내원,내원,,
7762,백미경산부인과의원,,,,,,,,내원,
7763,서동미로내과의원,내원,,,내원,내원,내원,내원,내원,
7764,두실내과의원,내원,,,,,내원,,,
7765,365맑은속내과의원,내원,,,내원,내원,내원,내원,내원,
7766,조기종치과의원,,,내원+출장,,,,,,
7767,패밀리치과의원,,,내원,,,,,,
7768,김건치과의원,,,내원,,,,,,
7769,장전치과의원,,,내원,,,,,,
7770,조성재치과의원,,,내원,,,,,,
7771,리더스차치과의원,,,내원,,,,,,
7772,두실부부치과의원,,,내원+출장,,,,,,
7773,박기봉치과의원,,,내원,,,,,,
7774,안치과의원,,,내원,,,,,,
7775,뉴플란트치과의원,,,내원,,,,,,
7776,성심치과의원,,,내원,,,,,,
7777,프랜드금치과의원,,,내원,,,,,,
7778,미소인치과의원,,,내원,,,,,,
7779,한빛치과의원,,,내원,,,,,,
7780,아름다운치과의원,,,내원,,,,,,
7781,맨하탄치과의원,,,내원,,,,,,
7782,캐슬치과의원,,,내원,,,,,,
7783,키즈현치과의원,,,내원,,,,,,
7784,행복한치과의원,,,내원,,,,,,
7785,올리브치과의원,,,내원,,,,,,
7786,한결치과의원,,,내원,,,,,,
7787,본치과의원,,,내원,,,,,,
7788,미소드림치과의원,,,내원,,,,,,
7789,삼성치과의원,,,내원,,,,,,
7790,이편한치과의원,,,내원,,,,,,
7791,굿모닝치과의원,,,내원,,,,,,
7792,래미안치과의원,,,내원,,,,,,
7793,예인치과의원,,,내원,,,,,,
7794,하늘치과의원,,,내원,,,,,,
7795,김앤박치과의원,,,내원,,,,,,
7796,주안치과의원,,,내원,,,,,,
7797,미래어린이치과의원,,,내원,,,,,,
7798,바른정치과의원,,,내원,,,,,,
7799,조은치과의원,,,내원,,,,,,
7800,바로나치과의원,,,내원,,,,,,
7801,보스톤플란트치과의원,,,내원,,,,,,
7802,명아치과의원,,,내원,,,,,,
7803,웰컴치과의원,,,내원,,,,,,
7804,서울건치과의원,,,내원,,,,,,
7805,금샘치과의원,,,내원,,,,,,
7806,이로운치과의원,,,내원,,,,,,
7807,범어연합치과의원,,,내원,,,,,,
7808,온마음치과의원,,,내원,,,,,,
7809,서울신세계치과의원,,,내원,,,,,,
7810,뉴티스치과교정과치과의원,,,내원,,,,,,
7811,튼튼치과의원,,,내원,,,,,,
7812,드베스트치과의원,,,내원,,,,,,
7813,미로플란트치과의원,,,내원,,,,,,
7814,의료법인삼세의료재단삼세한방병원,내원,,,,,,,,
7815,의료법인인당의료재단부민병원,내원,내원,내원,내원,내원,내원,내원,내원,내원
7816,구포성심병원,내원,,내원,내원,내원,내원,내원,내원,내원
7817,한사랑내과병원,내원,,,내원,내원,내원,내원,내원,
7818,재단법인일신기독교선교회화명일신기독병원,내원,내원,,내원,내원,내원,내원,내원,
7819,웰하이여성아동병원,내원,내원,,내원,내원,내원,내원,내원,
7820,미래로병원,내원,내원,,내원,내원,내원,내원,내원,
7821,의료법인인당의료재단구포부민병원,내원,,,,내원,내원,,,
7822,개나리소아청소년과병원,,내원,,,,,,,
7823,의료법인갑을의료재단갑을녹산병원,내원+출장,,내원+출장,내원,내원,내원,내원,,
7824,행복한어린이병원,내원,내원,,,,,,,
7825,재단법인일신기독교선교회맥켄지일신재활병원,내원,,,내원,내원,내원,내원,내원,
7826,재단법인베스티안재단베스티안부산병원,내원,,,내원,내원,내원,내원,,
7827,시원항병원,내원,,,내원,내원,내원,내원,,
7828,의료법인신생의료재단센트럴병원,내원,,,내원,내원,내원,내원,,
7829,명지아동병원,내원,내원,,,,,,,
7830,이상철소아청소년과의원,,내원,,,,,,,
7831,한순자소아청소년과의원,,내원,,,,,,,
7832,권경자산부인과의원,,,,,,,,내원,
7833,금곡윤소아청소년과의원,,내원,,,,,,,
7834,이헌경소아청소년과의원,,내원,,,,,,,
7835,장윤희산부인과의원,,,,,,,,내원,
7836,김경환소아청소년과의원,,내원,,,,,,,
7837,대한항공김해부속의원,내원,,,,,,,,
7838,연세소아청소년과의원,,내원,,,,,,,
7839,동문소아청소년과의원,,내원,,,,,,,
7840,최소아청소년과의원,,내원,,,,,,,
7841,성낙현내과의원,내원,,,내원,내원,내원,,,
7842,설소영소아청소년과의원,,내원,,,,,,,
7843,굿모닝내과의원,내원,,,내원,내원,내원,,,
7844,남은소아청소년과의원,,내원,,,,,,,
7845,서울아산내과의원,내원,,,내원,내원,내원,,,
7846,한국미인부산배내과의원,내원,,,내원,내원,내원,,,
7847,우리들내과의원,내원,,,내원,내원,내원,,,
7848,본소아청소년과의원,,내원,,,,,,,
7849,나을소아청소년과의원,,내원,,,,,,,
7850,신호내과의원,내원,,,내원,내원,내원,,,
7851,정민정형외과의원,내원,,,,,,,,
7852,화명아이i소아청소년과의원,,내원,,,,,,,
7853,맘편한내과의원,내원,,,내원,내원,내원,,,
7854,하나내과의원,내원,,,내원,내원,,,,
7855,더미즈웰산부인과의원,내원,내원,,내원,내원,내원,내원,내원,
7856,참좋은내과의원,내원,,,내원,내원,내원,내원,,
7857,마리안여성의원,,,,,,,,내원,
7858,패밀리소아청소년과의원,,내원,,,,,,,
7859,세은소아청소년과의원,,내원,,,,,,,
7860,(사)대한산업보건협회남부산의원,내원+출장,,,,,,,,
7861,조현대내과의원,내원,,,내원,내원,내원,,,
7862,박재석내과의원,내원,,,내원,,내원,,,
7863,우리가족연합의원,내원,,,내원,내원,내원,내원,내원,
7864,금곡연합의원,내원,,,내원,내원,내원,,,
7865,이레내과의원,내원,,,내원,내원,내원,내원,내원,
7866,위앤대우리큰내과의원,내원,,,내원,내원,내원,,,
7867,명지일신산부인과의원,,,,,,,,내원,
7868,참조은내과의원,내원,,,내원,내원,내원,,,
7869,웰소아청소년과이비인후과의원,,내원,,,,,,,
7870,아주푸른소아청소년과의원,,내원,,,,,,,
7871,아이웰가정의학과의원,내원,내원,,,,,,,
7872,튼튼채내과의원,내원,,,내원,내원,내원,내원,,
7873,명지이비인후과의원,,내원,,,,,,,
7874,푸르미소아청소년과의원,,내원,,,,,,,
7875,박관식내과의원,내원,,,내원,내원,내원,,,
7876,염정인여성의원,,,,,,,,내원,
7877,김앤박내과의원,내원,,,내원,내원,내원,내원,내원,
7878,최미영여성의원,,,,,,,,내원,
7879,명지정내과의원,내원,,,내원,내원,내원,,,
7880,만덕속시원내과의원,내원,,,내원,내원,내원,내원,내원,
7881,양내과의원,내원,,,내원,내원,내원,,,
7882,빛하늘의원,내원,,,내원,내원,내원,,,
7883,삼성속튼튼한내과의원,내원,,,내원,내원,내원,,,
7884,최성원내과의원,내원,,,내원,내원,내원,,,
7885,스타소아청소년과의원,,내원,,,,,,,
7886,신신소아청소년과의원,,내원,,,,,,,
7887,명지내과의원,내원,,,내원,내원,내원,내원,내원,
7888,서울편한내과의원,내원,,,내원,내원,내원,,,
7889,전소은소아청소년과의원,,내원,,,,,,,
7890,건강한길내과의원,내원,,,내원,내원,내원,내원,내원,
7891,명지항외과의원,내원,,,내원,내원,내원,,,
7892,웰키즈소아청소년과의원,,내원,,,,,,,
7893,화명맑은내과의원,내원,,,,,,,,
7894,만덕통통내과의원,내원,,,,,내원,,,
7895,사과나무치과병원,,,내원,,,,,,
7896,굿윌치과병원,,,내원+출장,,,,,,
7897,오션시티치과병원,,,내원,,,,,,
7898,이앤미치과병원,내원,,내원+출장,,,내원,,,
7899,이문한치과의원,,,내원,,,,,,
7900,김준배치과의원,,,내원,,,,,,
7901,덕천치과의원,,,내원,,,,,,
7902,박상훈치과의원,,,내원,,,,,,
7903,최치과의원,,,내원,,,,,,
7904,바른이치과의원,,,내원,,,,,,
7905,금곡치과의원,,,내원,,,,,,
7906,램브란트치과의원,,,내원,,,,,,
7907,지오치과의원,,,내원,,,,,,
7908,명치과의원,,,내원,,,,,,
7909,카이저치과의원,,,내원,,,,,,
7910,하늘치과의원,,,내원,,,,,,
7911,페리오치과의원,,,내원,,,,,,
7912,프라임치과의원,,,내원,,,,,,
7913,이하얀치과의원,,,내원,,,,,,
7914,즐거운치과의원,,,내원,,,,,,
7915,화명서울치과의원,,,내원,,,,,,
7916,로덴치과의원,,,내원,,,,,,
7917,이기연치과의원,,,내원,,,,,,
7918,홍지호치과의원,,,내원,,,,,,
7919,정준우사과나무치과의원,,,내원,,,,,,
7920,이원우치과의원,,,내원,,,,,,
7921,플러스치과의원,,,내원,,,,,,
7922,목인이사랑치과의원,,,내원,,,,,,
7923,수정치과의원,,,내원,,,,,,
7924,서울윌치과의원,,,내원,,,,,,
7925,덕천어린이치과의원,,,내원,,,,,,
7926,참좋은치과의원,,,내원,,,,,,
7927,조은굿모닝치과의원,,,내원,,,,,,
7928,수치과의원,,,내원,,,,,,
7929,덕천가람치과의원,,,내원,,,,,,
7930,국제치과의원,,,내원,,,,,,
7931,더착한치과의원,,,내원,,,,,,
7932,해강치과의원,,,내원,,,,,,
7933,화명어린이치과의원,,,내원,,,,,,
7934,이스턴치과의원,,,내원,,,,,,
7935,명지엘치과의원,,,내원,,,,,,
7936,엘에이플란트치과의원,,,내원,,,,,,
7937,서울플란트치과의원,,,내원,,,,,,
7938,해바라기치과의원,,,내원,,,,,,
7939,연세비앤이치과의원,,,내원,,,,,,
7940,보스톤한치과의원,,,내원,,,,,,
7941,홍치과의원,,,내원,,,,,,
7942,신세계치과의원,,,내원,,,,,,
7943,애플민트치과의원,,,내원,,,,,,
7944,열린치과의원,,,내원,,,,,,
7945,예쁜미소바른이치과의원,,,내원+출장,,,,,,
7946,강산치과의원,,,내원,,,,,,
7947,덕천38플란트치과의원,,,내원,,,,,,
7948,굿윌주니어치과의원,,,내원,,,,,,
7949,아르미치과의원,,,내원,,,,,,
7950,타임치과의원,,,내원,,,,,,
7951,포미치과의원,,,내원,,,,,,
7952,연세그린치과의원,,,내원,,,,,,
7953,서울시온치과의원,,,내원,,,,,,
7954,명지치과의원,,,내원,,,,,,
7955,율리프라임치과의원,,,내원,,,,,,
7956,신호원치과의원,,,내원,,,,,,
7957,정지훈치과의원,,,내원,,,,,,
7958,바른정플란트치과의원,,,내원,,,,,,
7959,아름다운이치과의원,,,내원,,,,,,
7960,명지어린이치과의원,,,내원,,,,,,
7961,우리치과의원,,,내원,,,,,,
7962,로뎀치과의원,,,내원,,,,,,
7963,서울삼성치과의원,,,내원,,,,,,
7964,뉴욕치과의원,,,내원,,,,,,
7965,봄봄어린이치과의원,,,내원,,,,,,
7966,리더스치과의원,,,내원,,,,,,
7967,연세고마운치과의원,,,내원,,,,,,
7968,함께웃는치과의원,,,내원,,,,,,
7969,늘편한치과의원,,,내원,,,,,,
7970,이치과의원,,,내원,,,,,,
7971,만덕치과의원,,,내원,,,,,,
7972,맥치과의원명지점,,,내원,,,,,,
7973,연세봄치과의원,,,내원,,,,,,
7974,2080치과의원,,,내원,,,,,,
7975,만덕연세비앤이치과의원,,,내원,,,,,,
7976,새봄치과의원,,,내원,,,,,,
7977,서울에이스치과의원,,,내원,,,,,,
7978,미소온치과의원,,,내원,,,,,,
7979,명지퍼스트치과의원,,,내원,,,,,,
7980,만덕탑치과의원,,,내원,,,,,,
7981,덕천퍼스트치과의원,,,내원,,,,,,
7982,명지화이트치과의원,,,내원,,,,,,
7983,마주봄치과의원,,,내원,,,,,,
7984,명지이편한치과의원,,,내원,,,,,,
7985,범플란트치과의원,,,내원,,,,,,
7986,강서하늘치과의원,,,내원,,,,,,
7987,부산광역시강서구보건소,,,내원,,,,,,
7988,인제대학교해운대백병원,내원,,내원,내원,내원,내원,내원,내원,내원
7989,의료법인인당의료재단해운대부민병원,내원,내원,내원,내원,내원,내원,내원,내원,내원
7990,부산성모안과병원,내원,,,내원,내원,내원,내원,내원,
7991,효성시티병원,내원,,,내원,내원,내원,내원,내원,
7992,제일여성병원,내원,내원,,,,,내원,내원,
7993,해운대나눔과행복병원,내원,,,내원,내원,내원,내원,내원,
7994,센텀아동병원,,내원,,,,,,,
7995,엘리움병원,,내원,,,,,,,
7996,해운대푸른바다병원,내원,내원,,,,,,,
7997,퀸즈파크여성병원,,내원,,,,,,내원,
7998,의료법인한세의료재단한세병원,내원,,,,,,,,
7999,한마음병원,내원,내원,내원,내원,내원,내원,내원,내원,
8000,센텀상쾌한병원,내원,,,내원,내원,내원,내원,내원,
8001,바른길병원,내원,,,내원,내원,내원,,,
8002,해운대산부인과의원,,,,,,,,내원,
8003,이지소아청소년과의원,,내원,,,,,,,
8004,함내과외과의원,내원,,,내원,내원,내원,내원,,
8005,로얄키즈소아청소년과의원,,내원,,,,,,,
8006,김미란산부인과의원,,,,,,,,내원,
8007,이내과의원,내원,,,내원,,내원,,,
8008,권순완소아청소년과의원,,내원,,,,,,,
8009,정앤김이비인후과의원,,내원,,,,,,,
8010,위앤장내과의원,내원,,,내원,내원,내원,내원,내원,
8011,최영주산부인과의원,,,,,,,,내원,
8012,이인훈소아청소년과의원,,내원,,,,,,,
8013,조만종내과·김정호외과의원,내원,내원,,내원,내원,내원,,내원,
8014,누리사랑외과소아청소년과의원,내원,내원,,,,내원,,,
8015,박정숙소아청소년과의원,,내원,,,,,,,
8016,새아여성의원,,,,,,,,내원,
8017,반여센텀소아청소년과의원,,내원,,,,,,,
8018,노선화산부인과의원,,,,,,,,내원,
8019,배광열소아청소년과의원,,내원,,,,,,,
8020,정내과의원,내원,,,내원,,내원,,,
8021,다나산부인과의원,,,,,,,,내원,
8022,해운대남산내과의원,내원,,,내원,내원,내원,,,
8023,의료법인열린의료재단해운대열린의원,내원,,,,내원,,,,
8024,장팔팔내과의원,내원,,,내원,내원,내원,내원,내원,
8025,예담소아청소년과의원,,내원,,,,,,,
8026,미소메디칼내과의원,내원,내원,,내원,내원,내원,,내원,
8027,정혜경소아청소년과의원,,내원,,,,,,,
8028,뷰센스의원,,,,,,,,내원,
8029,해인의원,,내원,,,,,,,
8030,최가정의학과의원,,내원,,,,,,,
8031,행복한내과의원,내원,,,내원,내원,내원,,,
8032,늘편한내과의원,내원,,,내원,,내원,,,
8033,신우원내과의원,내원,,,,,내원,,,
8034,좌동소아청소년과의원,,내원,,,,,,,
8035,이화내과의원,내원,,,내원,,내원,,,
8036,미즈포유여성의원,,,,,,,,내원,
8037,건강드림가정의학과의원,내원,,,내원,내원,,,,
8038,브니엘산부인과의원,,,,,,,,내원,
8039,센텀일신소아청소년과의원,내원,내원,,,,,,,
8040,삼성제일산부인과의원,,,,,,,,내원,
8041,이브앤아담여성의원,,,,,,,,내원,
8042,바른정내과의원,내원,,,내원,내원,내원,,,
8043,장튼튼내과의원,내원,,,내원,,내원,,,
8044,아름다운내과의원,내원,,,내원,내원,내원,내원,,
8045,성모내과의원,내원,,,내원,내원,내원,내원,,
8046,해운대연세의원,내원,,,내원,내원,내원,내원,내원,
8047,건강한장내과의원,내원,,,내원,내원,내원,,,
8048,맑은샘내과의원,내원,,,내원,내원,내원,내원,내원,
8049,해원산부인과의원,,,,,,,,내원,
8050,삼성뉴방외과의원,,,,,,,내원,,
8051,여순소아청소년과의원,,내원,,,,,,,
8052,아이엘소아청소년과의원,,내원,,,,,,,
8053,참조은내과의원,내원,,,내원,내원,내원,,,
8054,마린시티내과의원,내원,,,내원,내원,내원,,,
8055,메디우먼여성의원,내원,,,내원,내원,내원,내원,내원,
8056,센텀속사랑내과의원,내원,,,내원,내원,내원,,,
8057,장산최내과의원,내원,,,내원,내원,내원,,,
8058,라임소아청소년과의원,,내원,,,,,,,
8059,강영미산부인과의원,,,,,,,,내원,
8060,센텀서울정형외과의원,내원,,,내원,내원,내원,,,
8061,아이맘소아청소년과의원,,내원,,,,,,,
8062,호두내과의원,내원,,,내원,내원,내원,내원,내원,
8063,서자영산부인과의원,,,,,,,,내원,
8064,원내과의원,내원,,,내원,내원,내원,내원,내원,
8065,센텀내과의원,내원,,,내원,내원,내원,내원,내원,
8066,센텀이룸여성의원,,,,,,,,내원,
8067,올바른내과의원,내원,,,내원,내원,내원,내원,내원,
8068,반여가정의학과의원,,내원,,,,,,,
8069,서앤장센텀내과의원,내원,,,내원,내원,내원,내원,내원,
8070,해운대내과의원,내원,,,내원,내원,내원,내원,내원,
8071,바다여성산부인과의원,,,,,,,,내원,
8072,로뎀소아청소년과의원,,내원,,,,,,,
8073,제이엠가정의학과의원,,내원,,,,,,,
8074,더큰아이소아청소년과의원,,내원,,,,,,,
8075,센텀희여성의원,,,,,,,,내원,
8076,사랑가득한내과의원,내원,,,내원,내원,내원,,,
8077,아이랑소아청소년과의원,,내원,,,,,,,
8078,청춘내과마취통증의학과의원,내원,,,내원,내원,내원,내원,내원,
8079,유앤밸런스소아청소년과의원,,내원,,,,,,,
8080,조은항외과의원,내원,,,내원,내원,내원,,내원,
8081,오케이하트내과의원,내원,,,,,,,,
8082,삼성리한여성의원,,,,,,,,내원,
8083,센텀속시원내과의원,내원,,,내원,내원,내원,내원,내원,
8084,해운대센트럴내과의원,내원,,,내원,내원,내원,내원,내원,
8085,김내과의원,내원,,,내원,내원,내원,내원,,
8086,부산썬의원,내원,내원,,,,,,,
8087,센텀시티의원,내원,,,,,,,,
8088,장산으뜸내과의원,내원,,,내원,내원,내원,,,
8089,설상훈심사랑내과의원,내원,,,,,,,,
8090,보송소아청소년과의원,,내원,,,,,,,
8091,백세내과의원,내원,,,내원,내원,내원,,,
8092,해운대아산내과의원,내원,,,내원,내원,내원,,내원,
8093,속건강내과의원,내원,,,내원,내원,내원,,,
8094,세계로치과병원,,,내원,,,,,,
8095,더블유에스치과병원,,,내원,,,,,,
8096,서울치과의원,,,내원,,,,,,
8097,한미치과의원,,,내원,,,,,,
8098,탑서울치과의원,,,내원,,,,,,
8099,바다치과의원,,,내원,,,,,,
8100,김수권치과의원,,,내원,,,,,,
8101,반송치과의원,,,내원,,,,,,
8102,한솔치과의원,,,내원,,,,,,
8103,정두윤치과의원,,,내원,,,,,,
8104,아름다운휴치과의원,,,내원,,,,,,
8105,이치과의원,,,내원,,,,,,
8106,월드치과의원,,,내원,,,,,,
8107,이롬치과의원,,,내원,,,,,,
8108,세광치과의원,,,내원,,,,,,
8109,해인치과의원,,,내원,,,,,,
8110,센텀타워치과의원,,,내원,,,,,,
8111,늘푸른치과의원,,,내원,,,,,,
8112,이재호치과의원,,,내원,,,,,,
8113,하이엘치과의원,,,내원,,,,,,
8114,센텀에이스치과의원,,,내원,,,,,,
8115,리치치과의원,,,내원,,,,,,
8116,프랜드치과의원,,,내원,,,,,,
8117,21세기치과의원,,,내원,,,,,,
8118,해운대뉴욕치과의원,,,내원+출장,,,,,,
8119,김영삼치과의원,,,내원,,,,,,
8120,바로치과의원,,,내원,,,,,,
8121,라이프치과의원,,,내원,,,,,,
8122,오정세치과의원,,,내원,,,,,,
8123,아이들치과의원,,,내원,,,,,,
8124,재송부부치과의원,,,내원,,,,,,
8125,보스턴치과의원,,,내원,,,,,,
8126,리베라치과의원,,,내원,,,,,,
8127,선재부부치과의원,,,내원,,,,,,
8128,나라치과의원,,,내원,,,,,,
8129,미소담치과의원,,,내원,,,,,,
8130,바른이치과의원,,,내원,,,,,,
8131,열린치과의원,,,내원,,,,,,
8132,강치과의원,,,내원,,,,,,
8133,프랜드정치과의원,,,내원,,,,,,
8134,해피덴치과의원,,,내원,,,,,,
8135,정혜인치과의원,,,내원,,,,,,
8136,우리치과의원,,,내원,,,,,,
8137,굿모닝치과의원,,,내원,,,,,,
8138,이&이치과의원,,,내원,,,,,,
8139,뉴욕스마일치과의원,,,내원,,,,,,
8140,엘치과의원,,,내원,,,,,,
8141,e화이트치과의원,,,내원,,,,,,
8142,뉴센치과의원,,,내원,,,,,,
8143,효성시티치과의원,,,내원,,,,,,
8144,센텀루이스치과의원,,,내원,,,,,,
8145,CDC해운대어린이치과의원,,,내원,,,,,,
8146,스타화이트치과의원,,,내원+출장,,,,,,
8147,어울림치과의원,,,내원,,,,,,
8148,모짜르트치과의원,,,내원,,,,,,
8149,덕바로치과의원,,,내원,,,,,,
8150,민들레치과의원,,,내원,,,,,,
8151,금강치과의원,,,내원,,,,,,
8152,플라워치과의원,,,내원,,,,,,
8153,연세뉴욕치과의원,,,내원,,,,,,
8154,부강강치과의원,,,내원,,,,,,
8155,이웃집치과의원,,,내원,,,,,,
8156,더화이트치과의원,,,내원,,,,,,
8157,2080치과의원,,,내원,,,,,,
8158,이미지플러스치과의원,,,내원,,,,,,
8159,조은치과의원,,,내원,,,,,,
8160,당신이소중한치과의원,,,내원,,,,,,
8161,사과나무치과의원,,,내원,,,,,,
8162,반여센텀치과의원,,,내원,,,,,,
8163,수플러스치과의원,,,내원,,,,,,
8164,마리나웰치과의원,,,내원,,,,,,
8165,에코연합치과의원,,,내원,,,,,,
8166,참고운치과의원,,,내원,,,,,,
8167,올라잇치과의원,,,내원,,,,,,
8168,김명진치과의원,,,내원,,,,,,
8169,예미안치과의원,,,내원,,,,,,
8170,반석치과의원,,,내원,,,,,,
8171,뷰티플란트치과의원,,,내원,,,,,,
8172,센텀아시아치과의원,,,내원,,,,,,
8173,튼튼어린이치과의원,,,내원,,,,,,
8174,서울하이안치과의원,,,내원,,,,,,
8175,베리웰치과의원,,,내원,,,,,,
8176,힐스치과의원,,,내원,,,,,,
8177,이룸연합치과의원,,,내원,,,,,,
8178,서울참어린이치과의원,,,내원,,,,,,
8179,한마음치과의원,,,내원,,,,,,
8180,센텀뉴욕치과의원,,,내원,,,,,,
8181,우리바른치과의원,,,내원,,,,,,
8182,제니스라인치과교정과치과의원,,,내원,,,,,,
8183,센텀어린이치과의원,,,내원,,,,,,
8184,좋은이웃치과의원,,,내원,,,,,,
8185,자기치아살리기드림플란트치과의원,,,내원,,,,,,
8186,센텀오딧세이치과의원,,,내원,,,,,,
8187,연세센텀치과교정과치과의원,,,내원,,,,,,
8188,사랑모아치과의원,,,내원,,,,,,
8189,고운치과의원,,,내원,,,,,,
8190,봄치과의원,,,내원,,,,,,
8191,웨이브치과의원,,,내원,,,,,,
8192,치아발전소치과의원,,,내원,,,,,,
8193,재생플란트치과의원,,,내원,,,,,,
8194,아이비치과의원,,,내원,,,,,,
8195,송정플란트치과의원,,,내원,,,,,,
8196,해운대온담치과의원,,,내원,,,,,,
8197,박흥철치과의원,,,내원,,,,,,
8198,센텀부부치과의원,,,내원,,,,,,
8199,네이처치과의원,,,내원,,,,,,
8200,어썸치과의원,,,내원,,,,,,
8201,서울백치과의원,,,내원,,,,,,
8202,유디해운대치과의원,,,내원,,,,,,
8203,마린시티치과의원,,,내원,,,,,,
8204,함께하는치과의원,,,내원,,,,,,
8205,참사랑치과의원,,,내원,,,,,,
8206,화이트이치과의원,,,내원,,,,,,
8207,민플란트치과의원,,,내원,,,,,,
8208,치아사랑치과의원,,,내원,,,,,,
8209,해운대365치과의원,,,내원,,,,,,
8210,해운대자생한방병원,내원,,,,,,,,
8211,의료법인동강의료재단동강병원,내원+출장,내원,내원+출장,내원,내원,내원,내원,내원,내원
8212,의료법인송은의료재단울산시티병원,내원+출장,내원,내원+출장,내원,내원,내원,내원,내원,내원
8213,의료법인동강의료재단동천동강병원,내원,,,내원,내원,내원,내원,내원,내원
8214,울산엘리야병원,내원,내원,,내원,내원,내원,내원,내원,내원
8215,울산아동병원,내원,내원,,,,,,,
8216,의료법인에스엠씨의료재단울산세민병원,내원,,,내원,내원,내원,내원,내원,
8217,아이마음아동병원,,내원,,,,,,,
8218,아이윤병원,내원,내원,내원,내원,내원,내원,,내원,
8219,북울산병원,내원,,,내원,내원,내원,,,
8220,맘스여성병원,내원,내원,,내원,내원,내원,내원,내원,
8221,함께하는의원,,내원,,,,,,,
8222,이화산부인과의원,,,,,,,,내원,
8223,주소아청소년과의원,,내원,,,,,,,
8224,김춘섭내과의원,내원,,,내원,,내원,,,
8225,김종진내과의원,내원,,,내원,내원,내원,,,
8226,이강희내과의원,내원,,,내원,,내원,,,
8227,현대자동차(주)부속의원,내원,,,,,,,,
8228,김영애의원,,내원,,,,,,,
8229,마리포사산부인과의원,,,,,,,,내원,
8230,김환곤내과의원,내원,,,내원,,내원,,,
8231,김유홍내과의원,내원,,,내원,,내원,,,
8232,한소아청소년과의원,,내원,,,,,,,
8233,닥터리연합내과의원,내원,,,내원,,내원,,,
8234,한국건강관리협회건강증진의원,내원,,,내원,내원,내원,내원,내원,
8235,최창환내과의원,내원,,,내원,내원,내원,,,
8236,봄소아청소년과의원,,내원,,,,,,,
8237,한결의원,,내원,,,,,,,
8238,이강우소아청소년과의원,,내원,,,,,,,
8239,미래산부인과의원,,,,,,,,내원,
8240,새현대의원,,내원,,,,,,,
8241,추소아청소년과의원,,내원,,,,,,,
8242,한마음가정의학과의원,,내원,,,,,,,
8243,드림아이의원,,내원,,,,,,,
8244,태강내과의원,내원,,,내원,내원,내원,,,
8245,미즈아이산부인과의원,,,,,,,,내원,
8246,박상수소아청소년과의원,,내원,,,,,,,
8247,하나산부인과의원,,,,,,,,내원,
8248,김은정소아과의원,,내원,,,,,,,
8249,쥬라기소아청소년과의원,,내원,,,,,,,
8250,개구쟁이소아청소년과의원,,내원,,,,,,,
8251,튼튼소아청소년과의원,,내원,,,,,,,
8252,다정의원,,내원,,,,,,,
8253,조윤성내과의원,내원,,,내원,내원,내원,내원,내원,
8254,김경원산부인과의원,,,,,,,,내원,
8255,백봉력내과의원,내원,,,내원,내원,내원,내원,내원,
8256,이수진소아청소년과의원,,내원,,,,,,,
8257,시계탑리즈여성의원,,,,,,,,내원,
8258,홍찬의소아청소년과의원,,내원,,,,,,,
8259,김수현내과의원,내원,,,내원,내원,내원,내원,내원,
8260,최소영소아청소년과의원,,내원,,,,,,,
8261,울산민내과의원,내원,,,내원,내원,내원,내원,내원,
8262,느티나무의원,내원,,,내원,내원,내원,,,
8263,류마장구본승내과의원,내원,,,내원,내원,내원,내원,내원,
8264,연세리버내과의원,내원,,,내원,내원,내원,내원,내원,
8265,세나산부인과의원,,,,,,,,내원,
8266,정연정산부인과의원,,,,,,,,내원,
8267,이순일내과의원,내원,,,내원,내원,내원,내원,내원,
8268,김보경연합내과의원,내원,,,내원,내원,내원,내원,내원,
8269,이희정유외과의원,,,,,,,내원,,
8270,김남용내과의원,내원,,,내원,내원,내원,내원,내원,
8271,핀다의원,,내원,,,,,,,
8272,프리비유반외과의원,,,,,,,내원,,
8273,서울신내과의원,내원,,,내원,내원,내원,내원,내원,
8274,본가정의학과의원,,내원,,,,,,,
8275,이영달내과의원,내원,,,내원,내원,내원,내원,내원,
8276,내맘속건강내과의원,내원,,,내원,내원,내원,내원,내원,
8277,큰치과병원,,,내원,,,,,,
8278,호계치과의원,,,내원,,,,,,
8279,병영김치과의원,,,내원,,,,,,
8280,박현식치과의원,,,내원,,,,,,
8281,진철호치과의원,,,내원,,,,,,
8282,하얀이치과의원,,,내원,,,,,,
8283,플러스치과의원,,,내원,,,,,,
8284,조이플란트치과의원,,,내원,,,,,,
8285,이채택치과의원,,,내원,,,,,,
8286,학성연세치과의원,,,내원,,,,,,
8287,곽치과의원,,,내원,,,,,,
8288,하종호치과의원,,,내원,,,,,,
8289,플러스치과의원,,,내원,,,,,,
8290,한치과의원,,,내원,,,,,,
8291,현대치과의원,,,내원,,,,,,
8292,연합치과의원,,,내원,,,,,,
8293,이순석치과의원,,,내원,,,,,,
8294,청아치과의원,,,내원,,,,,,
8295,강동치과의원,,,내원,,,,,,
8296,안울진치과의원,,,내원,,,,,,
8297,사랑가치과의원,,,내원,,,,,,
8298,현대문화치과의원,,,내원,,,,,,
8299,신희재치과의원,,,내원,,,,,,
8300,이사랑치과의원,,,내원,,,,,,
8301,유어스치과의원,,,내원,,,,,,
8302,정인치과의원,,,내원,,,,,,
8303,고운치과의원,,,내원,,,,,,
8304,가우정치과의원,,,내원,,,,,,
8305,한국건강관리협회건강증진치과의원,,,내원,,,,,,
8306,성안치과의원,,,내원,,,,,,
8307,산정치과의원,,,내원,,,,,,
8308,트리플치과의원,,,내원,,,,,,
8309,준치과의원,,,내원,,,,,,
8310,내치과의원,,,내원,,,,,,
8311,라임치과의원,,,내원,,,,,,
8312,남치과의원,,,내원,,,,,,
8313,미소진치과의원,,,내원,,,,,,
8314,뿌리깊은치과의원,,,내원,,,,,,
8315,푸른하늘치과의원,,,내원,,,,,,
8316,늘푸른치과의원,,,내원,,,,,,
8317,디지털노블치과의원,,,내원,,,,,,
8318,태화니즈연합치과의원,,,내원,,,,,,
8319,해와달연합치과의원,,,내원,,,,,,
8320,호계유어스치과의원,,,내원,,,,,,
8321,베스트치과의원,,,내원,,,,,,
8322,희망을심는치과의원,,,내원,,,,,,
8323,하나로치과의원,,,내원,,,,,,
8324,백석치과의원,,,내원,,,,,,
8325,양정치과의원,,,내원,,,,,,
8326,전치과의원,,,내원,,,,,,
8327,우정치과의원,,,내원,,,,,,
8328,해마루치과의원,,,내원,,,,,,
8329,새하나치과의원,,,내원,,,,,,
8330,하늘갤러리치과의원,,,내원,,,,,,
8331,성심치과의원,,,내원,,,,,,
8332,금세치과의원,,,내원,,,,,,
8333,서울수치과의원,,,내원,,,,,,
8334,허브치과의원,,,내원,,,,,,
8335,니즈연합치과의원,,,내원,,,,,,
8336,블루마치과의원,,,내원,,,,,,
8337,아이샘치과의원,,,내원,,,,,,
8338,천곡치과의원,,,내원,,,,,,
8339,해담치과의원,,,내원,,,,,,
8340,참잘하는치과의원,,,내원,,,,,,
8341,반구편한치과의원,,,내원,,,,,,
8342,이성규치과의원,,,내원,,,,,,
8343,비전치과의원,,,내원,,,,,,
8344,서울정다운치과의원,,,내원,,,,,,
8345,유디우정치과의원,,,내원,,,,,,
8346,미서울치과의원,,,내원,,,,,,
8347,21세기좋은치과의원,,,내원,,,,,,
8348,치카치카소아치과의원,,,내원,,,,,,
8349,유엔치과의원,,,내원,,,,,,
8350,비타민치과의원,,,내원,,,,,,
8351,보스턴연합치과의원,,,내원,,,,,,
8352,채움치과의원,,,내원,,,,,,
8353,이바른치과교정과치과의원,,,내원,,,,,,
8354,밝은이치과의원,,,내원,,,,,,
8355,라인치과교정과치과의원,,,내원,,,,,,
8356,희망찬치과의원,,,내원,,,,,,
8357,송정센트럴치과의원,,,내원,,,,,,
8358,울산스마트치과의원,,,내원,,,,,,
8359,제니스치과의원,,,내원,,,,,,
8360,스마일플러스치과의원,,,내원,,,,,,
8361,송정봄소아치과의원,,,내원,,,,,,
8362,태화서울치과의원,,,내원,,,,,,
8363,병영탑치과의원,,,내원,,,,,,
8364,호계웰치과의원,,,내원,,,,,,
8365,학교법인울산공업학원울산대학교병원,내원+출장,,내원+출장,내원,내원,내원,내원,내원,내원
8366,임태균산부인과의원,,,,,,,,내원,
8367,주효섭소아청소년과의원,,내원,,,,,,,
8368,김용기내과의원,내원,,,내원,내원,내원,,,
8369,이창우외과의원,내원,,,내원,내원,내원,,,
8370,늘푸른산부인과의원,,,,,,,,내원,
8371,미래아동의원,,내원,,,,,,,
8372,로즈메디산부인과의원,내원,,,,,,내원,내원,
8373,소창옥소아청소년과의원,,내원,,,,,,,
8374,우리내과의원,내원,,,내원,내원,내원,,,
8375,동울산영상의학과의원,내원,,,내원,내원,내원,내원,내원,
8376,손석호내과의원,내원,,,내원,,내원,,,
8377,정병오내과의원,내원,,,내원,,내원,,,
8378,진화신경외과의원,내원,,,,,,,,
8379,연세내과의원,내원,,,내원,,내원,,,
8380,세화연합정형외과의원,내원,,,,,내원,,,
8381,365소아청소년과의원,,내원,,,,,,,
8382,제니스여성의원,,,,,,,내원,내원,
8383,신내과의원,내원,,,내원,내원,내원,내원,내원,
8384,울산연합소아청소년과의원,,내원,,,,,,,
8385,강남내과의원,내원,,,내원,내원,내원,,,
8386,현대편안내과의원,내원,,,내원,내원,내원,,,
8387,한솔연합내과의원,내원,,,내원,내원,내원,내원,내원,
8388,바른윤의원,내원,,,내원,내원,내원,내원,내원,
8389,씨케이치과병원,,,내원,,,,,,
8390,우리들치과의원,,,내원,,,,,,
8391,구치과의원,,,내원,,,,,,
8392,황태경치과의원,,,내원,,,,,,
8393,박홍락치과의원,,,내원,,,,,,
8394,연세치과의원,,,내원,,,,,,
8395,미래치과의원,,,내원,,,,,,
8396,윌치과의원,,,내원,,,,,,
8397,스마트치과의원,,,내원,,,,,,
8398,대송치과의원,,,내원,,,,,,
8399,큰나무치과의원,,,내원,,,,,,
8400,푸른치과의원,,,내원,,,,,,
8401,베리굿치과의원,,,내원,,,,,,
8402,이동규치과의원,,,내원,,,,,,
8403,고운미소치과의원,,,내원,,,,,,
8404,이충섭치과의원,,,내원,,,,,,
8405,한마음치과의원,,,내원,,,,,,
8406,굿모닝치과의원,,,내원,,,,,,
8407,서울미소치과의원,,,내원,,,,,,
8408,이앤이플란트치과의원,,,내원,,,,,,
8409,스마일부부치과의원,,,내원,,,,,,
8410,뉴욕앤치과의원,,,내원,,,,,,
8411,울산쥬니어소아치과의원,,,내원,,,,,,
8412,현대탑치과의원,,,내원,,,,,,
8413,포도나무치과의원,,,내원,,,,,,
8414,꽃바위치과의원,,,내원,,,,,,
8415,연세크리스탈치과의원,,,내원,,,,,,
8416,스타치과의원,,,내원,,,,,,
8417,유디치과의원,,,내원,,,,,,
8418,다시봄치과의원,,,내원,,,,,,
8419,조복래치과의원,,,내원,,,,,,
8420,이스타치과의원,,,내원,,,,,,
8421,서울산보람병원,내원,내원,내원,내원,내원,내원,내원,내원,내원
8422,햇살아동병원,내원,내원,,,,,,,
8423,의료법인명원의료재단파인힐병원,내원,,,,,,,,
8424,울산이손병원,내원,,내원,내원,내원,내원,내원,내원,
8425,세광병원,내원,,,,,내원,,,
8426,하나소아청소년과의원,,내원,,,,,,,
8427,남혜주의원,,내원,,,,,,,
8428,박철산부인과의원,,,,,,,,내원,
8429,구영365소아청소년과의원,,내원,,,,,,,
8430,은혜내과의원,내원,,,내원,,내원,,,
8431,미소산부인과의원,,,,,,,,내원,
8432,김성준내과의원,내원,,,내원,내원,내원,,,
8433,남창가정의학과의원,내원,,,,,내원,,,
8434,온양센텀소아청소년과의원,,내원,,,,,,,
8435,황만근내과의원,내원,,,내원,내원,내원,내원,내원,
8436,제일속건강의원,내원,,,내원,내원,내원,내원,내원,
8437,속편한김내과의원,내원,,,내원,내원,내원,내원,내원,
8438,서울튼튼소아청소년과의원,,내원,,,,,,,
8439,청담그룹의원,,,,,,,,내원,
8440,강선영산부인과의원,,,,,,,,내원,
8441,양내과의원,내원,,,,,,,,
8442,아이좋은소아청소년과의원,,내원,,,,,,,
8443,울산아이가정의학과의원,,내원,,,,,,,
8444,이주형내과의원,내원,,,내원,내원,내원,내원,내원,
8445,덕하연합의원,,내원,,,,,,,
8446,언양삼성내과의원,내원,,,내원,내원,내원,내원,내원,
8447,서영희치과의원,,,내원,,,,,,
8448,오복치과의원,,,내원,,,,,,
8449,소망치과의원,,,내원,,,,,,
8450,진치과의원,,,내원,,,,,,
8451,온양치과의원,,,내원,,,,,,
8452,서울유니온치과의원,,,내원,,,,,,
8453,더젊어지는치과의원,,,내원,,,,,,
8454,우치과의원,,,내원,,,,,,
8455,하나치과의원,,,내원,,,,,,
8456,니즈연합치과의원,,,내원,,,,,,
8457,e튼튼치과의원,,,내원,,,,,,
8458,신미치과의원,,,내원,,,,,,
8459,미소를심는치과의원,,,내원,,,,,,
8460,온양하나치과의원,,,내원,,,,,,
8461,박치과의원,,,내원,,,,,,
8462,언양탑치과의원,,,내원,,,,,,
8463,조은치과의원,,,내원,,,,,,
8464,미소치과의원,,,내원,,,,,,
8465,장검에이스치과의원,,,내원,,,,,,
8466,아리아치과의원,,,내원,,,,,,
8467,봉주르치과의원,,,내원,,,,,,
8468,뉴욕플란트치과의원,,,내원,,,,,,
8469,성모치과의원,,,내원,,,,,,
8470,바른정치과의원,,,내원,,,,,,
8471,구영연세뷰치과의원,,,내원,,,,,,
8472,월드치과의원,,,내원,,,,,,
8473,킴플란트치과의원,,,내원,,,,,,
8474,열린스타치과의원,,,내원,,,,,,
8475,노엘치과의원,,,내원,,,,,,
8476,덕하치과의원,,,내원,,,,,,
8477,울산병원,내원,내원,내원,내원,내원,내원,내원,내원,내원
8478,의료법인은성의료재단좋은삼정병원,내원,내원,내원,내원,내원,내원,내원,내원,내원
8479,의료법인정안의료재단중앙병원,내원+출장,,내원+출장,내원,내원,내원,내원,내원,내원
8480,의)정우의료재단더프라우병원,내원,,,내원,내원,내원,내원,내원,
8481,(의)인석의료재단보람병원,내원,내원,,내원,내원,내원,내원,내원,
8482,(의)내경의료재단울산제일병원,내원,,,내원,내원,내원,내원,내원,
8483,굿모닝병원,내원+출장,,,내원,내원,내원,내원,내원,
8484,에이치엠병원,내원,,,내원,내원,내원,내원,내원,
8485,중앙학문병원,내원,,,,,,,,
8486,의료법인동원의료재단강남동강병원,내원,,,내원,내원,내원,,,
8487,울들병원,내원,,,내원,내원,내원,내원,내원,
8488,울산미즈병원,내원,내원,,내원,내원,내원,내원,내원,
8489,위드여성병원,,내원,,,,,내원,내원,
8490,서울아동병원,,내원,,,,,,,
8491,제니스병원,내원,,,내원,내원,내원,내원,내원,
8492,하이본병원,내원,,,내원,내원,내원,내원,,
8493,건강한윌병원,내원,,,내원,내원,내원,내원,내원,
8494,항사랑병원,내원,,,내원,내원,내원,내원,,
8495,(의)고담의료재단마더스병원,내원,,,,,,,,
8496,이경민소아과의원,,내원,,,,,,,
8497,손병민산부인과의원,,,,,,,,내원,
8498,울산선암의원,내원+출장,,,,,,,,
8499,건강한내과의원,내원,,,내원,내원,내원,내원,,
8500,정소아청소년과의원,,내원,,,,,,,
8501,새아침연합내과의원,내원,,,내원,내원,내원,내원,,
8502,고운님여성의원,,,,,,,,내원,
8503,유영훈내과의원,내원,,,내원,,내원,,,
8504,김정호소아과의원,,내원,,,,,,,
8505,강문수내과의원,내원,,,내원,,,,,
8506,속편한내과의원,내원,,,내원,내원,내원,내원,,
8507,한나산부인과의원,,,,,,,,내원,
8508,다나산부인과의원,,,,,,,,내원,
8509,한길내과의원,내원,,,내원,내원,내원,,,
8510,김진내과의원,내원,,,내원,내원,내원,내원,내원,
8511,박수연소아청소년과의원,,내원,,,,,,,
8512,인구보건복지협회울산광역시지회가족보건의원,내원+출장,내원,,내원+출장,내원+출장,내원,내원+출장,내원+출장,
8513,김복근내과의원,내원,,,내원,내원,내원,내원,내원,
8514,고옥산부인과의원,,,,,,,,내원,
8515,김동욱내과의원,내원,,,내원,내원,내원,,,
8516,달빛여성의원,,,,,,,,내원,
8517,윤혜정산부인과의원,,,,,,,,내원,
8518,이브산부인과의원,,,,,,,,내원,
8519,음현진산부인과의원,,,,,,,,내원,
8520,울산편한내과의원,내원,,,내원,내원,내원,,,
8521,순풍산부인과의원,,,,,,,,내원,
8522,나비샘연합의원,,,,,,,내원,,
8523,이연경소아청소년과의원,,내원,,,,,,,
8524,우광훈내과의원,내원,,,내원,내원,내원,,,
8525,김현진산부인과의원,,,,,,,,내원,
8526,오즈소아청소년과의원,,내원,,,,,,,
8527,정애경미즈유의원,,,,,,,내원,,
8528,김도하내과의원,내원,,,내원,내원,내원,,,
8529,서울삼성비뇨기과산부인과의원,,,,,,,,내원,
8530,전내과의원,내원,,,내원,내원,내원,내원,내원,
8531,송은영유반외과의원,,,,,,,내원,,
8532,박창민가정의학과의원,,내원,,,,,,,
8533,김은규산부인과의원,,,,,,,,내원,
8534,대향학문의원,내원,,,내원,내원,내원,,,
8535,김성희산부인과의원,,,,,,,,내원,
8536,주영여성의원,,,,,,,내원,내원,
8537,지아이연합내과의원,내원,,,내원,내원,내원,내원,내원,
8538,허인정산부인과의원,,,,,,,,내원,
8539,속튼튼김내과의원,내원,,,내원,내원,내원,,,
8540,이준호내과의원,내원,,,,,,,,
8541,비너스외과의원,,,,,,,내원,,
8542,드림메디의원,,내원,,,,,,,
8543,서울아산내과의원,내원,,,내원,내원,내원,,,
8544,울산터의원,내원,,,,,,,,
8545,참조은내과의원,내원,,,내원,내원,내원,내원,,
8546,최정미소아청소년과의원,,내원,,,,,,,
8547,다온소아청소년과의원,,내원,,,,,,,
8548,앞선소아청소년과의원,,내원,,,,,,,
8549,강상현내과의원,내원,,,내원,내원,내원,,,
8550,이영암내과의원,내원,,,내원,내원,내원,내원,내원,
8551,울산하트내과의원,내원,,,,,,,,
8552,서울초이스내과의원,내원,,,내원,내원,내원,내원,내원,
8553,프라우메디유반외과의원,,,,,,,내원,,
8554,루나산부인과의원,,,,,,,,내원,
8555,매일365의원,내원,,,,,,,,
8556,한빛치과병원,,,내원+출장,,,,,,
8557,로이스씨케이치과병원,,,내원,,,,,,
8558,김태근치과의원,,,내원,,,,,,
8559,이상협치과의원,,,내원,,,,,,
8560,예일치과의원,,,내원,,,,,,
8561,상아치과의원,,,내원,,,,,,
8562,세브란스치과의원,,,내원,,,,,,
8563,박상영치과의원,,,내원,,,,,,
8564,미다스치과의원,,,내원,,,,,,
8565,한길치과의원,,,내원,,,,,,
8566,다온치과의원,,,내원,,,,,,
8567,주치과의원,,,내원,,,,,,
8568,이플랜치과의원,,,내원,,,,,,
8569,울산예스치과의원,,,내원,,,,,,
8570,김병재치과의원,,,내원,,,,,,
8571,김병철치과의원,,,내원,,,,,,
8572,이차진치과의원,,,내원,,,,,,
8573,강남웰치과의원,,,내원,,,,,,
8574,탑치과의원,,,내원,,,,,,
8575,조승기치과의원,,,내원,,,,,,
8576,e푸른치과의원,,,내원,,,,,,
8577,이창식치과의원,,,내원,,,,,,
8578,신정현대치과의원,,,내원,,,,,,
8579,곽명호치과의원,,,내원,,,,,,
8580,참미소치과의원,,,내원,,,,,,
8581,화이트듀치과의원,,,내원,,,,,,
8582,강앤이치과의원,,,내원,,,,,,
8583,굿모닝문수치과의원,,,내원,,,,,,
8584,사랑이가득한치과의원,,,내원,,,,,,
8585,바른치과의원,,,내원,,,,,,
8586,참치과의원,,,내원,,,,,,
8587,화이트치과의원,,,내원,,,,,,
8588,세방치과의원,,,내원,,,,,,
8589,야음앞선치과의원,,,내원,,,,,,
8590,캐슬치과의원,,,내원,,,,,,
8591,이아름다운치과의원,,,내원,,,,,,
8592,미본치과의원,,,내원,,,,,,
8593,건민치과의원,,,내원,,,,,,
8594,바른진치과의원,,,내원,,,,,,
8595,선이아름다운치과의원,,,내원,,,,,,
8596,위너치과의원,,,내원,,,,,,
8597,리틀원소아치과치과의원,,,내원,,,,,,
8598,램브란트치과의원,,,내원+출장,,,,,,
8599,서울닥터스치과의원,,,내원,,,,,,
8600,김정수치과의원,,,내원,,,,,,
8601,미담치과의원,,,내원,,,,,,
8602,이세움치과의원,,,내원,,,,,,
8603,굿모닝미치과의원,,,내원,,,,,,
8604,새빛치과의원,,,내원,,,,,,
8605,미소원치과의원,,,내원,,,,,,
8606,서울연합치과의원,,,내원,,,,,,
8607,에이치엠치과의원,,,내원,,,,,,
8608,청담치과의원,,,내원,,,,,,
8609,해누리치과의원,,,내원,,,,,,
8610,무거리틀원소아치과치과의원,,,내원,,,,,,
8611,맑은치과의원,,,내원,,,,,,
8612,화이트e치과의원,,,내원,,,,,,
8613,제밀치과의원,,,내원,,,,,,
8614,서울정치과의원,,,내원,,,,,,
8615,미소모아치과의원,,,내원,,,,,,
8616,프란트치과의원,,,내원,,,,,,
8617,더블유치과의원,,,내원,,,,,,
8618,e-플랜트치과의원,,,내원,,,,,,
8619,SM치과의원,,,내원,,,,,,
8620,토토소아치과치과의원,,,내원,,,,,,
8621,노바치과의원,,,내원,,,,,,
8622,디에르치과의원,,,내원,,,,,,
8623,득원치과의원,,,내원,,,,,,
8624,최진욱치과의원,,,내원,,,,,,
8625,문상원치과의원,,,내원,,,,,,
8626,전재민치과의원,,,내원,,,,,,
8627,가이드치과의원,,,내원,,,,,,
8628,영치과의원,,,내원,,,,,,
8629,서울락치과의원,,,내원,,,,,,
8630,뉴욕연합치과의원,,,내원,,,,,,
8631,울산부부치과의원,,,내원,,,,,,
8632,울들치과의원,,,내원,,,,,,
8633,큰뿌리치과의원,,,내원,,,,,,
8634,건강한치과의원,,,내원,,,,,,
8635,바른이치과교정과치과의원,,,내원,,,,,,
8636,경희자연치과의원,,,내원,,,,,,
8637,심플치과의원,,,내원,,,,,,
8638,센트럴치과의원,,,내원,,,,,,
8639,아이유치과교정과치과의원,,,내원,,,,,,
8640,울산바로치과의원,,,내원,,,,,,
8641,드림연합치과의원,,,내원+출장,,,,,,
8642,이좋은치과의원,,,내원,,,,,,
8643,정성드림치과의원,,,내원,,,,,,
8644,리더스치과의원,,,내원,,,,,,
8645,우리홈치과의원,,,내원,,,,,,
8646,엠케이치과의원,,,내원,,,,,,
8647,런던의오후치과의원,,,내원,,,,,,
8648,바른마음365치과의원,,,내원,,,,,,
8649,하이윌치과의원,,,내원,,,,,,
8650,아르떼치과의원,,,내원,,,,,,
8651,튼튼한치과의원,,,내원,,,,,,
8652,대한치과의원,,,내원+출장,,,,,,
8653,경상남도마산의료원,내원,내원,,내원,내원,내원,내원,내원,내원
8654,의료법인석영의료재단창원제일종합병원,내원,,,내원,내원,내원,내원,내원,내원
8655,의료법인합포의료재단에스엠지연세병원,내원,내원,,내원,내원,내원,내원,내원,내원
8656,의료법인청아의료재단청아병원,내원,내원,,내원,내원,내원,내원,내원,내원
8657,학교법인성균관대학삼성창원병원,내원+출장,,내원+출장,내원,내원,내원,내원,내원,내원
8658,하나병원,내원,,,내원,내원,내원,내원,,
8659,삼일정풍병원,내원,,,내원,내원,내원,,,
8660,365병원,내원,,,내원,내원,내원,내원,내원,
8661,참여성병원,내원,,,,,,내원,내원,
8662,은혜병원,내원,,내원,내원,내원,,내원,내원,
8663,베스트수병원,내원,,,,,,,,
8664,신마산서울아동병원,,내원,,,,,,,
8665,서울아동병원,,내원,,,,,,,
8666,양덕서울아동병원,,내원,,,,,,,
8667,동마산병원,내원,,,내원,내원,내원,내원,내원,
8668,키즈웰소아청소년과병원,,내원,,,,,,,
8669,의료법인정다운사람들의료재단정다운요양병원,내원,,,,,,,,
8670,경희요양병원,내원,,,,,,,,
8671,의료법인굿모닝의료재단굿모닝요양병원,내원,,,,,,,,
8672,의료법인승도의료재단메트로요양병원,,내원,,,,,,,
8673,의료법인청록의료재단신세계요양병원,내원,,,,,,,,
8674,의료법인태산의료재단큰사랑요양병원,내원,,,,,,,,
8675,정산부인과의원,,,,,,,,내원,
8676,사단법인대한산업보건협회부설마산의원,내원+출장,,출장,,,,,,
8677,메리놀산부인과의원,,,,,,,,내원,
8678,(사)한국건강관리협회건강증진의원,내원,,,내원,내원,내원,내원,내원,
8679,합포내과의원,내원,,,내원,내원,내원,내원,,
8680,김제원내과의원,내원,,,내원,내원,내원,,,
8681,미래산부인과의원,,,,,,,내원,내원,
8682,서정철내과의원,내원,,,내원,내원,내원,,,
8683,성내과의원,내원,,,내원,내원,내원,,,
8684,삼계중앙산부인과의원,,,,,,,,내원,
8685,이두하내과의원,내원,,,내원,내원,내원,,,
8686,예일이비인후과의원,내원,,,,,,,,
8687,성심방사선과의원,내원,,,내원,내원,내원,내원,내원,
8688,신세계산부인과의원,,,,,,,,내원,
8689,강내과의원,내원,,,내원,,내원,,,
8690,허성희산부인과의원,,,,,,,,내원,
8691,서울내과정형외과의원,내원,,,내원,내원,내원,,,
8692,삼성정형외과의원,,내원,,,,,,,
8693,삼성산부인과의원,,,,,,,,내원,
8694,장편한내과의원,내원,,,내원,내원,내원,내원,,
8695,석전의원,,내원,,,,,,,
8696,정정은산부인과의원,,,,,,,,내원,
8697,우리소아과의원,,내원,,,,,,,
8698,예일내과의원,내원,,,내원,내원,내원,,,
8699,하나산부인과의원,,,,,,,,내원,
8700,이앤조내과의원,내원,,,내원,내원,내원,,,
8701,심앤장내과의원,내원,,,내원,내원,내원,내원,내원,
8702,고운메디컬의원,,내원,,,,,,,
8703,현동라온소아청소년과의원,,내원,,,,,,,
8704,중앙자모의원,내원,,,,,,내원,내원,
8705,한미메디내과진단방사선과의원,내원,,,내원,내원,내원,내원,,
8706,마산백내과의원,내원,,,내원,내원,내원,내원,내원,
8707,소피마르소산부인과의원,,,,,,,,내원,
8708,하희근내과의원,내원,,,내원,내원,내원,,,
8709,김앤김내과의원,내원,,,내원,내원,내원,내원,내원,
8710,진동삼성내과의원,내원,내원,,,,,,,
8711,속편한내과의원,내원,,,내원,내원,내원,,,
8712,연세류마내과의원,내원,,,내원,내원,내원,,,
8713,박주현산부인과의원,,,,,,,,내원,
8714,맘편한여성의원,,,,,,,,내원,
8715,서민아산부인과의원,,,,,,,,내원,
8716,마산제일내과의원,내원,,,내원,내원,내원,,,
8717,강심장내과의원,내원,,,,,내원,,,
8718,우리내과의원,내원,,,내원,내원,내원,,,
8719,제이장내과의원,내원,,,내원,내원,내원,,,
8720,라온치과병원,,,내원,,,,,,
8721,이찬호치과의원,,,내원,,,,,,
8722,서울미치과의원,,,내원,,,,,,
8723,동방치과의원,,,내원,,,,,,
8724,한독치과의원,,,내원,,,,,,
8725,박영민치과의원,,,내원,,,,,,
8726,이유철치과의원,,,내원,,,,,,
8727,이병황치과의원,,,내원,,,,,,
8728,문윤수치과의원,,,내원,,,,,,
8729,박광현치과의원,,,내원,,,,,,
8730,김세훈치과의원,,,내원,,,,,,
8731,김형준치과의원,,,내원,,,,,,
8732,노승태치과의원,,,내원,,,,,,
8733,박노수치과의원,,,내원,,,,,,
8734,월드치과의원,,,내원,,,,,,
8735,정영한치과의원,,,내원,,,,,,
8736,상곡치과의원,,,내원,,,,,,
8737,중앙미치과의원,,,내원,,,,,,
8738,미래치과의원,,,내원,,,,,,
8739,세일치과의원,,,내원,,,,,,
8740,김병석치과의원,,,내원,,,,,,
8741,연세치과의원,,,내원,,,,,,
8742,손경준치과의원,,,내원,,,,,,
8743,이현주치과의원,,,내원,,,,,,
8744,이정호치과의원,,,내원,,,,,,
8745,박윤규치과의원,,,내원,,,,,,
8746,하나부부치과의원,,,내원+출장,,,,,,
8747,이덕혜치과의원,,,내원,,,,,,
8748,진동치과의원,,,내원,,,,,,
8749,이무철치과의원,,,내원,,,,,,
8750,박치과의원,,,내원,,,,,,
8751,삼계미치과의원,,,내원,,,,,,
8752,조양래치과의원,,,내원,,,,,,
8753,드림장치과의원,,,내원,,,,,,
8754,한마음치과의원,,,내원,,,,,,
8755,황경룡치과의원,,,내원,,,,,,
8756,경남치과의원,,,내원+출장,,,,,,
8757,이병욱치과의원,,,내원,,,,,,
8758,태일성치과의원,,,내원,,,,,,
8759,박민욱치과의원,,,내원,,,,,,
8760,굿모닝치과의원,,,내원,,,,,,
8761,우리치과의원,,,내원,,,,,,
8762,웰빙치과의원,,,내원,,,,,,
8763,대동치과의원,,,내원,,,,,,
8764,이사랑치과의원,,,내원,,,,,,
8765,평화부부치과의원,,,내원+출장,,,,,,
8766,연세이사랑치과의원,,,내원,,,,,,
8767,연세씨엘치과의원,,,내원,,,,,,
8768,성심치과의원,,,내원,,,,,,
8769,김치과의원,,,내원,,,,,,
8770,유앤미치과의원,,,내원,,,,,,
8771,서울유민치과의원,,,내원,,,,,,
8772,예쁜치과의원,,,내원,,,,,,
8773,(사)한국건강관리협회건강증진치과의원,,,내원,,,,,,
8774,플랜트치과의원,,,내원,,,,,,
8775,미소아이치과의원,,,내원,,,,,,
8776,자연미소치과의원,,,내원,,,,,,
8777,메트로수치과의원,,,내원,,,,,,
8778,서울본치과의원,,,내원,,,,,,
8779,박인율연합치과의원,,,내원,,,,,,
8780,서울이원치과의원,,,내원,,,,,,
8781,민트치과의원,,,내원,,,,,,
8782,현치과의원,,,내원,,,,,,
8783,삼성치과의원,,,내원,,,,,,
8784,미소365치과의원,,,내원,,,,,,
8785,하이연세치과의원,,,내원,,,,,,
8786,연세엔씨치과의원,,,내원,,,,,,
8787,상쾌한치과의원,,,내원,,,,,,
8788,스마트치과의원,,,내원,,,,,,
8789,퍼스트치과의원,,,내원,,,,,,
8790,미소율치과의원,,,내원,,,,,,
8791,바른치과의원,,,내원,,,,,,
8792,모두치과의원,,,내원,,,,,,
8793,올바른치과의원,,,내원,,,,,,
8794,보석플란트치과의원,,,내원,,,,,,
8795,스마일치과의원,,,내원,,,,,,
8796,삼진치과의원,,,내원,,,,,,
8797,상아치과의원,,,내원,,,,,,
8798,인비스치과의원,,,내원,,,,,,
8799,다미소치과의원,,,내원,,,,,,
8800,좋은치과의원,,,내원,,,,,,
8801,하얀마음치과의원,,,내원,,,,,,
8802,뉴욕플란트치과의원,,,내원,,,,,,
8803,스마트365치과의원,,,내원,,,,,,
8804,화이트이(e)치과의원,,,내원,,,,,,
8805,원치과의원,,,내원,,,,,,
8806,탑연합치과교정과치과의원,,,내원,,,,,,
8807,그랜드치과의원,,,내원,,,,,,
8808,경상국립대학교병원,내원,내원,,내원,내원,내원,내원,내원,
8809,제일병원,내원+출장,내원,,내원,내원,내원,내원,내원,내원
8810,한일병원,내원,내원,내원,내원,내원,내원,내원,내원,내원
8811,의료법인문병욱의료재단진주고려병원,내원+출장,,내원+출장,내원,내원,내원,내원,내원,내원
8812,반도병원,내원,내원,,내원,내원,내원,내원,내원,
8813,진주세란병원,내원,,내원,내원,내원,내원,내원,내원,
8814,서울아동병원,,내원,,,,,,,
8815,예손재활의학과병원,내원,,,,,,,,
8816,진주복음병원,내원,내원,,내원,내원,내원,내원,내원,
8817,진주본병원,내원,,,내원,내원,내원,내원,내원,
8818,예담소아청소년과병원,,내원,,,,,,,
8819,튼튼소아청소년과병원,,내원,,,,,,,
8820,진주미래여성병원,내원,내원,,,,,내원,내원,
8821,진주수병원,내원,,,내원,내원,내원,내원,,
8822,진주굿모닝병원,내원,,,내원,내원,내원,내원,,
8823,강남병원,내원,,,내원,내원,내원,,,
8824,가야자모의원,,,,,,,,내원,
8825,김양수소아청소년과의원,,내원,,,,,,,
8826,진주성모의원,내원,,,내원,내원,내원,,,
8827,진주소아과의원,,내원,,,,,,,
8828,목화사랑의원,,,,,,,내원,내원,
8829,김승기소아과의원,,내원,,,,,,,
8830,서울내과의원,내원,,,내원,내원,내원,,,
8831,문산성모의원,내원,,,,,,,,
8832,늘푸른의원,내원,,,내원,내원,내원,,,
8833,영채내과의원,내원,,,내원,내원,내원,내원,,
8834,이재경소아과의원,,내원,,,,,,,
8835,참조은산부인과의원,내원,내원,,,,,내원,내원,
8836,보람소아청소년과의원,,내원,,,,,,,
8837,서울산부인과의원,,,,,,,,내원,
8838,이화소아청소년과의원,,내원,,,,,,,
8839,성심메디컬의원,내원,,,내원,내원,내원,,,
8840,신선경소아청소년과의원,,내원,,,,,,,
8841,김미봉소아청소년과의원,,내원,,,,,,,
8842,김성기내과의원,내원,,,,,내원,,,
8843,하얀메디컬의원,내원,,,내원,내원,내원,,,
8844,강앤심내과의원,내원,,,,,,,,
8845,서봉관내과의원,내원,,,내원,내원,내원,내원,내원,
8846,속편한심당내과의원,내원,,,내원,내원,내원,내원,,
8847,한빛연합소아청소년과의원,,내원,,,,,,,
8848,신수경산부인과의원,,,,,,,,내원,
8849,라인여성의원,,,,,,,,내원,
8850,누리봄소아청소년과의원,,내원,,,,,,,
8851,제일편한내과의원,내원,,,내원,내원,내원,,,
8852,정효영내과의원,내원,,,내원,내원,내원,,,
8853,보람산부인과의원,,,,,,,,내원,
8854,조은산부인과의원,,,,,,,,내원,
8855,메트로정형외과의원,내원,,,,,,,,
8856,이혜영소아청소년과의원,,내원,,,,,,,
8857,새진주내과의원,내원,,,내원,내원,내원,,,
8858,솔내과의원,내원,,,내원,,내원,,,
8859,속시원한사랑내과의원,내원,,,내원,내원,내원,내원,내원,
8860,김형준내과의원,내원,,,내원,내원,내원,내원,내원,
8861,고운아이소아청소년과의원,,내원,,,,,,,
8862,제일꼼꼼내과의원,내원,,,내원,내원,내원,,,
8863,더조은내과의원,내원,,,내원,내원,내원,내원,내원,
8864,안용준내과의원,내원,,,내원,내원,내원,,,
8865,복음내과의원,내원,,,내원,내원,내원,내원,내원,
8866,봄소아청소년과의원,,내원,,,,,,,
8867,하내과의원,내원,,,내원,,내원,,,
8868,아이맘소아청소년과의원,,내원,,,,,,,
8869,속튼튼혁신내과의원,내원,,,내원,내원,내원,,,
8870,유승석내과의원,내원,,,내원,내원,내원,,,
8871,김나영내과의원,내원,,,내원,내원,내원,,,
8872,"아이비소아청소년과,이비인후과의원",내원,내원,,,,,,,
8873,서명기내과의원,내원,,,내원,내원,내원,내원,내원,
8874,바로마디정형외과신경외과내과의원,내원,,,내원,내원,내원,내원,,
8875,구민지소아청소년과의원,,내원,,,,,,,
8876,김병수내과의원,내원,,,내원,내원,내원,,,
8877,김태효탑내과의원,내원,,,내원,내원,내원,,,
8878,한솔내과의원,내원,,,내원,내원,내원,,,
8879,테스내과의원,내원,,,내원,내원,내원,,,
8880,당샘내과의원,내원,,,,,,,,
8881,굿앤센신경외과신경과내과의원,내원,,,내원,,,,,
8882,박소라내과의원,내원,,,내원,,내원,,,
8883,365우리들치과병원,,,내원,,,,,,
8884,진주미르치과병원,,,내원,,,,,,
8885,고려치과의원,,,내원,,,,,,
8886,성심치과의원,,,내원,,,,,,
8887,조성호치과의원,,,내원,,,,,,
8888,김법환치과의원,,,내원,,,,,,
8889,동산치과의원,,,내원,,,,,,
8890,건강한치과의원,,,내원,,,,,,
8891,서울치과의원,,,내원,,,,,,
8892,세인치과의원,,,내원,,,,,,
8893,안치과의원,,,내원,,,,,,
8894,김광수치과의원,,,내원,,,,,,
8895,유진치과의원,,,내원,,,,,,
8896,반치과의원,,,내원,,,,,,
8897,백치과의원,,,내원,,,,,,
8898,이장근치과의원,,,내원,,,,,,
8899,혁신센트럴치과의원,,,내원,,,,,,
8900,진주보스톤치과의원,,,내원,,,,,,
8901,소망치과의원,,,내원,,,,,,
8902,김진치과의원,,,내원,,,,,,
8903,예손치과의원,,,내원,,,,,,
8904,심치과의원,,,내원,,,,,,
8905,김호치과의원,,,내원,,,,,,
8906,동민치과의원,,,내원,,,,,,
8907,제일부부치과의원,,,내원,,,,,,
8908,동방치과의원,,,내원,,,,,,
8909,한마음치과의원,,,내원,,,,,,
8910,하나치과의원,,,내원,,,,,,
8911,윤치과의원,,,내원,,,,,,
8912,하얀제일부부치과의원,,,내원,,,,,,
8913,강남치과의원,,,내원,,,,,,
8914,김동환치과의원,,,내원,,,,,,
8915,진주요요치과의원,,,내원,,,,,,
8916,하영복치과의원,,,내원,,,,,,
8917,늘푸른치과의원,,,내원,,,,,,
8918,송광문치과의원,,,내원,,,,,,
8919,고운이치과의원,,,내원,,,,,,
8920,한빛치과의원,,,내원,,,,,,
8921,다정한부부치과의원,,,내원+출장,,,,,,
8922,굿모닝치과의원,,,내원,,,,,,
8923,청아치과의원,,,내원,,,,,,
8924,미래치과의원,,,내원,,,,,,
8925,서삼석치과의원,,,내원,,,,,,
8926,박애치과의원,,,내원,,,,,,
8927,월드치과의원,,,내원,,,,,,
8928,기분좋은치과의원,,,내원,,,,,,
8929,고운선치과의원,,,내원,,,,,,
8930,라비안치과보철과치과의원,,,내원,,,,,,
8931,진주에스치과의원,,,내원,,,,,,
8932,진주박치과의원,,,내원,,,,,,
8933,미소한아름치과의원,,,내원,,,,,,
8934,곽동묵뿌리깊은치과의원,,,내원,,,,,,
8935,제일존치과의원,,,내원,,,,,,
8936,새로남치과의원,,,내원,,,,,,
8937,왕치과의원,,,내원,,,,,,
8938,하얀니치과의원,,,내원,,,,,,
8939,튼튼치과의원,,,내원,,,,,,
8940,이편한치과의원,,,내원,,,,,,
8941,진주어린e치과의원,,,내원,,,,,,
8942,박성희치과의원,,,내원,,,,,,
8943,메인치과의원,,,내원,,,,,,
8944,역전뿌리깊은치과의원,,,내원,,,,,,
8945,진주쥬니어치과의원,,,내원,,,,,,
8946,구치과의원,,,내원,,,,,,
8947,치아살리기드림365치과의원,,,내원,,,,,,
8948,화인치과의원,,,내원,,,,,,
8949,소나무치과의원,,,내원,,,,,,
8950,한그루치과의원,,,내원+출장,,,,,,
8951,LH치과의원,,,내원,,,,,,
8952,열린치과의원,,,내원,,,,,,
8953,가림치과의원,,,내원,,,,,,
8954,새미소치과의원,,,내원,,,,,,
8955,길치과의원,,,내원,,,,,,
8956,소중한이치과의원,,,내원,,,,,,
8957,진주탑치과의원,,,내원,,,,,,
8958,서울수치과의원,,,내원,,,,,,
8959,이조은치과의원,,,내원,,,,,,
8960,손치과교정과치과보철과치과의원,,,내원,,,,,,
8961,아이봄치과의원,,,내원,,,,,,
8962,이튼튼치과의원,,,내원,,,,,,
8963,스마트한치과의원,,,내원,,,,,,
8964,연세하우치과교정과치과의원,,,내원,,,,,,
8965,진주품은치과의원,,,내원,,,,,,
8966,혁신치과의원,,,내원,,,,,,
8967,성모바른치과의원,,,내원,,,,,,
8968,진주타임치과의원,,,내원,,,,,,
8969,로이스치과의원,,,내원,,,,,,
8970,365한결치과의원,,,내원,,,,,,
8971,복음치과의원,,,내원,,,,,,
8972,리더플란트치과의원,,,내원,,,,,,
8973,예쁜미소치과교정과치과의원,,,내원,,,,,,
8974,미사랑치과의원,,,내원,,,,,,
8975,진주50플러스치과의원,,,내원,,,,,,
8976,이바로치과의원,,,내원,,,,,,
8977,진주시보건소,,,내원+출장,,,,,,
8978,산청군보건의료원,내원,내원,내원+출장,,,,,,
8979,연세에스병원,내원,,,내원,내원,내원,내원,내원,내원
8980,예인병원,내원,,,,,내원,내원,내원,
8981,의료법인염광의료재단세광병원,내원,,,내원,내원,내원,내원,,
8982,서울아동병원,,내원,,,,,,,
8983,우리병원,,내원,,,,,,,
8984,다나병원,,내원,,,,,,,
8985,희망병원,내원,,,내원,내원,내원,내원,내원,
8986,의료법인심연의료재단세명병원,내원,,,내원,내원,내원,내원,내원,
8987,진해영상의학과의원,내원,,,내원,,내원,내원,,
8988,박광선소아청소년과의원,,내원,,,,,,,
8989,수소아청소년과의원,,내원,,,,,,,
8990,이대원산부인과의원,,,,,,,,내원,
8991,김기민소아청소년과의원,,내원,,,,,,,
8992,유소아청소년과의원,,내원,,,,,,,
8993,남철우내과의원,내원,,,내원,내원,내원,,,
8994,육내과의원,내원,,,내원,,내원,,,
8995,석동내과연합의원,내원,내원,,내원,내원,내원,,,
8996,맑은샘내과의원,내원,,,내원,,,,,
8997,행복한산부인과의원,,,,,,,,내원,
8998,박우생소아청소년과의원,,내원,,,,,,,
8999,문희건희망내과의원,내원,,,내원,내원,내원,내원,,
9000,백내과의원,내원,,,내원,내원,내원,,,
9001,행복플러스내과의원,내원,내원,,,,내원,,,
9002,남문내과의원,내원,,,내원,내원,내원,,,
9003,신항내과의원,내원,,,내원,내원,내원,내원,내원,
9004,엘소아청소년과의원,,내원,,,,,,,
9005,연세속편한내과의원,내원,,,내원,내원,내원,,,
9006,이현연합의원,,내원,,,,,,,
9007,삼성탑내과의원,내원,,,내원,내원,내원,내원,내원,
9008,조준형내과의원,내원,,,,,내원,,,
9009,용원중앙내과의원,내원,,,내원,내원,내원,내원,,
9010,서울내과의원,내원,,,내원,내원,내원,,,
9011,진해의원,내원,,,,,내원,,,
9012,온치과병원,,,내원+출장,,,,,,
9013,연세모먼트치과병원,,,내원,,,,,,
9014,진해라온치과병원,,,내원+출장,,,,,,
9015,김묵세치과의원,,,내원,,,,,,
9016,오병호치과의원,,,내원,,,,,,
9017,흰돌치과의원,,,내원,,,,,,
9018,부민치과의원,,,내원,,,,,,
9019,광민치과의원,,,내원,,,,,,
9020,애플치과의원,,,내원,,,,,,
9021,공진철치과의원,,,내원,,,,,,
9022,안종우통합치과의원,,,내원,,,,,,
9023,아름치과의원,,,내원,,,,,,
9024,기분좋은치과의원,,,내원,,,,,,
9025,진해센텀치과의원,,,내원,,,,,,
9026,이사랑치과의원,,,내원,,,,,,
9027,용원치과의원,,,내원,,,,,,
9028,행복한치과의원,,,내원,,,,,,
9029,한이태치과의원,,,내원,,,,,,
9030,진해어린이치과의원,,,내원,,,,,,
9031,진해치과의원,,,내원,,,,,,
9032,진해웰치과의원,,,내원,,,,,,
9033,황성수치과의원,,,내원,,,,,,
9034,우리치과의원,,,내원,,,,,,
9035,한마음치과의원,,,내원,,,,,,
9036,명성치과의원,,,내원,,,,,,
9037,연치과의원,,,내원,,,,,,
9038,남문치과의원,,,내원,,,,,,
9039,정부부치과의원,,,내원,,,,,,
9040,서울경희치과의원,,,내원,,,,,,
9041,뿌리튼튼수치과의원,,,내원,,,,,,
9042,더나은치과의원,,,내원,,,,,,
9043,하나치과의원,,,내원,,,,,,
9044,서울네오치과의원,,,내원,,,,,,
9045,뉴욕콜롬비아치과의원,,,내원,,,,,,
9046,진해에이스치과의원,,,내원,,,,,,
9047,창원진해미소가득치과의원,,,내원,,,,,,
9048,정다운치과의원,,,내원,,,,,,
9049,수민치과의원,,,내원,,,,,,
9050,벚꽃치과의원,,,내원,,,,,,
9051,참조은치과의원,,,내원,,,,,,
9052,서울플란트치과의원,,,내원,,,,,,
9053,365바른치과의원,,,내원,,,,,,
9054,남문중앙치과의원,,,내원,,,,,,
9055,서울다본치과의원,,,내원,,,,,,
9056,애플란트치과의원,,,내원,,,,,,
9057,새통영병원,내원,,,내원,내원,내원,내원,내원,내원
9058,통영적십자병원,내원,,,내원,내원,내원,내원,,
9059,통영서울병원,내원,,,내원,내원,내원,내원,내원,
9060,서울아동병원,,내원,,,,,,,
9061,통영고려병원,내원,,,내원,내원,내원,내원,,
9062,신세계로병원,내원,,,내원,내원,내원,,,
9063,평화소아청소년과의원,,내원,,,,,,,
9064,최내과의원,내원,,,내원,내원,내원,내원,,
9065,충무방사선과의원,내원,,,,,내원,내원,,
9066,김영호내과의원,내원,,,내원,내원,내원,내원,,
9067,미래산부인과의원,,,,,,,,내원,
9068,신세계소아청소년과의원,,내원,,,,,,,
9069,김형곤내과의원,내원,,,,,내원,,,
9070,강태훈소아청소년과의원,,내원,,,,,,,
9071,통영자모산부인과의원,,,,,,,,내원,
9072,속편한내과의원,내원,,,내원,내원,내원,,,
9073,최해종내과의원,내원,,,내원,내원,내원,,,
9074,열린내과의원,내원,,,내원,내원,내원,,,
9075,박지영소아청소년과의원,,내원,,,,,,,
9076,통영자모소아청소년과의원,,내원,,,,,,,
9077,우리들내과의원,내원,,,내원,내원,내원,,,
9078,북신내과의원,내원,,,내원,내원,내원,,,
9079,성현내과의원,내원,,,내원,내원,내원,,,
9080,미소가있는치과의원,,,내원,,,,,,
9081,편한세상치과의원,,,내원,,,,,,
9082,양용근치과의원,,,내원,,,,,,
9083,통영장치과의원,,,내원,,,,,,
9084,박기수치과의원,,,내원,,,,,,
9085,유석주치과의원,,,내원,,,,,,
9086,송제봉치과의원,,,내원,,,,,,
9087,이사랑치과의원,,,내원,,,,,,
9088,윌치과의원,,,내원,,,,,,
9089,연세미소치과의원,,,내원,,,,,,
9090,죽림치과의원,,,내원,,,,,,
9091,제일조은치과의원,,,내원,,,,,,
9092,새통영치과의원,,,내원,,,,,,
9093,명인치과의원,,,내원,,,,,,
9094,서울수치과의원,,,내원,,,,,,
9095,서울플란트치과의원,,,내원,,,,,,
9096,참조은치과의원,,,내원,,,,,,
9097,드림부부치과의원,,,내원,,,,,,
9098,청플란트치과의원,,,내원,,,,,,
9099,강남치과의원,,,내원,,,,,,
9100,서울스마일치과의원,,,내원,,,,,,
9101,바로본치과의원,,,내원,,,,,,
9102,통영탑치과의원,,,내원,,,,,,
9103,충무치과의원,,,내원,,,,,,
9104,통영이플란트치과의원,,,내원,,,,,,
9105,바른치과의원,,,내원,,,,,,
9106,통영시보건소,내원,,내원,,,,,,
9107,강병원,내원,,,내원,내원,내원,내원,내원,
9108,더조은병원,내원,내원,,내원,내원,내원,내원,내원,
9109,고성성심병원,내원,,,내원,,,,,
9110,성모의원,,내원,,,,,,,
9111,삼성가정의학과의원,내원,,,내원,,내원,내원,내원,
9112,김환태내과의원,내원,,,내원,내원,내원,,,
9113,장내과의원,내원,,,내원,내원,내원,,,
9114,고명치과의원,,,내원,,,,,,
9115,고성플란트치과의원,,,내원,,,,,,
9116,고성미소가있는치과의원,,,내원,,,,,,
9117,제일치과의원,,,내원,,,,,,
9118,우리치과의원,,,내원,,,,,,
9119,고성군보건소,,,내원+출장,,,,,,
9120,의료법인환명의료재단조은금강병원,내원+출장,내원,내원+출장,내원,내원+출장,내원,내원,내원,내원
9121,의료법인갑을의료재단갑을장유병원,내원,내원,내원,내원,내원,내원,내원,내원,내원
9122,강일병원,내원+출장,내원,내원,내원,내원+출장,내원,내원,내원,내원
9123,의료법인숭인의료재단김해복음병원,내원+출장,내원,내원,내원,내원+출장,내원,내원,내원,내원
9124,의료법인환명의료재단금강병원,내원,,,내원,내원,내원,,,
9125,김해사랑병원,내원,,,내원,내원,내원,,,
9126,김해아동병원,,내원,,,,,,,
9127,김해굿모닝병원,내원,,,내원,내원,내원,내원,,
9128,(의)경빈의료재단김해센텀병원,내원,,,내원,내원,내원,내원,,
9129,진영새싹병원,,내원,,,,,,,
9130,의료법인한서의료재단진영병원,내원,,,내원,내원,내원,내원,내원,
9131,삼성아동병원,,내원,,,,,,,
9132,아이사랑병원,,내원,,,,,,,
9133,의료법인신의료재단김해삼승병원,내원,,,내원,내원,내원,내원,,
9134,메가병원,내원,,,내원,내원,내원,내원,,
9135,우리여성병원,내원,내원,,내원,내원,내원,내원,내원,
9136,더(the)큰병원,내원,,,,,,,,
9137,서울새싹병원,,내원,,,,,,,
9138,의료법인희원래봄병원,내원,,,내원,내원,내원,,,
9139,굿모닝대홍병원,내원,,,내원,내원,,내원,,
9140,의료법인영진의료재단엠아이병원,내원,내원,,내원,내원,내원,내원,내원,
9141,더프라임병원,,내원,,,,,내원,내원,
9142,율하꿈나무병원,내원,내원,,,,,,,
9143,의료법인한솔의료재단한서재활요양병원,내원,,,,,,,,
9144,강민의료재단나누리요양병원,내원,,,,,,,,
9145,의료법인이은의료재단이은요양병원,내원,,,,,,,,
9146,윤기현소아청소년과의원,,내원,,,,,,,
9147,정소아청소년과의원,,내원,,,,,,,
9148,김해미래산부인과의원,,,,,,,,내원,
9149,굿모닝내과의원,내원,,,내원,내원,내원,내원,내원,
9150,한정실소아청소년과의원,,내원,,,,,,,
9151,최장락내과의원,내원,,,내원,내원,내원,,,
9152,동김해내과의원,내원,,,내원,내원,내원,,,
9153,장덕기내과의원,내원,,,내원,내원,내원,,,
9154,우성경내과의원,내원,,,내원,내원,내원,,,
9155,새한마음내과의원,내원,,,내원,내원,내원,,,
9156,서울소아청소년과의원,,내원,,,,,,,
9157,이재홍내과의원,내원,,,내원,내원,내원,내원,,
9158,좋은소아청소년과의원,,내원,,,,,,,
9159,미소산부인과의원,,,,,,,,내원,
9160,이수창내과의원,내원,,,내원,내원,내원,,,
9161,김민성내과의원,내원,,,내원,내원,내원,,,
9162,성소아청소년과의원,,내원,,,,,,,
9163,김경환내과의원,내원,,,내원,,내원,,,
9164,이찬은가정의학과의원,,내원,,,,,,,
9165,황정하이비인후과의원,,내원,,,,,,,
9166,박양훈내과의원,내원,,,내원,내원,내원,,,
9167,유&김내과의원,내원,,,내원,내원,내원,내원,,
9168,소영철내과의원,내원,,,내원,내원,내원,내원,내원,
9169,백태현내과의원,내원,,,내원,내원,내원,,,
9170,황혜란산부인과의원,,,,,,,,내원,
9171,하나내과의원,내원,,,내원,내원,내원,,,
9172,김명준내과의원,내원,,,내원,내원,내원,,,
9173,장진규소아청소년과의원,,내원,,,,,,,
9174,속시원내과의원,내원,,,내원,내원,내원,내원,내원,
9175,한빛내과의원,내원,,,내원,내원,내원,내원,,
9176,오즈산부인과의원,내원,,,,,,내원,내원,
9177,김성훈소아청소년과의원,,내원,,,,,,,
9178,이&훈소아청소년과의원,,내원,,,,,,,
9179,강춘화여성의원,,,,,,,,내원,
9180,주촌굿모닝의원,,내원,,,,,,,
9181,다사랑산부인과의원,,,,,,,,내원,
9182,늘편한내과의원,내원,,,내원,내원,내원,,,
9183,미래소아청소년과의원,,내원,,,,,,,
9184,하정산부인과의원,,,,,,,,내원,
9185,율하김내과의원,내원,,,내원,내원,내원,,,
9186,김부진소아청소년과의원,,내원,,,,,,,
9187,김진만내과의원,내원,,,내원,내원,내원,,,
9188,김해속시원내과의원,내원,,,내원,내원,내원,,,
9189,속편안내과의원,내원,,,내원,내원,내원,내원,내원,
9190,장유닥터윤의원,,내원,,,,,,,
9191,권병표내과의원,내원,,,내원,내원,내원,,,
9192,박소아청소년과의원,,내원,,,,,,,
9193,새봄산부인과의원,,,,,,,,내원,
9194,김해신세계의원,내원,,,내원,내원,내원,내원,내원,
9195,장유내과의원,내원,,,내원,내원,내원,,,
9196,장유산부인과의원,,,,,,,내원,내원,
9197,늘푸른내과의원,내원,,,내원,내원,내원,,,
9198,삼성내과의원,내원,,,내원,내원,내원,내원,,
9199,보강연합의원,내원,내원,,내원,내원,,,,
9200,팔판이비인후과의원,,내원,,,,,,,
9201,함춘서울내과의원,내원,,,내원,내원,내원,내원,내원,
9202,으뜸내과의원,내원,,,내원,내원,내원,내원,내원,
9203,우리들조은내과의원,내원,,,내원,,내원,,,
9204,율하바른의원,내원,,,,,,,,
9205,드림소아청소년과의원,,내원,,,,,,,
9206,율하봄소아청소년과의원,,내원,,,,,,,
9207,율하편내과의원,내원,,,내원,내원,내원,,,
9208,진영센텀내과의원,내원,,,내원,내원,내원,내원,,
9209,오늘더맑음의원,,내원,,,,,,,
9210,윤현실산부인과의원,,,,,,,,내원,
9211,문지윤내과의원,내원,,,내원,내원,내원,내원,내원,
9212,친절한내과의원,내원,,,내원,내원,내원,,,
9213,더사랑내과의원,내원,,,내원,내원,내원,내원,내원,
9214,율하바른내과의원,내원,,,내원,내원,내원,,,
9215,시원내과정형외과의원,내원,,,내원,내원,내원,내원,내원,
9216,365연합소아청소년과의원,,내원,,,,,,,
9217,미리내소아청소년과의원,,내원,,,,,,,
9218,김모세내과의원,내원,,,내원,내원,내원,,,
9219,굿키움연합소아청소년과의원,,내원,,,,,,,
9220,콩앤팥내과의원,내원,,,,,내원,,,
9221,위앤장편한내과의원,내원,,,내원,내원,내원,,,
9222,율하오산부인과의원,,,,,,,,내원,
9223,삼계우리소아청소년과의원,,내원,,,,,,,
9224,가슴속사랑내과의원,내원,,,내원,내원,내원,내원,내원,
9225,뉴욕치과병원,,,내원+출장,,,,,,
9226,자기치아살리기365일야간드림플란트치과병원,,,내원,,,,,,
9227,부원뉴욕치과병원,,,내원+출장,,,,,,
9228,삼계뉴욕치과병원,,,내원+출장,,,,,,
9229,장유뉴욕치과병원,,,내원,,,,,,
9230,우가주치과병원,,,내원+출장,,,,,,
9231,연세힐라치과의원,,,내원,,,,,,
9232,양치과의원,,,내원,,,,,,
9233,비지치과의원,,,내원,,,,,,
9234,진영권치과의원,,,내원,,,,,,
9235,우리들치과의원,,,내원,,,,,,
9236,상아치과의원,,,내원,,,,,,
9237,배의환치과의원,,,내원,,,,,,
9238,김치과의원,,,내원,,,,,,
9239,어방치과의원,,,내원,,,,,,
9240,미래치과의원,,,내원,,,,,,
9241,인플러스치과의원,,,내원,,,,,,
9242,신세계미치과의원,,,내원,,,,,,
9243,란치과의원,,,내원,,,,,,
9244,시애틀치과의원,,,내원,,,,,,
9245,하나치과의원,,,내원,,,,,,
9246,예인치과의원,,,내원,,,,,,
9247,화이트치과의원,,,내원,,,,,,
9248,굿보스톤치과의원,,,내원,,,,,,
9249,예일치과의원,,,내원,,,,,,
9250,미앤이치과의원,,,내원,,,,,,
9251,고운치과의원,,,내원,,,,,,
9252,박경식치과의원,,,내원,,,,,,
9253,이좋은치과의원,,,내원,,,,,,
9254,우림치과의원,,,내원,,,,,,
9255,임석주와아름다운치과의원,,,내원,,,,,,
9256,강치과의원,,,내원,,,,,,
9257,평온통합치과의원,,,내원,,,,,,
9258,한스치과의원,,,내원,,,,,,
9259,갤러리치과의원,,,내원,,,,,,
9260,크리스마스치과의원,,,내원,,,,,,
9261,옥진석치과의원,,,내원,,,,,,
9262,플로리다가우정치과의원,,,내원,,,,,,
9263,이병철치과의원,,,내원,,,,,,
9264,파티마치과의원,,,내원,,,,,,
9265,이사랑치과의원,,,내원,,,,,,
9266,안심플란트치과의원,,,내원+출장,,,,,,
9267,박영신치과의원,,,내원,,,,,,
9268,아름다운치과의원,,,내원,,,,,,
9269,임기섭치과의원,,,내원,,,,,,
9270,e-편한치과의원,,,내원,,,,,,
9271,미소가있는보스톤치과의원,,,내원,,,,,,
9272,장유탑치과의원,,,내원,,,,,,
9273,메디칼치과의원,,,내원,,,,,,
9274,휴플러스치과의원,,,내원,,,,,,
9275,더이로운치과의원,,,내원,,,,,,
9276,뉴(NEW)에이스치과의원,,,내원,,,,,,
9277,내외애플치과의원,,,내원,,,,,,
9278,율하치과의원,,,내원,,,,,,
9279,리모치과의원,,,내원,,,,,,
9280,비치과의원,,,내원,,,,,,
9281,장유치과의원,,,내원,,,,,,
9282,애플치과의원,,,내원,,,,,,
9283,예가치과의원,,,내원,,,,,,
9284,장유어린이치과의원,,,내원,,,,,,
9285,박민생치과의원,,,내원,,,,,,
9286,장유미치과의원,,,내원,,,,,,
9287,미치과의원,,,내원,,,,,,
9288,율하위치과의원,,,내원,,,,,,
9289,OK치과의원,,,내원,,,,,,
9290,율하사랑심는치과의원,,,내원,,,,,,
9291,한림치과의원,,,내원,,,,,,
9292,비타민치과의원,,,내원,,,,,,
9293,율하부부치과의원,,,내원,,,,,,
9294,미소드림치과의원,,,내원,,,,,,
9295,예스치과의원,,,내원,,,,,,
9296,율하프라임치과의원,,,내원,,,,,,
9297,오즈어린이치과의원,,,내원,,,,,,
9298,진영이사랑치과의원,,,내원,,,,,,
9299,센트럴치과의원,,,내원,,,,,,
9300,세명연합치과의원,,,내원,,,,,,
9301,리더스치과의원,,,내원,,,,,,
9302,부원인플러스치과의원,,,내원,,,,,,
9303,진영원치과의원,,,내원,,,,,,
9304,세정치과의원,,,내원,,,,,,
9305,배치과의원,,,내원,,,,,,
9306,김해바를정치과의원,,,내원,,,,,,
9307,현치과의원,,,내원,,,,,,
9308,율하수치과의원,,,내원,,,,,,
9309,이세상치과의원,,,내원,,,,,,
9310,참치과의원,,,내원,,,,,,
9311,미소치과의원,,,내원,,,,,,
9312,서울정원치과의원,,,내원,,,,,,
9313,율하연세치과의원,,,내원,,,,,,
9314,행복한치과의원,,,내원,,,,,,
9315,김해본치과의원,,,내원,,,,,,
9316,김해제일치과의원,,,내원,,,,,,
9317,연세삼성치과의원,,,내원,,,,,,
9318,진영서울치과의원,,,내원,,,,,,
9319,굿스마일플란트치과의원,,,내원,,,,,,
9320,서울클리어치과교정과치과의원,,,내원,,,,,,
9321,김해연세치과의원,,,내원,,,,,,
9322,스마일라인치과교정과치과의원,,,내원,,,,,,
9323,늘푸른치과의원,,,내원,,,,,,
9324,더조은치과의원,,,내원,,,,,,
9325,김해웰치과의원,,,내원,,,,,,
9326,진영마미치과의원,,,내원,,,,,,
9327,김해바른치과의원,,,내원,,,,,,
9328,세브란스치과의원,,,내원,,,,,,
9329,서울주치과의원,,,내원,,,,,,
9330,큰치과의원,,,내원,,,,,,
9331,율하어린이치과의원,,,내원,,,,,,
9332,온정성치과의원,,,내원,,,,,,
9333,율하메이저치과의원,,,내원,,,,,,
9334,김해센텀치과의원,,,내원,,,,,,
9335,김해안아픈숙면치과의원,,,내원,,,,,,
9336,365엠아이(MI)치과의원,,,내원,,,,,,
9337,올바른치과의원,,,내원,,,,,,
9338,서울스마트치과의원,,,내원,,,,,,
9339,율하선한치과의원,,,내원,,,,,,
9340,참좋은치과의원,,,내원,,,,,,
9341,웰빙치과의원,,,내원,,,,,,
9342,하이클래스치과의원,,,내원,,,,,,
9343,수치과의원,,,내원,,,,,,
9344,온마음치과의원,,,내원,,,,,,
9345,김해위너스치과의원,,,내원,,,,,,
9346,김해명품치과의원,,,내원,,,,,,
9347,새로치과의원,,,내원,,,,,,
9348,김해오복치과의원,,,내원,,,,,,
9349,365바로치과의원,,,내원,,,,,,
9350,로이스서울치과의원,,,내원,,,,,,
9351,인플란트치과의원,,,내원,,,,,,
9352,율하에스치과의원,,,내원,,,,,,
9353,의료법인거붕백병원,내원,내원,내원,내원,내원,내원,내원,내원,내원
9354,의료법인대우의료재단대우병원,내원+출장,내원,내원+출장,내원,내원,내원,내원,내원,내원
9355,의료법인성념의료재단맑은샘병원,내원,내원,내원,내원,내원,내원,내원,내원,내원
9356,거제아동병원,,내원,,,,,,,
9357,서울아동병원,내원,내원,,,,,,,
9358,맑은샘센텀병원,내원,,,내원,내원,내원,내원,내원,
9359,거제중앙병원,내원,,,내원,내원,내원,,,
9360,선이고운의원,,내원,,,,,,,
9361,다솜소아청소년과의원,,내원,,,,,,,
9362,미즈맘소아청소년과의원,,내원,,,,,,,
9363,서경의원,내원,,,내원,내원,내원,,,
9364,정내과의원,내원,,,내원,내원,내원,내원,,
9365,아주대우아동소아청소년과의원,,내원,,,,,,,
9366,미즈맘여성의원,,,,,,,,내원,
9367,이지소아청소년과의원,,내원,,,,,,,
9368,제일내과의원,내원,내원,,내원,내원,내원,,,
9369,신세계내과의원,,내원,,,,,,,
9370,오여성의원,,,,,,,,내원,
9371,혜인산부인과의원,,,,,,,,내원,
9372,계룡내과의원,내원,,,,,내원,,,
9373,김지영산부인과의원,,,,,,,,내원,
9374,감창우내과의원,내원,,,내원,,내원,,,
9375,엘르메디여성의원,,,,,,,,내원,
9376,거제터의원,내원,,,,,,,,
9377,리움여성의원,,,,,,,,내원,
9378,고려의원,내원,내원,,,,,,,
9379,아주속편한의원,내원,,,내원,내원,내원,,,
9380,윤앤김내과의원,내원,,,내원,내원,내원,내원,,
9381,거제아동소아청소년과의원,,내원,,,,,,,
9382,김진우소아청소년과의원,,내원,,,,,,,
9383,고현정의원,내원,,,,,,,,
9384,박해동내과의원,내원,,,내원,내원,내원,내원,,
9385,거제탑내과의원,내원,,,내원,내원,내원,,,
9386,고운가이드치과병원,,,내원,,,,,,
9387,메디칼치과병원,,,내원,,,,,,
9388,한치과의원,,,내원,,,,,,
9389,고현치과의원,,,내원,,,,,,
9390,김재원삼성치과의원,,,내원,,,,,,
9391,김호철치과의원,,,내원,,,,,,
9392,손덕일치과의원,,,내원,,,,,,
9393,김치과의원,,,내원,,,,,,
9394,제일치과의원,,,내원,,,,,,
9395,새하얀미소치과의원,,,내원,,,,,,
9396,삼성치과의원,,,내원,,,,,,
9397,향기로운치과의원,,,내원+출장,,,,,,
9398,더조은치과의원,,,내원,,,,,,
9399,미래부부치과의원,,,내원,,,,,,
9400,거제치과의원,,,내원,,,,,,
9401,보스톤치과의원,,,내원,,,,,,
9402,뷰드림치과의원,,,내원,,,,,,
9403,우리치과의원,,,내원,,,,,,
9404,대우치과의원,,,내원,,,,,,
9405,거제프라임치과의원,,,내원,,,,,,
9406,이사랑치과의원,,,내원,,,,,,
9407,센텀치과의원,,,내원,,,,,,
9408,서울연세탑치과의원,,,내원,,,,,,
9409,본치과의원,,,내원,,,,,,
9410,연세치과의원,,,내원,,,,,,
9411,수월치과의원,,,내원,,,,,,
9412,서울미소치과의원,,,내원,,,,,,
9413,키즈앤주니어치과의원,,,내원,,,,,,
9414,마린치과의원,,,내원,,,,,,
9415,거제바른이치과교정과치과의원,,,내원,,,,,,
9416,건강한치과의원,,,내원,,,,,,
9417,뉴욕치과의원,,,내원,,,,,,
9418,최현용치과의원,,,내원,,,,,,
9419,선플란트치과의원,,,내원,,,,,,
9420,연세우리가족치과의원,,,내원,,,,,,
9421,강남웰치과의원,,,내원,,,,,,
9422,이편한치과의원,,,내원,,,,,,
9423,베데스다복음병원,내원,내원,,내원,내원,내원,내원,내원,내원
9424,양산부산대학교병원,내원+출장,,,내원,내원,내원,내원,내원,내원
9425,서울패미리병원,내원,내원,,,,,,,
9426,양산제일병원,내원,,,내원,내원,내원,내원,,
9427,이레아이병원,,내원,,,,,,,
9428,웅상좋은아이병원,내원,내원,,,,,,,
9429,센텀힐병원,내원,,,내원,내원,내원,내원,내원,
9430,양산아이들병원,내원,내원,,,,,,,
9431,본바른병원,내원,,,내원,내원,내원,내원,,
9432,더이로운병원,내원,,,내원,내원,내원,내원,,
9433,단디병원,내원,,,내원,내원,내원,,,
9434,한아름병원,내원,내원,,내원,내원,내원,내원,내원,
9435,의료법인인경의료재단홍익요양병원,내원,,,내원,,내원,,,
9436,박내과의원,내원,,,내원,,내원,,,
9437,이상팔내과의원,내원,,,내원,,내원,,,
9438,이내과의원,내원,,,내원,내원,내원,,,
9439,백대근내과의원,내원,,,내원,내원,내원,,,
9440,박산부인과의원,내원,,,,,,내원,내원,
9441,미즈모아여성의원,내원,내원,,,,,내원,내원,
9442,배내과의원,내원,,,내원,내원,내원,내원,,
9443,강소아청소년과의원,,내원,,,,,,,
9444,최선용소아청소년과의원,,내원,,,,,,,
9445,윤소아청소년과의원,,내원,,,,,,,
9446,류수현내과의원,내원,,,내원,내원,내원,,,
9447,미소연가정의학과의원,,내원,,,,,,,
9448,늘푸른가정의학과의원,,내원,,,,,,,
9449,이의원,,내원,,,,,,,
9450,대범소아청소년과의원,,내원,,,,,,,
9451,이인재산부인과의원,,,,,,,,내원,
9452,강경순의원,,내원,,,,,,,
9453,정필주소아청소년과의원,,내원,,,,,,,
9454,으뜸산부인과의원,,,,,,,,내원,
9455,푸른내과의원,내원,,,내원,,내원,내원,,
9456,아이조은소아청소년과의원,,내원,,,,,,,
9457,물금연합소아청소년과의원,,내원,,,,,,,
9458,행복한가정의원,,내원,,,,,,,
9459,자모산부인과의원,,,,,,,,내원,
9460,새로운정형외과의원,내원,,,내원,,내원,,,
9461,정명섭소아청소년과의원,,내원,,,,,,,
9462,장내과의원,내원,,,내원,내원,내원,,,
9463,정동엽내과의원,내원,,,내원,내원,내원,,,
9464,명가의원,,내원,,,,,,,
9465,이동일소아청소년과의원,,내원,,,,,,,
9466,양산내과영상의학과의원,내원,,,내원,내원,내원,내원,,
9467,성모항맥외과의원,내원,,,내원,내원,,,,
9468,양산연합의원,,내원,,,,,,,
9469,낙동연합의원,내원,내원,,,,내원,,,
9470,순산부인과의원,,,,,,,,내원,
9471,홍내과의원,내원,,,내원,내원,내원,,,
9472,류마신백내과의원,내원,,,,,내원,,,
9473,김혜린의아름다운내과의원,내원,,,내원,내원,내원,내원,내원,
9474,오투소아청소년과의원,,내원,,,,,,,
9475,이재호내과의원,내원,,,내원,내원,내원,,,
9476,김동현내과의원,내원,,,내원,,,,,
9477,에델여성의원,내원,내원,,,,,내원,내원,
9478,참좋은내과의원,내원,,,내원,내원,내원,,,
9479,비타민내과의원,내원,,,내원,내원,내원,,,
9480,양산일신산부인과의원,,,,,,,,내원,
9481,웅상이내과의원,내원,,,내원,내원,내원,,,
9482,배사랑내과의원,내원,,,내원,내원,내원,,,
9483,물금내과의원,내원,,,내원,내원,내원,,,
9484,아이린소아청소년과의원,,내원,,,,,,,
9485,이무열내과의원,내원,,,내원,내원,내원,,,
9486,도담소아청소년과의원,,내원,,,,,,,
9487,아이맘소아청소년과의원,,내원,,,,,,,
9488,서울패미리내과의원,내원,,,내원,내원,내원,내원,내원,
9489,양산유외과의원,,,,,,,내원,,
9490,양산우리외과의원,내원,,,내원,내원,내원,내원,,
9491,조혜진여성의원,,,,,,,,내원,
9492,유창훈내과의원,내원,,,내원,내원,내원,,,
9493,더바른내과의원,내원,,,내원,내원,내원,내원,내원,
9494,양산큰내과의원,내원,,,내원,내원,내원,내원,내원,
9495,엔젤리내과의원,내원,,,내원,내원,내원,,,
9496,서리단내과의원,내원,,,내원,내원,내원,,,
9497,도도소아청소년과의원,,내원,,,,,,,
9498,양산맑은내과의원,내원,,,,,,,,
9499,진소아청소년과의원,,내원,,,,,,,
9500,사송으뜸내과의원,내원,,,내원,내원,내원,,,
9501,서울우리아이소아청소년과의원,,내원,,,,,,,
9502,하내과의원,내원,,,,,내원,,,
9503,양산우리편한내과의원,내원,,,내원,내원,내원,내원,내원,
9504,유선니여성의원,,,,,,,,내원,
9505,유내과의원,내원,,,내원,내원,내원,,,
9506,양산부산대학교치과병원,,,내원+출장,,,,,,
9507,유어스치과병원,,,내원,,,,,,
9508,더이로운치과병원,,,내원,,,,,,
9509,온치과의원,,,내원,,,,,,
9510,이재학치과의원,,,내원,,,,,,
9511,하얀이치과의원,,,내원,,,,,,
9512,범어치과의원,,,내원,,,,,,
9513,한치과의원,,,내원,,,,,,
9514,하나치과의원,,,내원,,,,,,
9515,정부부치과의원,,,내원,,,,,,
9516,홍이부부치과의원,,,내원,,,,,,
9517,백아치과의원,,,내원,,,,,,
9518,연세스마일치과의원,,,내원,,,,,,
9519,뷰티플란트치과의원,,,내원+출장,,,,,,
9520,탑치과의원,,,내원,,,,,,
9521,늘푸른치과의원,,,내원,,,,,,
9522,연세치과의원,,,내원,,,,,,
9523,달라스치과의원,,,내원,,,,,,
9524,웰치과의원,,,내원,,,,,,
9525,이플란트치과의원,,,내원,,,,,,
9526,프라임치과의원,,,내원,,,,,,
9527,아름다운치과의원,,,내원,,,,,,
9528,바룸치과의원,,,내원,,,,,,
9529,노바어린이치과의원,,,내원,,,,,,
9530,연세미소치과의원,,,내원,,,,,,
9531,평산뷰티플란트치과의원,,,내원,,,,,,
9532,마인드치과의원,,,내원,,,,,,
9533,복치과의원,,,내원,,,,,,
9534,상쾌한치과의원,,,내원,,,,,,
9535,미담치과의원,,,내원,,,,,,
9536,림플란트치과의원,,,내원,,,,,,
9537,양산이루미치과의원,,,내원,,,,,,
9538,포도나무치과의원,,,내원,,,,,,
9539,양산제일치과의원,,,내원,,,,,,
9540,하은치과의원,,,내원,,,,,,
9541,서울베스트치과의원,,,내원,,,,,,
9542,물금어린이치과의원,,,내원,,,,,,
9543,채우미치과의원,,,내원+출장,,,,,,
9544,미소랑치과의원,,,내원,,,,,,
9545,바른마음치과의원,,,내원,,,,,,
9546,박앤장치과의원,,,내원,,,,,,
9547,서울이유있는치과의원,,,내원,,,,,,
9548,웅상바룸치과의원,,,내원,,,,,,
9549,우리아이바른이어린이치과의원,,,내원,,,,,,
9550,누리치과의원,,,내원,,,,,,
9551,석산이사랑치과의원,,,내원,,,,,,
9552,양산아이들치과의원,,,내원,,,,,,
9553,66정플란트치과의원,,,내원,,,,,,
9554,바르다치과의원,,,내원,,,,,,
9555,은하수치과의원,,,내원,,,,,,
9556,양산서울치과의원,,,내원,,,,,,
9557,유디양산치과의원,,,내원,,,,,,
9558,서울에스원치과의원,,,내원+출장,,,,,,
9559,노블치과교정과치과의원,,,내원,,,,,,
9560,서울패미리치과의원,,,내원,,,,,,
9561,사송퍼스트치과의원,,,내원,,,,,,
9562,티트리치과의원,,,내원+출장,,,,,,
9563,라라치과의원,,,내원,,,,,,
9564,드림화이트치과의원,,,내원+출장,,,,,,
9565,물금센트럴치과의원,,,내원,,,,,,
9566,미소온치과의원,,,내원,,,,,,
9567,사송비티앤치과의원,,,내원,,,,,,
9568,바른치과의원,,,내원,,,,,,
9569,타임치과의원,,,내원,,,,,,
9570,양산시보건소,내원,,내원,,,,,,
9571,웅상보건소,내원,,내원,,,,,,
9572,시영의료재단영동병원,내원,,,내원,내원,내원,내원,,
9573,의료법인학산의료재단아라한국병원,내원,,,내원,내원,내원,내원,내원,
9574,우리병원,내원,,,내원,내원,내원,,,
9575,인제의원,내원,내원,,,,,,,
9576,박내과의원,내원,내원,,내원,내원,내원,내원,내원,
9577,진성의원,,내원,,,,,,,
9578,참사랑의원,내원,,,내원,내원,내원,내원,내원,
9579,함안미래산부인과의원,,,,,,,,내원,
9580,현대치과의원,,,내원,,,,,,
9581,가야치과의원,,,내원,,,,,,
9582,고운미소치과의원,,,내원,,,,,,
9583,함안치과의원,,,내원,,,,,,
9584,조은치과의원,,,내원,,,,,,
9585,79플란트치과의원,,,내원,,,,,,
9586,함안군보건소,내원,,내원,,,,,,
9587,의령병원,내원,,,내원,내원,내원,,,
9588,복음의원,,내원,,,,,,,
9589,덕영내과의원,,내원,,,,,,,
9590,의령치과의원,,,내원,,,,,,
9591,서울치과의원,,,내원,,,,,,
9592,박치과의원,,,내원,,,,,,
9593,뉴욕진치과의원,,,내원,,,,,,
9594,밝은미소의료소비자생활협동조합참미소치과의원,,,내원,,,,,,
9595,의령군보건소,,,내원,,,,,,
9596,하동우리들병원,내원,,,,,,,,
9597,하동군민여성의원,,내원,,,,,,내원,
9598,하동중앙의원,내원,,,내원,내원,내원,내원,,
9599,하동현대의원,내원,,,내원,내원,내원,,,
9600,김기채치과의원,,,내원,,,,,,
9601,서울치과의원,,,내원,,,,,,
9602,사랑치과의원,,,내원,,,,,,
9603,아름치과의원,,,내원,,,,,,
9604,진교정치과의원,,,내원,,,,,,
9605,하동군보건소,내원,내원,내원,,,,,,
9606,의료법인이도의료재단남해병원,내원,내원,,내원,내원,내원,내원,내원,
9607,남해중앙메디컬의원,내원,,,,내원,,,,
9608,일등내과의원,내원,,,내원,내원,내원,,,
9609,김내과의원,내원,,,내원,내원,내원,,,
9610,남해군보건소,내원,,내원,,,,,,
9611,거창적십자병원,내원,내원,,내원,내원,내원,내원,내원,
9612,의료법인아림의료재단에스지서경병원,내원,,,내원,내원,내원,내원,내원,
9613,중앙메디컬병원,내원,내원,,내원,내원,내원,내원,내원,
9614,성은효요양병원,내원,,,내원,내원,내원,내원,내원,
9615,김소아청소년과의원,,내원,,,,,,,
9616,신내과의원,내원,,,내원,내원,내원,,,
9617,봄소아청소년과의원,,내원,,,,,,,
9618,박내과의원,내원,,,내원,내원,내원,,,
9619,신&속내과의원,내원,,,내원,내원,내원,내원,내원,
9620,거창종합내과의원,내원,,,내원,내원,내원,내원,내원,
9621,거창삼성내과의원,내원,,,내원,내원,내원,,,
9622,솔플란트치과의원,,,내원,,,,,,
9623,성모치과의원,,,내원,,,,,,
9624,제일치과의원,,,내원,,,,,,
9625,동재한치과의원,,,내원,,,,,,
9626,최치과의원,,,내원,,,,,,
9627,거창치과의원,,,내원,,,,,,
9628,형치과의원,,,내원,,,,,,
9629,현대치과의원,,,내원,,,,,,
9630,중앙치과의원,,,내원,,,,,,
9631,김치과의원,,,내원,,,,,,
9632,새서울치과의원,,,내원,,,,,,
9633,이사랑치과의원,,,내원,,,,,,
9634,거창미르치과의원,,,내원,,,,,,
9635,효사랑치과의원,,,내원,,,,,,
9636,탑치과의원,,,내원,,,,,,
9637,라온치과의원,,,내원,,,,,,
9638,거창군보건소,,내원,내원,,,,,,
9639,삼성합천병원,내원,내원,,내원,내원,내원,내원,내원,
9640,이홍석내과의원,,내원,,,,,,,
9641,합천속편한내과의원,내원,,,내원,내원,내원,,,
9642,바른윤내과의원,내원,,,내원,내원,내원,내원,내원,
9643,단아미소치과의원,,,내원,,,,,,
9644,이사랑치과의원,,,내원,,,,,,
9645,새로이치과의원,,,내원,,,,,,
9646,본치과의원,,,내원,,,,,,
9647,탑치과의원,,,내원,,,,,,
9648,합천군보건소,,내원,내원+출장,,,,,,
9649,합천군보건소(삼가면보건지소),,,내원,,,,,,
9650,북부보건지소,,내원,내원,,,,,,
9651,합천군보건소(초계보건지소),,,내원,,,,,,
9652,함양성심병원,내원,,,내원,내원,내원,내원,내원,
9653,홍인의원,내원,,,내원,내원,내원,내원,,
9654,한마음연합의원,내원,,,내원,내원,내원,,,
9655,함양웰소아청소년과의원,,내원,,,,,,,
9656,속편한내과의원,내원,,,내원,내원,내원,내원,내원,
9657,현대치과의원,,,내원,,,,,,
9658,상아치과의원,,,내원,,,,,,
9659,서울이플란트치과의원,,,내원,,,,,,
9660,단아미소치과의원,,,내원,,,,,,
9661,지리산치과의원,,,내원,,,,,,
9662,삼성치과의원,,,내원,,,,,,
9663,함양군보건소,내원,,내원,,,,,,
9664,창원파티마병원,내원+출장,내원,내원+출장,내원,내원,내원,내원,내원,내원
9665,창원한마음병원,내원+출장,내원,내원+출장,내원,내원,내원,내원,내원,내원
9666,근로복지공단창원병원,내원+출장,,내원+출장,내원,내원,내원,내원,내원,내원
9667,창원경상국립대학교병원,내원,,,내원,내원,내원,내원,내원,내원
9668,윤병원,내원,,,,,내원,,,
9669,서울패밀리병원,내원,내원,,내원,내원,내원,내원,내원,
9670,메트로병원,내원,,,내원,내원,내원,내원,내원,
9671,모란여성병원,,내원,,,,,내원,내원,
9672,the큰병원,내원,,,,,,,,
9673,굿모닝내과병원,내원,,,내원,내원,내원,내원,,
9674,구트병원,내원,,,내원,내원,내원,내원,내원,
9675,상남굿모닝내과병원,내원,,,내원,내원,내원,내원,내원,
9676,창원더키움병원,내원,내원,,,,,,,
9677,화사랑병원,내원,,,,,,,,
9678,씽씽(singsing)병원,내원,,,,,,,,
9679,창원중앙병원,내원+출장,,,내원,내원,내원,내원,내원,
9680,창원튼튼i병원,,내원,,,,,,,
9681,상남한마음병원,내원,내원,,내원,내원,내원,내원,내원,
9682,희연요양병원,내원,,,,,,,,
9683,푸른요양병원,내원,,,,,,,,
9684,성미카엘요양병원,내원,,,,,,,,
9685,행복한요양병원,내원,,,,,,,,
9686,북면이화요양병원,내원,,,,,,,,
9687,인구보건복지협회경남지회가족보건의원,내원,,,내원,내원,내원,내원,내원,
9688,김선경외과박찬모내과의원,내원,,,내원,내원,내원,,내원,
9689,봉의원,내원,,,,,,,,
9690,허내과의원,내원,내원,,내원,내원,내원,,,
9691,조내과의원,내원,내원,,,,내원,,,
9692,안내과의원,내원,,,내원,,내원,,,
9693,최익수의원,내원,,,,,,,,
9694,꿈나무소아청소년과의원,,내원,,,,,,,
9695,터직업환경의학과의원,내원+출장,,,,,,,,
9696,현대소아청소년과의원,,내원,,,,,,,
9697,아이사랑소아청소년과의원,,내원,,,,,,,
9698,차내과의원,내원,내원,,내원,내원,내원,,,
9699,온소아청소년과이비인후과의원,,내원,,,,,,,
9700,최상호소아청소년과의원,,내원,,,,,,,
9701,곽이비인후과의원,,내원,,,,,,,
9702,정태기내과의원,내원,,,내원,내원,내원,,,
9703,서울소아청소년과의원,,내원,,,,,,,
9704,21세기내과의원,내원,,,,,내원,,,
9705,박성희소아청소년과의원,,내원,,,,,,,
9706,김건용내과의원,내원,,,내원,내원,내원,,,
9707,유내과의원,내원,내원,,내원,내원,내원,,,
9708,참사랑소아청소년과의원,,내원,,,,,,,
9709,파티마소아청소년과의원,,내원,,,,,,,
9710,이종인소아청소년과의원,,내원,,,,,,,
9711,시민내과의원,내원,,,내원,,내원,,,
9712,로즈맘여성산부인과의원,,,,,,,내원,내원,
9713,삼성내과의원,내원,,,,,,,,
9714,서울산부인과의원,,,,,,,,내원,
9715,예인소아청소년과의원,,내원,,,,,,,
9716,북면소아청소년과의원,,내원,,,,,,,
9717,창원의원,내원,,,,,,,,
9718,이보람산부인과의원,,,,,,,,내원,
9719,한솔내과의원,내원,,,내원,내원,내원,내원,,
9720,초록내과의원,내원,,,내원,내원,내원,,,
9721,최봉기내과의원,내원,내원,,내원,내원,내원,,,
9722,속시원내과방사선과의원,내원,,,내원,내원,내원,내원,내원,
9723,창원연합내과영상의학과의원,내원,,,내원,내원,내원,내원,,
9724,아름다운산부인과의원,,,,,,,,내원,
9725,세종내과영상의학과의원,내원,,,내원,내원,내원,내원,내원,
9726,위드내과의원,내원,,,내원,내원,내원,,,
9727,연세안정우의원,내원,내원,,내원,내원,,,,
9728,윤병구내과의원,내원,내원,,내원,내원,내원,,,
9729,온누리내과의원,내원,,,내원,내원,내원,,,
9730,세준검진의원,내원,,,내원,내원,내원,내원,내원,
9731,밝은힐링안과의원,내원,,,내원,내원,내원,내원,,
9732,센텀산부인과의원,,,,,,,,내원,
9733,윤은숙산부인과의원,,,,,,,,내원,
9734,무동의원,,내원,,,,,,,
9735,수내과의원,내원,,,,,,,,
9736,감계삼성내과의원,내원,내원,,내원,내원,내원,내원,내원,
9737,시원이비인후과의원,,내원,,,,,,,
9738,가온내과의원,내원,,,내원,내원,내원,,,
9739,대방소아청소년과의원,,내원,,,,,,,
9740,상남더맑은내과의원,내원,,,내원,내원,내원,,,
9741,덕산의원,내원,,,,,,,,
9742,한서여성의원,내원,,,,,,내원,내원,
9743,미즈맘산부인과의원,,내원,,,,,내원,내원,
9744,라움산부인과의원,,내원,,,,,내원,내원,
9745,어뉴봄의원,,내원,,,,,,,
9746,전한나산부인과의원,,,,,,,,내원,
9747,맑음내과의원,내원,,,내원,내원,내원,내원,내원,
9748,신경수소아청소년과의원,,내원,,,,,,,
9749,속편한삼성내과의원,내원,,,내원,내원,내원,내원,내원,
9750,선린자모의원,,,,,,,,내원,
9751,감계센텀내과의원,내원,,,내원,내원,내원,내원,내원,
9752,속시원탑내과의원,내원,,,내원,내원,내원,내원,내원,
9753,화인치과병원,,,내원,,,,,,
9754,고운치과병원,,,내원,,,,,,
9755,램브란트치과병원,,,내원+출장,,,,,,
9756,더앞선치과병원,,,내원+출장,,,,,,
9757,김종길치과의원,,,내원,,,,,,
9758,남치과의원,,,내원,,,,,,
9759,경남치과의원,,,내원,,,,,,
9760,한솔세븐치과의원,,,내원,,,,,,
9761,림스치과의원,,,내원,,,,,,
9762,이치과의원,,,내원,,,,,,
9763,성심치과의원,,,내원,,,,,,
9764,박병욱치과의원,,,내원,,,,,,
9765,박치과의원,,,내원,,,,,,
9766,미래치과의원,,,내원,,,,,,
9767,김종하치과의원,,,내원,,,,,,
9768,아름다운치과의원,,,내원,,,,,,
9769,서울영치과의원,,,내원,,,,,,
9770,정치원치과의원,,,내원,,,,,,
9771,서린치과의원,,,내원,,,,,,
9772,황상윤치과의원,,,내원,,,,,,
9773,명곡치과의원,,,내원,,,,,,
9774,주남치과의원,,,내원,,,,,,
9775,미르치과의원,,,내원,,,,,,
9776,하얀치과의원,,,내원,,,,,,
9777,이편한치과의원,,,내원,,,,,,
9778,소망치과의원,,,내원,,,,,,
9779,이플치과의원,,,내원,,,,,,
9780,강도욱치과의원,,,내원,,,,,,
9781,하나치과의원,,,내원,,,,,,
9782,한사랑치과의원,,,내원,,,,,,
9783,뿌리내린치과의원,,,내원,,,,,,
9784,바른이치과의원,,,내원,,,,,,
9785,함께하는치과의원,,,내원,,,,,,
9786,김석훈치과의원,,,내원,,,,,,
9787,대방치과의원,,,내원,,,,,,
9788,나치과의원,,,내원,,,,,,
9789,창원치과의원,,,내원,,,,,,
9790,반송치과의원,,,내원,,,,,,
9791,굿플란트치과의원,,,내원,,,,,,
9792,이재치과의원,,,내원,,,,,,
9793,내동치과의원,,,내원,,,,,,
9794,최치과의원,,,내원,,,,,,
9795,미치과교정과치과의원,,,내원,,,,,,
9796,동현치과의원,,,내원,,,,,,
9797,노블치과의원,,,내원,,,,,,
9798,클린치과의원,,,내원,,,,,,
9799,우리치과의원,,,내원,,,,,,
9800,우리들치과의원,,,내원,,,,,,
9801,최웅재치과의원,,,내원,,,,,,
9802,이좋은수치과의원,,,내원,,,,,,
9803,문치과의원,,,내원,,,,,,
9804,청아치과의원,,,내원,,,,,,
9805,한서치과의원,,,내원,,,,,,
9806,신치과의원,,,내원,,,,,,
9807,박현정치과의원,,,내원,,,,,,
9808,현대치과의원,,,내원,,,,,,
9809,소계권치과의원,,,내원,,,,,,
9810,허영준치과의원,,,내원,,,,,,
9811,북면치과의원,,,내원,,,,,,
9812,류치과의원,,,내원,,,,,,
9813,조은치과의원,,,내원,,,,,,
9814,함성원치과의원,,,내원,,,,,,
9815,창원쥬니어소아치과의원,,,내원,,,,,,
9816,온누리치과의원,,,내원,,,,,,
9817,SK금강치과의원,,,내원,,,,,,
9818,건미치과의원,,,내원,,,,,,
9819,즐거운치과의원,,,내원+출장,,,,,,
9820,본치과의원,,,내원,,,,,,
9821,화이트치과의원,,,내원,,,,,,
9822,성원치과의원,,,내원,,,,,,
9823,한마음치과의원,,,내원,,,,,,
9824,굿모닝e치과의원,,,내원,,,,,,
9825,예인치과의원,,,내원,,,,,,
9826,휴플러스치과의원,,,내원,,,,,,
9827,서울어린이치과의원,,,내원,,,,,,
9828,신세계치과의원,,,내원,,,,,,
9829,그린치과의원,,,내원,,,,,,
9830,미소사랑치과의원,,,내원,,,,,,
9831,연세편한치과의원,,,내원,,,,,,
9832,서울웰치과의원,,,내원,,,,,,
9833,하이치과의원,,,내원,,,,,,
9834,미소치과의원,,,내원,,,,,,
9835,행복치과의원,,,내원,,,,,,
9836,오복치과의원,,,내원,,,,,,
9837,성주늘푸른치과의원,,,내원,,,,,,
9838,서원치과의원,,,내원,,,,,,
9839,e-사랑치과의원,,,내원,,,,,,
9840,보스톤치과의원,,,내원,,,,,,
9841,키즈라이크치과의원,,,내원,,,,,,
9842,늘푸른치과의원,,,내원,,,,,,
9843,나란e치과의원,,,내원,,,,,,
9844,SM차치과의원,,,내원,,,,,,
9845,화이트이(e)치과의원,,,내원,,,,,,
9846,참조은치과의원,,,내원,,,,,,
9847,예미담치과의원,,,내원+출장,,,,,,
9848,닥터함치과의원,,,내원,,,,,,
9849,심미부부치과의원,,,내원+출장,,,,,,
9850,로덴치과의원,,,내원,,,,,,
9851,스마일100치과의원,,,내원,,,,,,
9852,리즈치과의원,,,내원,,,,,,
9853,성심치과의원,,,내원,,,,,,
9854,굿위브치과의원,,,내원,,,,,,
9855,파티마치과의원,,,내원,,,,,,
9856,즐거운나치과의원,,,내원,,,,,,
9857,정치과의원,,,내원,,,,,,
9858,감계뉴욕치과의원,,,내원,,,,,,
9859,창원유앤미치과의원,,,내원,,,,,,
9860,어울림치과의원,,,내원,,,,,,
9861,서울하얀나라치과의원,,,내원+출장,,,,,,
9862,현부부치과의원,,,내원,,,,,,
9863,연세리더스치과교정과치과의원,,,내원,,,,,,
9864,서울가온치과의원,,,내원,,,,,,
9865,서울바른치과교정과치과의원,,,내원,,,,,,
9866,이앤치과의원,,,내원,,,,,,
9867,서울오치과의원,,,내원+출장,,,,,,
9868,상남으뜸플란트치과의원,,,내원,,,,,,
9869,아이사랑치과의원,,,내원,,,,,,
9870,연세샤인치과의원,,,내원+출장,,,,,,
9871,평온치과의원,,,내원,,,,,,
9872,하늘치과의원,,,내원,,,,,,
9873,행복한수치과의원,,,내원,,,,,,
9874,이튼튼치과의원,,,내원,,,,,,
9875,유디치과의원,,,내원,,,,,,
9876,닥터오치과의원,,,내원,,,,,,
9877,이고치과의원,,,내원,,,,,,
9878,우리가족치과의원,,,내원,,,,,,
9879,서울연치과의원,,,내원,,,,,,
9880,청담치과의원,,,내원,,,,,,
9881,삼성장학선치과의원,,,내원,,,,,,
9882,우리홈치과의원,,,내원,,,,,,
9883,좋은하루치과의원,,,내원,,,,,,
9884,365바른치과의원,,,내원,,,,,,
9885,대풍치과의원,,,내원,,,,,,
9886,유니치과의원,,,내원,,,,,,
9887,다함치과의원,,,내원,,,,,,
9888,카이스트용치과의원,,,내원,,,,,,
9889,더끌림치과의원,,,내원,,,,,,
9890,크라운치과보철과치과의원,,,내원,,,,,,
9891,오늘치과의원,,,내원,,,,,,
9892,이루다치과의원,,,내원,,,,,,
9893,스마트365치과의원,,,내원,,,,,,
9894,치카푸카소아치과의원,,,내원,,,,,,
9895,스카이치과의원,,,내원,,,,,,
9896,한결치과의원,,,내원,,,,,,
9897,정직한치과의원,,,내원,,,,,,
9898,서울현치과의원,,,내원,,,,,,
9899,사랑니사랑치과의원,,,내원,,,,,,
9900,창원탑치과의원,,,내원,,,,,,
9901,365바른치과의원,,,내원,,,,,,
9902,가음정윤치과의원,,,내원,,,,,,
9903,창원W더블유치과의원,,,내원,,,,,,
9904,로이스치과의원,,,내원,,,,,,
9905,온가주치과의원,,,내원,,,,,,
9906,서울센텀치과의원,,,내원,,,,,,
9907,의료법인피앤케이의료재단인생한방병원,내원,,,,,,,내원,
9908,사천서울아동병원,내원,내원,,,,,,,
9909,의료법인승연의료재단삼천포서울병원,내원,내원,내원,내원,내원,내원,내원,내원,
9910,삼천포제일병원,내원,내원,,내원,내원,내원,내원,내원,
9911,하나병원,내원,,내원,내원,내원,내원,내원,,
9912,의료법인덕산의료재단한마음노인요양병원,내원,,,,,,,,
9913,늘푸른산부인과의원,,,,,,,,내원,
9914,삼천포내과의원,내원,,,내원,내원,내원,내원,,
9915,메리놀내과의원,내원,,,내원,내원,내원,내원,,
9916,보람산부인과의원,,,,,,,,내원,
9917,청아여성의원,,,,,,,,내원,
9918,김소아청소년과의원,,내원,,,,,,,
9919,김내과의원,내원,내원,,내원,,내원,,,
9920,신내과의원,내원,,,내원,내원,내원,,,
9921,우리메디컬의원,내원,,,내원,내원,내원,내원,,
9922,이홍기가정의학과의원,내원,,,,,,,,
9923,김산내과의원,내원,,,내원,내원,내원,내원,,
9924,우리아이소아청소년과의원,,내원,,,,,,,
9925,사천윤내과의원,내원,,,내원,내원,내원,,,
9926,완사치과의원,,,내원,,,,,,
9927,김준오치과의원,,,내원,,,,,,
9928,사천치과의원,,,내원,,,,,,
9929,우리치과의원,,,내원,,,,,,
9930,손치과의원,,,내원,,,,,,
9931,중앙치과의원,,,내원,,,,,,
9932,김치과의원,,,내원,,,,,,
9933,한성길치과의원,,,내원,,,,,,
9934,곤양박치과의원,,,내원,,,,,,
9935,정치과의원,,,내원,,,,,,
9936,대한치과의원,,,내원,,,,,,
9937,연세탑치과의원,,,내원,,,,,,
9938,사천림플란트치과의원,,,내원,,,,,,
9939,온치과의원,,,내원,,,,,,
9940,강남부부치과의원,,,내원,,,,,,
9941,우리부부치과의원,,,내원,,,,,,
9942,서울원치과의원,,,내원,,,,,,
9943,도담치과의원,,,내원,,,,,,
9944,사천하이치과의원,,,내원,,,,,,
9945,사천시보건소,,내원,내원,,,,,,
9946,제일병원,내원,내원,,내원,내원,내원,내원,내원,
9947,밀양병원,내원,,,내원,내원,내원,내원,,
9948,행복한병원,내원,,,내원,내원,내원,내원,내원,
9949,미르아이병원,,내원,,,,,,,
9950,의료법인지원의료재단굿모닝병원,내원,,,,,,,,
9951,나노병원,내원,,,내원,내원,내원,내원,내원,
9952,의료법인생명사랑의료재단밀양윤병원,내원,,내원,내원,내원,내원,내원,내원,
9953,밀양우리병원,내원,,,,,,,,
9954,김내과의원,내원,,,내원,내원,내원,내원,내원,
9955,안아픈세상정웅기의원,내원,,,내원,,,,내원,
9956,정내과의원,내원,,,내원,,내원,,,
9957,아름다운자모산부인과의원,,,,,,,,내원,
9958,현대의원,내원,,,내원,,내원,,,
9959,이정훈내과의원,내원,,,내원,내원,내원,,,
9960,미즈산부인과의원,,,,,,,,내원,
9961,안상준내과의원,내원,,,내원,내원,내원,,,
9962,밀양미래연합의원,내원,,,내원,내원,내원,,,
9963,밀양내과의원,내원,,,내원,내원,내원,내원,,
9964,수산박치과의원,,,내원,,,,,,
9965,동향치과의원,,,내원,,,,,,
9966,연세치과의원,,,내원,,,,,,
9967,제일치과의원,,,내원,,,,,,
9968,우리치과의원,,,내원,,,,,,
9969,미소치과의원,,,내원,,,,,,
9970,수산미치과의원,,,내원,,,,,,
9971,보스톤치과의원,,,내원,,,,,,
9972,이레치과의원,,,내원,,,,,,
9973,형제치과의원,,,내원,,,,,,
9974,무안치과의원,,,내원,,,,,,
9975,남산치과의원,,,내원+출장,,,,,,
9976,밀양이플란트치과의원,,,내원,,,,,,
9977,윤치과의원,,,내원,,,,,,
9978,서울플란트치과의원,,,내원,,,,,,
9979,센텀플란트치과의원,,,내원,,,,,,
9980,로이스치과의원,,,내원,,,,,,
9981,미르치과의원,,,내원,,,,,,
9982,밀양시보건소,내원,,내원,,,,,,
9983,의료법인창녕서울의료재단창녕서울병원,내원,내원,,내원,내원,내원,내원,,
9984,태황의료재단한성병원,내원,,,내원,내원,내원,내원,,
9985,서승연내과의원,내원,,,내원,,내원,,,
9986,행복의원,,내원,,,,,,,
9987,이산부인과의원,,,,,,,,내원,
9988,신창녕속내과의원,내원,,,내원,내원,내원,내원,내원,
9989,신세계내과의원,내원,,,내원,내원,내원,,,
9990,늘푸른의원,내원,,,,,,,,
9991,경남치과의원,,,내원,,,,,,
9992,박치과의원,,,내원,,,,,,
9993,가나치과의원,,,내원,,,,,,
9994,남지치과의원,,,내원,,,,,,
9995,영산치과의원,,,내원,,,,,,
9996,창녕보스톤치과의원,,,내원,,,,,,
9997,서울민치과의원,,,내원,,,,,,
9998,창녕군보건소,내원,,내원,,,,,,
9999,창녕군보건소(부곡보건지소),,,내원,,,,,,
10000,창녕군보건소(대합보건지소),,,내원,,,,,,
10001,창녕군보건소(이방보건지소),,,내원,,,,,,
10002,계명대학교동산병원,내원+출장,내원,내원,내원,내원,내원,내원,내원,내원
10003,한국보훈복지의료공단대구보훈병원,내원,내원,내원,내원,내원,내원,내원,내원,
10004,의료법인구의료재단구병원,내원,,,내원,내원,내원,내원,내원,내원
10005,삼일병원,내원,내원,,내원,내원,내원,내원,내원,내원
10006,나사렛종합병원,내원+출장,내원,,내원,내원+출장,내원,내원,내원,내원
10007,보광병원,내원,,,내원,내원,내원,내원,,
10008,성서병원,내원+출장,,,내원,내원,내원,,내원,
10009,의료법인명문의료재단대구기독병원,내원+출장,,내원+출장,내원,내원,내원,내원,내원,
10010,(의)서봉의료재단보강병원,내원,,,내원,내원,내원,,,
10011,미래여성병원,내원,내원,,내원,내원,내원,내원,내원,
10012,우리병원,내원,,,,,내원,,,
10013,의료법인상보의료재단대구경상병원,내원,,,,,,,,
10014,참조은병원,내원,,,,,내원,,,
10015,여성아이병원,내원,내원,,내원,내원,내원,내원,내원,
10016,더나은병원,내원,,,,,내원,,,
10017,더열린병원,내원,,,내원,내원,내원,,,
10018,한미병원,내원,,,,,,,,
10019,의료법인일민의료재단세강병원,내원,,,내원,내원,내원,내원,내원,
10020,달서미즈맘병원,내원,내원,,내원,내원,내원,내원,내원,
10021,백두병원,내원,내원,,,,내원,,,
10022,진천신라병원,내원,,,내원,내원,내원,내원,내원,
10023,마디탄탄병원,내원+출장,,,,,,,,
10024,열린아동병원,,내원,,,,,,,
10025,서대구대동병원,내원,,,,,,,,
10026,대구가톨릭의원,내원+출장,,,,,,,,
10027,김신향소아과의원,,내원,,,,,,,
10028,다나소아청소년과의원,,내원,,,,,,,
10029,은샘연합소아청소년과의원,,내원,,,,,,,
10030,현대비뇨기과산부인과연합의원,,,,,,,,내원,
10031,박정국내과의원,내원,,,내원,내원,내원,,,
10032,장석락내과의원,내원,,,내원,내원,내원,,,
10033,배덕수내과의원,내원,,,내원,,,,,
10034,혜성소아청소년과의원,,내원,,,,,,,
10035,성서한마음연합소아청소년과의원,,내원,,,,,,,
10036,오영철내과의원,내원,,,내원,내원,내원,내원,내원,
10037,자애내과의원,내원,,,,,내원,,,
10038,김무원내과의원,내원,,,내원,,내원,,,
10039,이산부인과의원,,,,,,,,내원,
10040,나문주종합의원,내원,,,,,,,,
10041,효경산부인과의원,,,,,,,,내원,
10042,경일신경과내과의원,내원,,,내원,내원,내원,내원,내원,
10043,상인내과의원,내원,,,,,,,,
10044,사회복지법인전석복지재단소망의원,내원,,,,,,,,
10045,허내과의원,내원,,,내원,,내원,,,
10046,홍외과의원,내원,,,,,내원,,,
10047,오해일여성의원,,,,,,,,내원,
10048,김앤신연합소아청소년과의원,,내원,,,,,,,
10049,김앤박연합정형외과의원,내원,,,,,,,내원,
10050,성모여성의원,내원,,,,,,내원,내원,
10051,초록소아청소년과의원,,내원,,,,,,,
10052,대곡소아과의원,,내원,,,,,,,
10053,윤형진내과의원,내원,,,내원,내원,내원,,,
10054,김동환내과의원,내원,,,내원,내원,,,,
10055,혜인가정의학과의원,,내원,,,,,,,
10056,대곡신세계미산부인과의원,,,,,,,,내원,
10057,한사랑산부인과의원,,,,,,,,내원,
10058,리더스내과의원,내원,,,내원,내원,내원,내원,내원,
10059,신왕식내과의원,내원,,,,,내원,,,
10060,채소아청소년과의원,,내원,,,,,,,
10061,이미정산부인과사랑의원,내원,,,내원,내원,내원,내원,내원,
10062,평안의원,,내원,,,,,,,
10063,송현내과의원,내원,,,,,내원,,,
10064,다나을의원,,내원,,,,,,,
10065,한빛소아과의원,,내원,,,,,,,
10066,동산종합의원,내원,,,내원,내원,내원,,내원,
10067,대곡최내과의원,내원,,,,,,,,
10068,장병준산부인과의원,,,,,,,,내원,
10069,이연희산부인과의원,,,,,,,,내원,
10070,김교선내과의원,내원,,,내원,,내원,,,
10071,현대내과의원,내원,,,내원,,,,,
10072,월성제일내과의원,내원,,,내원,,,,,
10073,동아내과의원,내원,,,내원,,,,,
10074,여준기내과의원,내원,,,내원,,내원,,,
10075,하나가정의학과의원,,내원,,,,,,,
10076,서부연합외과의원,내원,,,내원,내원,내원,,,
10077,김기윤내과의원,내원,,,내원,내원,내원,,,
10078,추호식내과의원,내원,,,내원,,,,,
10079,달서연합의원,내원,,,내원,,내원,,,
10080,박기수내과의원,내원,,,내원,,내원,,,
10081,다정한산부인과의원,,,,,,,,내원,
10082,성서산부인과의원,,,,,,,,내원,
10083,서부신세계영상의학과의원,,,,,,,내원,,
10084,대곡제일내과의원,내원,,,내원,내원,내원,,,
10085,김석재내과의원,내원,,,내원,,내원,,,
10086,화성연합의원,내원,,,내원,,내원,,,
10087,엘르산부인과의원,,,,,,,내원,내원,
10088,삼성내과의원,내원,,,내원,,내원,,,
10089,용산삼성내과의원,내원,,,내원,,내원,,,
10090,영남연합의원,내원,,,내원,내원,내원,,,
10091,이레소아청소년과의원,,내원,,,,,,,
10092,월배제통내과의원,내원,,,내원,,내원,,,
10093,월성종합내과의원,내원,,,내원,내원,내원,,,
10094,중앙내과의원,내원,,,내원,내원,내원,,,
10095,현소아청소년과의원,,내원,,,,,,,
10096,유수정산부인과의원,,,,,,,,내원,
10097,365열린종합내과의원,내원,,,내원,내원,내원,,내원,
10098,사단법인대한산업보건협회대구의원,내원+출장,,출장,,,,,,
10099,제일연합정형외과내과의원,내원,,,내원,내원,내원,,,
10100,마미유의원,,,,,,,내원,,
10101,늘편한신내과의원,내원,,,내원,내원,내원,,,
10102,비너스여성의원,,,,,,,,내원,
10103,구순정산부인과의원,,,,,,,,내원,
10104,속시원곽앤이내과의원,내원,,,내원,내원,내원,,,
10105,행복드림내과의원,내원,,,,,내원,,,
10106,속플러스내과의원,내원,,,내원,내원,내원,,,
10107,나사렛연합내과의원,내원,,,내원,내원,내원,내원,내원,
10108,뿡뿡이연합소아청소년과의원,,내원,,,,,,,
10109,예일이비인후과의원,,내원,,,,,,,
10110,연세연합의원,,내원,,,,,,,
10111,푸른가정의원,내원,,,,,,,,
10112,로하스속내과의원,내원,,,내원,내원,내원,,내원,
10113,윤내과의원,내원,,,내원,내원,내원,,,
10114,탑이비인후과의원,,내원,,,,,,,
10115,속시원이재성내과의원,내원,,,내원,내원,내원,내원,내원,
10116,수연합내과의원,내원,,,내원,내원,내원,,,
10117,박혜란유외과의원,,,,,,,내원,,
10118,영재산부인과의원,,,,,,,,내원,
10119,킴스연합의원,내원,,,,,내원,,,
10120,장기푸른가정의학과의원,,내원,,,,,,,
10121,성서속내과의원,내원,,,내원,내원,내원,,,
10122,참조은연합이비인후과의원,,내원,,,,,,,
10123,다나연합내과의원,내원,,,내원,내원,내원,내원,내원,
10124,건강한속내과의원,내원,,,내원,내원,내원,,,
10125,더편한내과의원,내원,,,내원,내원,내원,내원,내원,
10126,상인속편한내과의원,내원,,,내원,내원,내원,내원,,
10127,피움산부인과의원,,,,,,,,내원,
10128,하가정의학과의원,내원,내원,,내원,,내원,,,
10129,따뜻한속내과의원,내원,,,내원,내원,내원,,,
10130,다니엘소아청소년과의원,,내원,,,,,,,
10131,속튼튼내과의원,내원,,,내원,내원,내원,내원,내원,
10132,예담소아청소년과의원,,내원,,,,,,,
10133,김교일소아청소년과의원,,내원,,,,,,,
10134,튼튼소아청소년과의원,,내원,,,,,,,
10135,한빛내과의원,내원,,,내원,,내원,,,
10136,정상원내과의원,내원,,,내원,내원,내원,,,
10137,대곡다나연합내과의원,내원,,,내원,내원,내원,,내원,
10138,고운아이소아청소년과의원,,내원,,,,,,,
10139,하나종합내과의원,내원,,,내원,내원,내원,내원,내원,
10140,경대연합팔팔한속내과의원,내원,,,내원,내원,내원,,내원,
10141,황진복소아청소년과의원,,내원,,,,,,,
10142,내안에유산부인과의원,,,,,,,내원,내원,
10143,탑연합속내과산부인과의원,내원,,,내원,내원,내원,내원,내원,
10144,조은속류마내과의원,내원,,,내원,내원,내원,,,
10145,류주연산부인과의원,,,,,,,,내원,
10146,더원정형외과의원,내원,,,,,,,,
10147,경대탑내과의원,내원,,,내원,내원,내원,,,
10148,경대연합진내과의원,내원,,,내원,내원,내원,,,
10149,속편안연합의원,내원,,,내원,내원,내원,,,
10150,속보는연합의원,내원,,,내원,내원,내원,,,
10151,웰키즈소아청소년과의원,,내원,,,,,,,
10152,월성속사랑내과의원,내원,,,내원,내원,내원,내원,내원,
10153,정명희소아청소년과의원,,내원,,,,,,,
10154,달서여성메디파크의원,,,,,,,,내원,
10155,권선미유외과의원,,,,,,,내원,,
10156,쿠키연합소아청소년과의원,,내원,,,,,,,
10157,대천속내과의원,내원,,,내원,내원,내원,,,
10158,오명진속내과의원,내원,,,내원,내원,내원,,,
10159,경대케이속내과의원,내원,,,내원,내원,내원,내원,내원,
10160,강석진웰키움소아청소년과의원,,내원,,,,,,,
10161,365상쾌한속연합내과의원,내원,,,내원,내원,내원,내원,내원,
10162,바른연합소아청소년과의원,,내원,,,,,,,
10163,르봄여성의원,,,,,,,,내원,
10164,닥터존정형외과의원,내원,,,,,,,,
10165,365열린우리의원,내원,내원,,,,,,,
10166,경대리즈유외과의원,,,,,,,내원,,
10167,코끼리속내과의원,내원,,,내원,내원,내원,내원,내원,
10168,죽전속내과의원,내원,,,내원,내원,내원,내원,내원,
10169,김미주로엘여성의원,,,,,,,,내원,
10170,에프엠치과병원,,,내원+출장,,,,,,
10171,라온치과병원,,,내원,,,,,,
10172,제로치과병원,,,내원,,,,,,
10173,홍동대치과의원,,,내원,,,,,,
10174,달서참조은치과의원,,,내원,,,,,,
10175,소망연합치과의원,,,내원,,,,,,
10176,노치과의원,,,내원,,,,,,
10177,신성치과의원,,,내원,,,,,,
10178,공단치과의원,,,내원,,,,,,
10179,진용림치과의원,,,내원,,,,,,
10180,상인치과의원,,,내원,,,,,,
10181,김종환치과의원,,,내원,,,,,,
10182,서울얀치과의원,,,내원+출장,,,,,,
10183,윤종근치과의원,,,내원,,,,,,
10184,우리치과의원,,,내원,,,,,,
10185,명문치과의원,,,내원,,,,,,
10186,달서치과의원,,,내원,,,,,,
10187,샘깊은치과의원,,,내원,,,,,,
10188,성서연합치과의원,,,내원,,,,,,
10189,솔로몬치과의원,,,내원,,,,,,
10190,아름다운이치과의원,,,내원,,,,,,
10191,플러스치과의원,,,내원,,,,,,
10192,뿌리연합치과의원,,,내원,,,,,,
10193,예담치과의원,,,내원,,,,,,
10194,이인치과의원,,,내원,,,,,,
10195,플러스진치과의원,,,내원,,,,,,
10196,장기치과의원,,,내원,,,,,,
10197,도기용치과의원,,,내원,,,,,,
10198,성심연합치과의원,,,내원,,,,,,
10199,길치과의원,,,내원,,,,,,
10200,성서부부치과의원,,,내원,,,,,,
10201,서대구치과의원,,,내원,,,,,,
10202,이동식치과의원,,,내원,,,,,,
10203,본리치과의원,,,내원,,,,,,
10204,미라인치과의원,,,내원,,,,,,
10205,서대구리더스치과의원,,,내원,,,,,,
10206,용산제일치과의원,,,내원,,,,,,
10207,상인행복을심는치과의원,,,내원,,,,,,
10208,미부부치과의원,,,내원,,,,,,
10209,대구민치과의원,,,내원,,,,,,
10210,리더스치과의원,,,내원+출장,,,,,,
10211,우리들치과의원,,,내원,,,,,,
10212,이레불꽃치과의원,,,내원,,,,,,
10213,고른이연합치과의원,,,내원,,,,,,
10214,한마음연합치과의원,,,내원,,,,,,
10215,삼성제일치과의원,,,내원,,,,,,
10216,미소담치과의원,,,내원,,,,,,
10217,서울패밀리치과의원,,,내원,,,,,,
10218,용산연합치과의원,,,내원,,,,,,
10219,용산미치과의원,,,내원,,,,,,
10220,동서연합치과의원,,,내원,,,,,,
10221,월배본치과의원,,,내원,,,,,,
10222,로뎀치과의원,,,내원,,,,,,
10223,라임치과의원,,,내원,,,,,,
10224,한진욱치과의원,,,내원,,,,,,
10225,솔치과의원,,,내원,,,,,,
10226,바른이연합치과의원,,,내원,,,,,,
10227,하나연합치과의원,,,내원,,,,,,
10228,굿웰치과의원,,,내원,,,,,,
10229,용산우리연합치과의원,,,내원,,,,,,
10230,서대구아이큰숲치과의원,,,내원,,,,,,
10231,참행복한치과의원,,,내원,,,,,,
10232,고운치과의원,,,내원,,,,,,
10233,불꽃치과의원,,,내원,,,,,,
10234,베스트연합치과의원,,,내원,,,,,,
10235,니즈연합치과의원,,,내원,,,,,,
10236,스마일100치과의원,,,내원,,,,,,
10237,우리아이치과의원,,,내원,,,,,,
10238,정성드림치과의원,,,내원,,,,,,
10239,수목원치과의원,,,내원,,,,,,
10240,그랜드치과의원,,,내원,,,,,,
10241,아이사랑치과의원,,,내원,,,,,,
10242,유어스치과의원,,,내원,,,,,,
10243,다인치과의원,,,내원,,,,,,
10244,미소본치과의원,,,내원,,,,,,
10245,바오로치과의원,,,내원,,,,,,
10246,하얀미소연합치과의원,,,내원,,,,,,
10247,필립치과의원,,,내원,,,,,,
10248,위드치과의원,,,내원,,,,,,
10249,미주치과의원,,,내원,,,,,,
10250,권앤김플란트치과의원,,,내원,,,,,,
10251,아세아치과의원,,,내원,,,,,,
10252,늘봄치과의원,,,내원,,,,,,
10253,소나무치과의원,,,내원,,,,,,
10254,일리치과의원,,,내원,,,,,,
10255,디지털온치과의원,,,내원,,,,,,
10256,고앤박치과의원,,,내원,,,,,,
10257,용산이사랑치과의원,,,내원,,,,,,
10258,맥앤정인치과의원,,,내원,,,,,,
10259,E-행복한치과의원,,,내원,,,,,,
10260,일곱가지약속치과의원,,,내원,,,,,,
10261,월성탑치과의원,,,내원,,,,,,
10262,서대구탑치과의원,,,내원,,,,,,
10263,더원치과의원,,,내원,,,,,,
10264,상인강치과의원,,,내원,,,,,,
10265,이베스트치과의원,,,내원,,,,,,
10266,신세계치과의원,,,내원,,,,,,
10267,대구에스치과의원,,,내원,,,,,,
10268,서울에스(S)치과의원,,,내원,,,,,,
10269,이봄치과의원,,,내원,,,,,,
10270,이미지치과의원,,,내원+출장,,,,,,
10271,필치과의원,,,내원,,,,,,
10272,서대구강연합치과의원,,,내원,,,,,,
10273,참바른연합치과의원,,,내원,,,,,,
10274,상인서울치과의원,,,내원,,,,,,
10275,하얀치과의원,,,내원,,,,,,
10276,이롬연합치과의원,,,내원,,,,,,
10277,편안수치과의원,,,내원,,,,,,
10278,월성연합수치과의원,,,내원,,,,,,
10279,권순복옥치과의원,,,내원,,,,,,
10280,퍼스트치과의원,,,내원,,,,,,
10281,가온해치과의원,,,내원,,,,,,
10282,스마트치과의원월성점,,,내원,,,,,,
10283,늘곁에구강내과치과의원,,,내원,,,,,,
10284,서울바른플란트치과의원,,,내원,,,,,,
10285,편한e치과의원,,,내원,,,,,,
10286,참고운치과의원,,,내원,,,,,,
10287,튼튼한치과의원,,,내원,,,,,,
10288,메디안연합치과의원,,,내원,,,,,,
10289,클린치과의원,,,내원,,,,,,
10290,스카이치과의원,,,내원,,,,,,
10291,에스프라임치과의원,,,내원,,,,,,
10292,씨엘치과의원,,,내원,,,,,,
10293,대곡더좋은치과의원,,,내원,,,,,,
10294,온가족연합치과의원,,,내원,,,,,,
10295,유니온치과보철과치과의원,,,내원,,,,,,
10296,정성치과의원,,,내원,,,,,,
10297,미뉴치과교정과치과의원,,,내원,,,,,,
10298,스마일키즈치과의원,,,내원,,,,,,
10299,월배예모아치과의원,,,내원,,,,,,
10300,유디성서치과의원,,,내원,,,,,,
10301,스마트치과의원죽전점,,,내원,,,,,,
10302,소유치과의원,,,내원,,,,,,
10303,밝은결치과의원,,,내원,,,,,,
10304,강창더좋은치과의원,,,내원,,,,,,
10305,용산에스(S)치과의원,,,내원,,,,,,
10306,대구본플란트치과의원,,,내원,,,,,,
10307,킹플란트치과의원,,,내원,,,,,,
10308,똑디치과의원,,,내원,,,,,,
10309,주치과의원,,,내원,,,,,,
10310,더원연합치과의원,,,내원,,,,,,
10311,서울정치과의원,,,내원,,,,,,
10312,호박치과의원,,,내원,,,,,,
10313,에스프라임치과의원광장점,,,내원,,,,,,
10314,단디플란트치과의원,,,내원,,,,,,
10315,죽전탑치과의원,,,내원,,,,,,
10316,성서치과의원,,,내원,,,,,,
10317,창한방병원,내원,,,,,,,,
10318,광명한방병원,내원,,,,,,,,
10319,경북대학교병원,내원,내원,,내원,내원,내원,,내원,
10320,대구의료원,내원+출장,내원,내원,내원,내원+출장,내원,내원,내원,
10321,곽병원,내원,내원,내원,내원,내원,내원,내원,내원,내원
10322,계명대학교대구동산병원,내원,내원,내원,내원,내원,내원,내원,내원,내원
10323,세민병원,내원,,,내원,내원,내원,,,
10324,남산병원,내원,,,내원,내원,내원,,,
10325,MS재건병원,내원,,,,,,,,
10326,분홍빛으로병원,내원,,,,,,내원,,
10327,제이병원,내원,,,,,,,,
10328,척탑병원,내원,,,내원,내원,내원,,,
10329,대명의료재단서대구병원,내원,,,내원,내원,내원,내원,,
10330,라파엘병원,내원,,내원,내원,내원,내원,내원,내원,
10331,누네안과병원,내원,,,,,,,,
10332,참튼튼병원,내원,,,,,내원,,,
10333,푸른병원,내원,,,내원,내원,내원,내원,,
10334,열린큰병원,내원,,,,,,,,
10335,새동산병원,내원,,,내원,내원,내원,내원,내원,
10336,더필병원,내원,,,내원,내원,내원,내원,,
10337,열린요양병원,내원,,,,,,,,
10338,서내과의원,내원,,,내원,,내원,,,
10339,한내과의원,,내원,,,,,,,
10340,대영산부인과의원,,,,,,,,내원,
10341,현내과연합의원,내원,,,내원,,내원,,,
10342,(사)인구보건복지협회가족보건의원,내원+출장,내원,,내원+출장,내원+출장,내원+출장,내원+출장,내원+출장,
10343,권광인소아과의원,,내원,,,,,,,
10344,이병수내과의원,내원,,,내원,,내원,,,
10345,안대덕소아청소년과의원,,내원,,,,,,,
10346,이균증내과의원,내원,,,내원,,내원,,,
10347,김기호내과의원,내원,,,내원,,내원,,,
10348,(재)한국의학연구소대구분사무소부설의원,내원,,,내원,내원,내원,내원,내원,
10349,디케어센터의원,내원,,,내원,내원,내원,내원,내원,
10350,아세아연합의원,내원,,,내원,,내원,내원,내원,
10351,효성정형외과의원,내원,,,,,,,,
10352,성누가종합내과외과의원,내원,,,내원,내원,내원,내원,내원,
10353,늘푸른우리내과의원,내원,내원,,내원,내원,내원,,,
10354,우리들내과소아청소년과의원,내원,내원,,,내원,내원,,,
10355,시티여성의원,,,,,,,,내원,
10356,클레오여성의원,,,,,,,,내원,
10357,황형기내과의원,내원,,,내원,,내원,,,
10358,정홍수내과의원,내원,,,내원,,,,,
10359,현대연합의원,내원,,,내원,내원,내원,내원,내원,
10360,미즈산부인과의원,내원,,,,,,내원,내원,
10361,대한내과의원,내원,,,내원,내원,내원,내원,내원,
10362,푸른미래내과의원,내원,,,,,,내원,,
10363,원대연합의원,내원,내원,,내원,내원,내원,,,
10364,건강제일내과의원,내원,내원,,내원,내원,내원,,내원,
10365,삼성내과의원,내원,,,내원,내원,내원,,,
10366,부강연합외과의원,내원,,,내원,내원,내원,,,
10367,하승우내과의원,내원,,,,,,,,
10368,참종합내과의원,내원,내원,,내원,내원,내원,내원,내원,
10369,김은진산부인과의원,,,,,,,,내원,
10370,청구의원,내원,,,,,내원,,,
10371,박진호속시원내과의원,내원,,,내원,내원,내원,,,
10372,김소아청소년과의원,,내원,,,,,,,
10373,김앤장내과의원,내원,,,내원,내원,내원,내원,내원,
10374,해동내과의원,내원,,,내원,내원,내원,내원,내원,
10375,분홍빛산부인과의원,,,,,,,,내원,
10376,동산내과의원,내원,,,내원,내원,내원,내원,내원,
10377,닥터스영상의학과의원,내원,,,내원,내원,내원,내원,내원,
10378,참사랑가정의학과의원,,내원,,,,,,,
10379,서구경대속내과의원,내원,,,내원,내원,내원,,,
10380,박문호소아청소년과의원,,내원,,,,,,,
10381,대구헬스케어의원,내원,,,,,내원,,,
10382,우리내과의원,내원,,,내원,내원,내원,,,
10383,늘편한최내과의원,내원,,,내원,,내원,,,
10384,참좋은연합의원,내원,,,,,,,,
10385,예은소아청소년과의원,,내원,,,,,,,
10386,제일속시원내과의원,내원,,,내원,내원,내원,,,
10387,마음에속드는내과의원,내원,,,내원,내원,내원,,,
10388,이동엽연합내과의원,내원,,,내원,,내원,,,
10389,애플산부인과의원,,,,,,,,내원,
10390,평리시원한속내과의원,내원,,,내원,내원,내원,,,
10391,센트럴대구산부인과의원,,,,,,,,내원,
10392,황승욱K유외과의원,,,,,,,내원,,
10393,지니소아청소년과의원,,내원,,,,,,,
10394,로즈벨여성의원,,,,,,,,내원,
10395,에스엠영상의학과의원,내원,,,내원,내원,내원,내원,내원,
10396,신남S항외과의원,내원,,,내원,내원,내원,,,
10397,더편한속연합내과의원,내원,,,내원,내원,내원,내원,내원,
10398,건강지킴가정의학과의원,내원,,,내원,내원,내원,,내원,
10399,브이라이프영상의학과의원,내원,,,내원,내원,내원,내원,내원,
10400,센트럴내과의원,내원,,,내원,내원,내원,,,
10401,신세계연합의원,내원,,,내원,내원,내원,내원,내원,
10402,반월당마리아유외과의원,,,,,,,내원,,
10403,위드의원,내원,,,,,,,,
10404,도앤김연합내과의원,내원,,,내원,내원,내원,,내원,
10405,로앤산부인과의원,,,,,,,,내원,
10406,대구봄여성의원,,,,,,,,내원,
10407,강한속내과유외과의원,내원,,,내원,내원,내원,내원,내원,
10408,로제유외과의원,,,,,,,내원,,
10409,위드정내과의원,내원,,,내원,내원,내원,내원,내원,
10410,다람소아청소년과의원,,내원,,,,,,,
10411,와이레이디여성의원,,,,,,,,내원,
10412,해그린소아청소년과의원,,내원,,,,,,,
10413,미르치과병원,,,내원,,,,,,
10414,경북대학교치과병원,,,내원,,,,,,
10415,로이스덕영치과병원,,,내원,,,,,,
10416,고려치과의원,,,내원,,,,,,
10417,김해규치과의원,,,내원,,,,,,
10418,미주치과의원,,,내원,,,,,,
10419,조연합치과의원,,,내원,,,,,,
10420,심치과의원,,,내원,,,,,,
10421,중리치과의원,,,내원,,,,,,
10422,건아치과의원,,,내원,,,,,,
10423,세원치과의원,,,내원,,,,,,
10424,성수치과의원,,,내원,,,,,,
10425,이튼연합치과의원남산점,,,내원,,,,,,
10426,김해동치과의원,,,내원,,,,,,
10427,동성로행복을심는치과의원,,,내원,,,,,,
10428,박소현치과의원,,,내원,,,,,,
10429,이현치과의원,,,내원,,,,,,
10430,조인트치과의원,,,내원,,,,,,
10431,이연합치과의원,,,내원,,,,,,
10432,미시건치과의원,,,내원,,,,,,
10433,우노치과의원,,,내원,,,,,,
10434,김홍조의미치과의원,,,내원,,,,,,
10435,대구예스타치과의원,,,내원,,,,,,
10436,소명치과의원,,,내원,,,,,,
10437,연세수치과의원,,,내원,,,,,,
10438,미사랑치과의원,,,내원,,,,,,
10439,본치과의원,,,내원,,,,,,
10440,시온치과의원,,,내원,,,,,,
10441,김동목바른이치과의원,,,내원,,,,,,
10442,미드림치과교정과치주과치과의원,,,내원,,,,,,
10443,남산치과의원,,,내원,,,,,,
10444,화이트치과의원,,,내원,,,,,,
10445,더아름다운치과의원,,,내원,,,,,,
10446,닥터스마일치과의원,,,내원,,,,,,
10447,아임유치과의원,,,내원,,,,,,
10448,서대구수치과의원,,,내원,,,,,,
10449,웰치과의원,,,내원,,,,,,
10450,새한빛치과의원,,,내원,,,,,,
10451,미소그리다치과교정과치과의원,,,내원,,,,,,
10452,유스마일치과의원,,,내원,,,,,,
10453,윤혜정치과의원,,,내원,,,,,,
10454,마음으로치과의원,,,내원,,,,,,
10455,아름다운차이치과의원,,,내원,,,,,,
10456,봄솔치과의원,,,내원,,,,,,
10457,초이스치과의원,,,내원,,,,,,
10458,이가치과의원,,,내원,,,,,,
10459,더원노블치과의원,,,내원,,,,,,
10460,타임치과의원,,,내원,,,,,,
10461,신남탑치과의원,,,내원,,,,,,
10462,유니나치과의원,,,내원,,,,,,
10463,성치과의원,,,내원,,,,,,
10464,이상호치과교정과치과의원,,,내원,,,,,,
10465,이모아치과교정과치과의원,,,내원,,,,,,
10466,준치과의원,,,내원,,,,,,
10467,한마음치과의원,,,내원,,,,,,
10468,이굿치과의원,,,내원,,,,,,
10469,호치과의원,,,내원,,,,,,
10470,오늘부터치과의원,,,내원,,,,,,
10471,경대본치과의원,,,내원,,,,,,
10472,지수치과교정과치과의원,,,내원,,,,,,
10473,비산중앙치과의원,,,내원,,,,,,
10474,7월7일치과의원,,,내원,,,,,,
10475,대봉문치과의원,,,내원,,,,,,
10476,해와달연합치과의원,,,내원,,,,,,
10477,김지용치과교정과치과의원,,,내원,,,,,,
10478,브라이트치과교정과치과의원,,,내원,,,,,,
10479,서대구오늘치과의원,,,내원,,,,,,
10480,늘봄플란트치과의원,,,내원,,,,,,
10481,달성더원치과의원,,,내원,,,,,,
10482,팔달리더스치과의원,,,내원,,,,,,
10483,시온의빛치과교정과치과의원,,,내원,,,,,,
10484,김앤김치과의원,,,내원,,,,,,
10485,오늘도원치과의원,,,내원,,,,,,
10486,미소치과의원,,,내원,,,,,,
10487,대구파티마병원,내원,내원,내원,내원,내원,내원,내원,내원,내원
10488,강남종합병원,내원,,,내원,내원,내원,내원,내원,내원
10489,의료법인백천의료재단바로본병원,내원+출장,,내원+출장,내원,내원+출장,내원,내원,내원,
10490,진병원,내원,,,내원,내원,내원,내원,내원,
10491,한가람병원,내원,,,내원,내원,내원,내원,내원,
10492,웰키즈아동병원,,내원,,,,,,,
10493,열경의료재단동부허병원,내원,,,내원,내원,내원,,,
10494,대동병원,내원,,,내원,,내원,,,
10495,이용재내과의원,내원,,,내원,,내원,,,
10496,서해진소아청소년과의원,,내원,,,,,,,
10497,한국건강관리협회건강증진의원,내원,,,내원,내원,내원,내원,내원,
10498,곽소아과의원,,내원,,,,,,,
10499,다인연합의원,내원,내원,,,,,,,
10500,이재준내과의원,내원,,,,,내원,,,
10501,속건강장내과의원,내원,,,,내원,내원,,,
10502,박준호내과의원,내원,,,내원,,내원,,,
10503,권내과의원,내원,,,내원,내원,내원,내원,내원,
10504,우리미(美)의원,,,,,,,,내원,
10505,박창순내과의원,내원,,,내원,,내원,,,
10506,이앤김연합내과의원,내원,,,내원,내원,내원,내원,,
10507,전내과의원,내원,,,내원,,내원,,,
10508,최관수소아과의원,,내원,,,,,,,
10509,강동연합의원,내원,,,내원,내원,내원,,,
10510,다나산부인과의원,,,,,,,,내원,
10511,성모내과의원,,내원,,,,,,,
10512,동대구가정의학과의원,내원,,,내원,,내원,,,
10513,동호소아청소년과의원,,내원,,,,,,,
10514,삼성내과의원,내원,,,내원,,내원,,,
10515,이가정의학과의원,,내원,,,,,,,
10516,건강한신규창내과의원,내원,,,내원,내원,내원,내원,내원,
10517,최내과의원,내원,,,내원,,내원,,,
10518,최경희소아과의원,,내원,,,,,,,
10519,정지영산부인과의원,,,,,,,,내원,
10520,청구제일내과의원,내원,,,내원,내원,내원,,,
10521,동호내과의원,내원,,,,,,,,
10522,안심가정연합의원,내원,,,내원,,내원,,,
10523,한아름산부인과의원,,,,,,,,내원,
10524,안심가톨릭연합의원,내원,,,,,,,,
10525,구성모내과의원,내원,,,,,,,,
10526,이광연합의원,내원,,,내원,,내원,,내원,
10527,파티마연합내과의원,내원,,,내원,내원,내원,내원,내원,
10528,방촌내과의원,내원,,,내원,,내원,,,
10529,경대여성산부인과의원,,,,,,,,내원,
10530,백효종내과의원,내원,,,내원,내원,내원,,,
10531,이용환내과의원,내원,,,내원,,,,,
10532,세종연합의원,내원,,,,,내원,,,
10533,동호파티마산부인과의원,,,,,,,,내원,
10534,강남아이산부인과의원,,,,,,,,내원,
10535,고은미산부인과의원,,,,,,,,내원,
10536,굿닥터아동연합의원,,내원,,,,,,,
10537,동대구연합의원,내원,,,내원,내원,,,,
10538,수산부인과의원,,,,,,,,내원,
10539,방촌속시원내과의원,내원,,,내원,내원,내원,,,
10540,해맑은소아청소년과의원,,내원,,,,,,,
10541,덕재내과의원,내원,,,내원,내원,내원,,,
10542,아이숲연합소아청소년과의원,,내원,,,,,,,
10543,신기한속내과연합의원,내원,,,내원,내원,내원,내원,내원,
10544,옥동연합소아과의원,,내원,,,,,,,
10545,한마음연합소아청소년과이비인후과의원,,내원,,,,,,,
10546,햇살소아청소년과의원,,내원,,,,,,,
10547,서울성모속맑은내과의원,내원,,,내원,내원,내원,,,
10548,경대연합시원한속내과의원,내원,,,내원,내원,내원,내원,,
10549,김영민소아청소년과의원,,내원,,,,,,,
10550,속안심내과연합의원,내원,,,내원,내원,내원,내원,내원,
10551,속시원장내과의원,내원,,,내원,내원,내원,,,
10552,건강플러스연합의원,내원,,,내원,내원,내원,내원,내원,
10553,이시아이비인후과의원,,내원,,,,,,,
10554,이시아튼튼소아청소년과의원,,내원,,,,,,,
10555,이시아연합속내과의원,내원,,,내원,내원,내원,내원,,
10556,진내과의원,내원,,,,,내원,,,
10557,기분좋은속연합내과의원,내원,,,내원,내원,내원,,,
10558,항시원외과의원,내원,,,내원,내원,,,,
10559,예재호내과의원,내원,,,,,내원,,,
10560,박자용내과의원,내원,,,,,내원,,,
10561,다온내과의원,내원,,,내원,,내원,,,
10562,편한몸의원,,내원,,,,,,,
10563,튼튼속내과의원,내원,,,내원,내원,내원,,,
10564,최성은산부인과의원,,,,,,,,내원,
10565,강촌내과의원,내원,,,내원,,내원,,,
10566,최우영내과의원,내원,,,내원,내원,내원,,,
10567,제일연합소아청소년과의원,,내원,,,,,,,
10568,맑은이비인후과의원,,내원,,,,,,,
10569,김건우산부인과의원,,,,,,,,내원,
10570,이자현유외과의원,,,,,,,내원,,
10571,동대구내과의원,내원,,,내원,내원,내원,내원,내원,
10572,연경소아청소년과의원,,내원,,,,,,,
10573,경대연합연경속내과의원,내원,,,내원,내원,내원,내원,내원,
10574,민트소아청소년과의원,,내원,,,,,,,
10575,유니온신경과의원,내원,,,,,,,,
10576,신내과의원,내원,,,내원,내원,내원,,,
10577,하나연합내과의원,내원,,,내원,,내원,,,
10578,스카이소아청소년과의원,,내원,,,,,,,
10579,더원속내과의원,내원,,,내원,내원,내원,내원,내원,
10580,유원피닉스의원,내원,,,,,내원,,,
10581,미래유영상의학과의원,,,,,,,내원,,
10582,속속연합내과의원,내원,,,내원,내원,내원,내원,내원,
10583,송라미엘소아청소년과의원,,내원,,,,,,,
10584,오늘연합속내과의원,내원,,,내원,내원,내원,내원,내원,
10585,율하속연합내과의원,내원,,,내원,내원,내원,내원,내원,
10586,율하연합소아청소년과의원,,내원,,,,,,,
10587,안심하트내과의원,내원,,,,,,,,
10588,하치과의원,,,내원,,,,,,
10589,동대구치과의원,,,내원,,,,,,
10590,강남치과의원,,,내원,,,,,,
10591,연합치과후치과의원,,,내원,,,,,,
10592,우명수치과의원,,,내원,,,,,,
10593,동대구박치과의원,,,내원,,,,,,
10594,수진치과의원,,,내원,,,,,,
10595,화이트플러스치과의원,,,내원,,,,,,
10596,해브치과의원,,,내원,,,,,,
10597,안정근치과의원,,,내원,,,,,,
10598,김경예치과의원,,,내원,,,,,,
10599,팔공부부치과의원,,,내원,,,,,,
10600,에스치과의원,,,내원,,,,,,
10601,엠치과의원,,,내원,,,,,,
10602,예동진치과의원,,,내원,,,,,,
10603,새론치과의원,,,내원,,,,,,
10604,신서밝은미소치과의원,,,내원,,,,,,
10605,함께하는치과위드치과의원,,,내원,,,,,,
10606,동구부부치과의원,,,내원,,,,,,
10607,동아연합치과의원,,,내원,,,,,,
10608,사공억치과의원,,,내원+출장,,,,,,
10609,동구우리치과의원,,,내원,,,,,,
10610,이지미치과의원,,,내원,,,,,,
10611,동구소나무치과의원,,,내원,,,,,,
10612,미소진치과의원,,,내원,,,,,,
10613,세명치과의원,,,내원,,,,,,
10614,진로치과의원,,,내원,,,,,,
10615,제니스치과의원,,,내원,,,,,,
10616,이사랑부부치과의원,,,내원,,,,,,
10617,동호푸른치과의원,,,내원,,,,,,
10618,고운니치과의원,,,내원,,,,,,
10619,동호삼성치과의원,,,내원,,,,,,
10620,정다운치과의원,,,내원,,,,,,
10621,한국건강관리협회건강증진치과의원,,,내원,,,,,,
10622,신기행복을심는치과의원,,,내원,,,,,,
10623,동대구미치과의원,,,내원,,,,,,
10624,신암수치과의원,,,내원,,,,,,
10625,강성치과의원,,,내원,,,,,,
10626,동대구리더스치과의원,,,내원,,,,,,
10627,더큰치과의원,,,내원,,,,,,
10628,플랜트치과의원,,,내원,,,,,,
10629,LA남경치과의원,,,내원,,,,,,
10630,가인치과의원,,,내원,,,,,,
10631,뉴욕치과의원,,,내원,,,,,,
10632,호광치과의원,,,내원,,,,,,
10633,더베스트치과의원,,,내원,,,,,,
10634,이고은치과의원,,,내원,,,,,,
10635,이원치과의원,,,내원,,,,,,
10636,이시아치과의원,,,내원,,,,,,
10637,율하예미송키즈치과의원,,,내원,,,,,,
10638,기분좋은치과의원,,,내원,,,,,,
10639,미소드림치과의원,,,내원,,,,,,
10640,율하연합치과의원,,,내원+출장,,,,,,
10641,바오치과의원,,,내원,,,,,,
10642,더샵치과의원,,,내원,,,,,,
10643,경대연합치과의원,,,내원,,,,,,
10644,한영빈치과의원,,,내원,,,,,,
10645,엠치과의원,,,내원,,,,,,
10646,애플치과의원,,,내원,,,,,,
10647,방촌탑치과의원,,,내원,,,,,,
10648,동대구신세계치과의원,,,내원,,,,,,
10649,엔와이(NY)라임치과의원,,,내원,,,,,,
10650,자연치과의원,,,내원,,,,,,
10651,하늘담은치과의원,,,내원,,,,,,
10652,이룸치과의원,,,내원,,,,,,
10653,율하탄탄치과의원,,,내원,,,,,,
10654,에이원치과의원,,,내원,,,,,,
10655,소망치과의원,,,내원,,,,,,
10656,안심플란트치과의원,,,내원,,,,,,
10657,신천바른치과의원,,,내원,,,,,,
10658,드림에스치과의원,,,내원,,,,,,
10659,늘채움치과의원,,,내원,,,,,,
10660,메이저치과의원,,,내원,,,,,,
10661,신세계치과의원,,,내원,,,,,,
10662,이로운치과의원,,,내원,,,,,,
10663,한결치과의원,,,내원,,,,,,
10664,온미소치과의원,,,내원,,,,,,
10665,대구한의대한방병원,내원+출장,,내원,내원,내원,내원,내원,내원,
10666,한솔병원,내원,,,내원,내원,내원,,,
10667,열린중앙병원,내원,,,내원,내원,내원,,,
10668,행복한병원,내원,내원,,,,내원,내원,내원,
10669,화원연세병원,내원,,,내원,내원,내원,내원,내원,
10670,더퍼스트병원,내원,,,내원,내원,내원,내원,내원,
10671,우리허브병원,내원,내원,,내원,내원,내원,내원,내원,
10672,성요셉요양병원,내원,,,,,,,,
10673,해동소아청소년과의원,,내원,,,,,,,
10674,김상준내과의원,내원,,,내원,내원,내원,,,
10675,현풍연합내과의원,내원,,,내원,내원,내원,,,
10676,박소정산부인과의원,,,,,,,,내원,
10677,아이플러스소아청소년과의원,,내원,,,,,,,
10678,이지소아청소년과의원,,내원,,,,,,,
10679,다온연합소아청소년과의원,,내원,,,,,,,
10680,가톨릭소아청소년과의원,,내원,,,,,,,
10681,한사랑연합내과의원,내원,,,내원,내원,내원,내원,내원,
10682,명곡소아과의원,,내원,,,,,,,
10683,아이마음소아청소년과의원,,내원,,,,,,,
10684,윤가정의학과의원,,내원,,,,,,,
10685,서주내과의원,내원,,,내원,,내원,,,
10686,김지희내과의원,내원,,,내원,,내원,,,
10687,채연합내과의원,내원,,,내원,내원,내원,,,
10688,속사랑연합내과의원,내원,,,내원,내원,내원,내원,내원,
10689,달성내과의원,내원,,,내원,내원,내원,,,
10690,대곡속내과의원,내원,,,내원,내원,내원,내원,내원,
10691,죽곡내과의원,내원,,,내원,내원,내원,,,
10692,오즈연합소아청소년과의원,,내원,,,,,,,
10693,곰가족의원,,내원,,,,,,,
10694,김동인속내과의원,내원,,,내원,내원,내원,,,
10695,경대연합속내과의원,내원,,,내원,내원,내원,내원,내원,
10696,화원제일내과의원,내원,,,내원,,내원,,,
10697,에스장내과의원,내원,,,내원,내원,내원,,,
10698,삼성연합속내과의원,내원,,,내원,내원,내원,내원,내원,
10699,행복한소아청소년과의원,,내원,,,,,,,
10700,로즈맘산부인과의원,,내원,,,,,,내원,
10701,김앤박내과신경외과의원,내원,,,,,내원,,,
10702,작은별소아청소년과의원,,내원,,,,,,,
10703,햇님소아청소년과의원,,내원,,,,,,,
10704,구지연합내과의원,내원,,,,,내원,,,
10705,유가제일연합내과의원,내원,,,내원,내원,내원,,,
10706,서울속연합내과의원,내원,내원,,내원,내원,내원,,,
10707,장편한경대연합내과의원,내원,,,내원,내원,내원,,,
10708,옥포김내과의원,내원,,,내원,내원,내원,내원,내원,
10709,비슬아이세상연합의원,,내원,,,,,,,
10710,행복드림연합소아청소년과의원,,내원,,,,,,,
10711,속찬내과의원,내원,,,내원,내원,내원,,,
10712,김영철소아청소년과의원,,내원,,,,,,,
10713,옥포신세계연합의원,내원,내원,,내원,내원,내원,내원,내원,
10714,루나산부인과의원,,,,,,,,내원,
10715,스마일소아청소년과의원,,내원,,,,,,,
10716,이든연합소아청소년과의원,,내원,,,,,,,
10717,박용환치과의원,,,내원,,,,,,
10718,정연합치과의원,,,내원,,,,,,
10719,권진치과의원,,,내원,,,,,,
10720,화원치과의원,,,내원,,,,,,
10721,옥포치과의원,,,내원,,,,,,
10722,서원치과의원,,,내원,,,,,,
10723,서재연합치과의원,,,내원,,,,,,
10724,현풍행복을심는치과의원,,,내원,,,,,,
10725,포유삼성치과의원,,,내원,,,,,,
10726,미소를심는서울치과의원,,,내원,,,,,,
10727,하나부부치과의원,,,내원,,,,,,
10728,경대웰치과의원,,,내원,,,,,,
10729,부강치과의원,,,내원,,,,,,
10730,비타민치과의원,,,내원,,,,,,
10731,앞선치과의원,,,내원,,,,,,
10732,이퍼스트치과의원,,,내원,,,,,,
10733,중앙이치과의원,,,내원,,,,,,
10734,명곡행복을심는치과의원,,,내원,,,,,,
10735,예미담치과의원,,,내원,,,,,,
10736,대곡치과의원,,,내원,,,,,,
10737,다사굿모닝치과의원,,,내원,,,,,,
10738,삼성에스치과의원,,,내원,,,,,,
10739,더조은치과의원,,,내원,,,,,,
10740,이엔치과의원,,,내원,,,,,,
10741,다사행복을심는치과의원,,,내원,,,,,,
10742,이건치과의원,,,내원,,,,,,
10743,죽곡연합치과의원,,,내원,,,,,,
10744,예사랑치과의원,,,내원,,,,,,
10745,그랜드치과의원,,,내원,,,,,,
10746,현풍연합치과의원,,,내원,,,,,,
10747,이튼튼치과의원,,,내원,,,,,,
10748,참한이치과의원,,,내원,,,,,,
10749,미소심는치과의원,,,내원,,,,,,
10750,맥치과의원,,,내원,,,,,,
10751,현풍바른치과의원,,,내원,,,,,,
10752,내아이처럼치과의원,,,내원,,,,,,
10753,미소준치과의원,,,내원,,,,,,
10754,세천리더스치과의원,,,내원,,,,,,
10755,다니엘연합치과의원,,,내원,,,,,,
10756,현풍맥치과의원,,,내원,,,,,,
10757,현풍연합다담치과의원,,,내원,,,,,,
10758,에프엠치과의원,,,내원,,,,,,
10759,보배치과의원,,,내원,,,,,,
10760,유가수연합치과의원,,,내원,,,,,,
10761,구지탑치과의원,,,내원,,,,,,
10762,다빈치과의원,,,내원,,,,,,
10763,화원제이에스치과의원,,,내원,,,,,,
10764,나앤이연합치과의원,,,내원,,,,,,
10765,호호부부치과의원,,,내원,,,,,,
10766,으뜸치과의원,,,내원,,,,,,
10767,이룸연합치과의원,,,내원,,,,,,
10768,친절한홍치과의원,,,내원,,,,,,
10769,맑은물소리치과의원,,,내원,,,,,,
10770,따뜻안치과의원,,,내원,,,,,,
10771,서울위치과의원,,,내원,,,,,,
10772,달성치과의원,,,내원,,,,,,
10773,연세다온소아치과의원,,,내원,,,,,,
10774,설플란트치과의원,,,내원,,,,,,
10775,우리이웃치과의원,,,내원,,,,,,
10776,의료법인영암의료재단고령영생병원,내원,,,내원,내원,내원,,,
10777,고령백의원,내원,,,,,내원,,,
10778,장시원외과의원,내원,,,내원,내원,내원,,,
10779,하하정형외과의원,내원,,,,,,,,
10780,램브란트치과의원,,,내원,,,,,,
10781,하얀미소치과의원,,,내원,,,,,,
10782,다산우리치과의원,,,내원,,,,,,
10783,탑치과의원,,,내원,,,,,,
10784,다산플란트연합치과의원,,,내원,,,,,,
10785,고령군보건소,,내원,내원,,,,,,
10786,대구가톨릭대학교병원,내원,내원,내원,내원,내원,내원,내원,내원,
10787,영남대학교병원,내원+출장,,내원+출장,내원,내원,내원,내원,내원,
10788,드림종합병원,내원,,,내원,내원,내원,내원,내원,내원
10789,대구굿모닝병원,내원,,,,,내원,,,
10790,문성병원,내원,,,내원,내원,내원,내원,내원,
10791,통합의료진흥원전인병원,내원,,,내원,내원,내원,내원,내원,
10792,힘센병원,내원+출장,,,내원,내원+출장,내원,내원,내원,
10793,한영한마음아동병원,,내원,,,,,,,
10794,관문병원,내원,,,내원,내원,내원,,,
10795,명인소아청소년과의원,,내원,,,,,,,
10796,대구복십자의원,내원,,,,,,,,
10797,동산산부인과의원,,,,,,,,내원,
10798,대덕연합소아과의원,,내원,,,,,,,
10799,백내과의원,내원,,,내원,,내원,,,
10800,프라자의원,,내원,,,,,,,
10801,박정모내과의원,내원,,,내원,내원,내원,내원,내원,
10802,관문연합의원,내원,,,,,내원,,,
10803,제일내과의원,내원,,,내원,,내원,,,
10804,성도내과의원,내원,,,내원,,내원,,,
10805,석지혜산부인과의원,,,,,,,,내원,
10806,영남학문외과의원,내원,,,내원,내원,,,,
10807,배용철산부인과의원,,,,,,,,내원,
10808,앞산에서소아청소년과의원,,내원,,,,,,,
10809,그린연합내과의원,내원,,,내원,내원,,,내원,
10810,서부영남내과의원,내원,,,,,,,,
10811,삼성내과의원,내원,,,내원,내원,내원,내원,,
10812,효성연합의원,내원,내원,,내원,,내원,,,
10813,용연합내과의원,내원,,,내원,내원,내원,,,
10814,강남삼성내과의원,내원,,,내원,내원,내원,,,
10815,김준환속내과의원,내원,,,내원,내원,내원,,,
10816,한성연합내과의원,내원,,,내원,,,,,
10817,지구촌소아청소년과의원,,내원,,,,,,,
10818,경대연합의원,내원,내원,,내원,내원,내원,,,
10819,모겐내과의원,내원,,,,,내원,,,
10820,대구엔도내과의원,내원,,,,,내원,,,
10821,행복한유앤갑외과의원,,,,,,,내원,,
10822,깨끗한속내과의원,내원,,,내원,내원,내원,내원,내원,
10823,영남속연합내과의원,내원,,,내원,내원,내원,,,
10824,올바른정내과의원,내원,,,내원,내원,내원,,,
10825,김태년내과의원,내원,,,내원,내원,내원,,,
10826,김호각속내과의원,내원,,,내원,내원,내원,,,
10827,바른위앤장내과의원,내원,,,내원,내원,내원,내원,내원,
10828,몸편한내과신경과의원,내원,,,내원,내원,내원,내원,내원,
10829,이재용치과의원,,,내원,,,,,,
10830,박원구치과의원,,,내원,,,,,,
10831,성영주치과의원,,,내원,,,,,,
10832,굿모닝치과의원,,,내원,,,,,,
10833,이상훈치과의원,,,내원,,,,,,
10834,김정호치과의원,,,내원,,,,,,
10835,포유치과의원,,,내원,,,,,,
10836,제일치과의원,,,내원,,,,,,
10837,해피플란트치과의원,,,내원,,,,,,
10838,서부치과의원,,,내원,,,,,,
10839,김효정치과의원,,,내원,,,,,,
10840,교남부부치과의원,,,내원,,,,,,
10841,영광치과의원,,,내원,,,,,,
10842,토마스치과의원,,,내원,,,,,,
10843,예동M치과의원,,,내원,,,,,,
10844,현치과의원,,,내원,,,,,,
10845,대백연합치과의원,,,내원,,,,,,
10846,꿈을심는연합치과의원,,,내원,,,,,,
10847,남대구치과의원,,,내원,,,,,,
10848,다온치과의원,,,내원,,,,,,
10849,조은-e치과의원,,,내원,,,,,,
10850,태양연합치과의원,,,내원,,,,,,
10851,바른정치과의원,,,내원,,,,,,
10852,탑치과의원,,,내원,,,,,,
10853,쁘띠치과의원,,,내원,,,,,,
10854,중앙연합치과의원,,,내원,,,,,,
10855,성당탑치과의원,,,내원,,,,,,
10856,젊은이치과의원,,,내원,,,,,,
10857,대구숙면치과의원,,,내원,,,,,,
10858,소미치과의원,,,내원,,,,,,
10859,성당새로이치과의원,,,내원,,,,,,
10860,스마트치과의원서부점,,,내원,,,,,,
10861,서울웰플란트치과의원,,,내원,,,,,,
10862,대구가톨릭대학교칠곡가톨릭병원,내원+출장,,내원,내원,내원,내원,내원,내원,내원
10863,칠곡경북대학교병원,내원,,,내원,내원,내원,내원,내원,
10864,신세계병원,내원,내원,,내원,내원,내원,내원,내원,
10865,한성병원,내원+출장,,내원+출장,내원,내원,내원,내원,내원,
10866,로즈마리병원,내원,내원,,,,,내원,내원,
10867,의료법인백산의료재단K마디병원,내원,,,내원,내원,내원,,,
10868,대구삼선병원,내원+출장,,,내원+출장,내원+출장,내원,내원+출장,,
10869,대구보건대학교병원,내원,,,내원,내원,내원,내원,내원,
10870,의료법인강의료재단강병원,내원,,,,,,,,
10871,무지개아동병원,,내원,,,,,,,
10872,척척병원,내원,,,,,,,,
10873,대구병원,내원,,,,,,,,
10874,해피아이병원,,내원,,,,,,,
10875,대구시티병원,내원,,,내원,내원,내원,내원,,
10876,의료법인효민의료재단큰사랑병원,내원,,,,,,,,
10877,의료법인대구의료재단케이병원,내원,,,내원,내원,내원,내원,내원,
10878,우리아이아동병원,,내원,,,,,,,
10879,첨단요양병원,내원,,,,,,,,
10880,의료법인배성의료재단배성병원,내원,,,내원,,내원,,,
10881,M병원,내원+출장,,,내원,내원+출장,내원+출장,,,
10882,녹십자연합의원,내원,,,,,내원,,내원,
10883,김제형내과의원,내원,,,내원,내원,내원,,내원,
10884,한국건강관리협회건강증진의원,내원+출장,,,내원,내원+출장,내원,내원,내원,
10885,김종서내과의원,내원,,,내원,,내원,,,
10886,늘푸른의원,,내원,,,,,,,
10887,신수현소아청소년과의원,,내원,,,,,,,
10888,영남속시원내과의원,내원,,,내원,내원,내원,,,
10889,이승철내과의원,내원,,,내원,내원,내원,내원,,
10890,서혜상내과의원,내원,,,,,내원,,,
10891,칠곡대신의원,내원,,,,,,,,
10892,장시원속시원내과의원,내원,,,내원,,내원,,,
10893,고원섭내과의원,내원,,,,,내원,,,
10894,성심연합의원,,,,,,,,내원,
10895,경대연합내과의원,내원,,,내원,내원,내원,내원,내원,
10896,선우속시원내과의원,내원,,,내원,내원,내원,내원,내원,
10897,새동산산부인과의원,,,,,,,,내원,
10898,전석구내과의원,내원,,,내원,,내원,,,
10899,정우연합외과의원,내원,,,내원,내원,내원,,,
10900,김동억소아청소년과의원,,내원,,,,,,,
10901,김하식외과의원,내원,,,,,,,내원,
10902,이원기연합내과의원,내원,,,내원,내원,내원,내원,내원,
10903,복현연합내과의원,내원,,,내원,내원,내원,내원,내원,
10904,김연합의원,,내원,,,,,,,
10905,제일내과의원,내원,,,,,,,,
10906,전내과의원,내원,,,내원,내원,내원,,,
10907,별소아청소년과의원,,내원,,,,,,,
10908,이윤채통합의원,,내원,,,,,,,
10909,성지가정의학과의원,내원,,,,,내원,,내원,
10910,행복한산부인과의원,,,,,,,,내원,
10911,기세길내과의원,내원,,,내원,내원,내원,,,
10912,고은연합소아청소년과의원,,내원,,,,,,,
10913,새소망내과의원,내원,내원,,내원,내원,내원,내원,내원,
10914,이종현내과의원,내원,,,내원,,,,,
10915,이춘희산부인과의원,,,,,,,,내원,
10916,장원내과의원,내원,,,내원,내원,내원,,,
10917,강북연합내과의원,내원,내원,,내원,,내원,,,
10918,이재춘내과의원,내원,,,내원,내원,내원,,,
10919,제일연합정형외과의원,,내원,,,,,,,
10920,속시원내과방사선과의원,내원,,,내원,내원,내원,내원,,
10921,전경숙산부인과의원,,,,,,,,내원,
10922,예일산부인과여성의원,,,,,,,,내원,
10923,튼튼소아과의원,,내원,,,,,,,
10924,행복한내과의원,내원,,,내원,내원,내원,내원,내원,
10925,서정소아과의원,,내원,,,,,,,
10926,선내과의원,내원,,,,,내원,,,
10927,임연수소아과의원,,내원,,,,,,,
10928,침산제일내과의원,내원,,,,,,,,
10929,건강한내과와튼튼한소아청소년과의원,,내원,,,,,,,
10930,에스본정형외과의원,내원,,,내원,내원,내원,내원,내원,
10931,예사랑소아청소년과의원,,내원,,,,,,,
10932,정다운산부인과의원,,,,,,,,내원,
10933,경희산부인과의원,,,,,,,,내원,
10934,서현지소아청소년과의원,,내원,,,,,,,
10935,섬기는내과의원,내원,,,내원,내원,내원,,,
10936,프라임산부인과의원,,,,,,,내원,내원,
10937,신세계의원,,내원,,,,,,,
10938,김종철내과의원,내원,,,내원,내원,내원,,,
10939,윤정수연합내과의원,내원,,,내원,내원,내원,,,
10940,킴스건강내과외과의원,내원,,,내원,내원,내원,내원,내원,
10941,봄빛연합소아청소년과의원,,내원,,,,,,,
10942,클린속내과의원,내원,,,내원,내원,내원,내원,내원,
10943,꿈나무연합소아청소년과의원,,내원,,,,,,,
10944,성신연합의원,내원,,,내원,내원,내원,,,
10945,동영연합의원,내원,,,,,,,,
10946,김숙현산부인과의원,,,,,,,,내원,
10947,미래연합속내과의원,내원,,,내원,내원,내원,내원,,
10948,호성연합의원,내원,,,내원,내원,내원,,,
10949,이편한속내과의원,내원,,,내원,내원,내원,,내원,
10950,가톨릭건강의원,내원,,,내원,내원,내원,,,
10951,예원소아청소년과의원,,내원,,,,,,,
10952,미즈웰산부인과의원,,,,,,,,내원,
10953,상쾌한이비인후과의원,,내원,,,,,,,
10954,김무곤초심내과의원,내원,,,내원,,내원,,,
10955,경대속연합의원,내원,,,내원,내원,내원,,,
10956,신내과의원,내원,,,내원,내원,내원,,,
10957,맘스맘연합소아청소년과의원,,내원,,,,,,,
10958,우리연합내과의원,내원,,,내원,내원,내원,,,
10959,365늘속편한내과의원,내원,,,내원,내원,내원,,,
10960,바른속내과의원,내원,,,내원,내원,내원,,,
10961,중앙연합정형외과가정의학과의원,내원,내원,,,,,,,
10962,강남연합정형외과의원,내원,,,,,,,,
10963,드림이비인후과의원,,내원,,,,,,,
10964,늘편한속연합내과의원,내원,,,내원,내원,내원,내원,,
10965,경대속사랑내과의원,내원,,,내원,내원,내원,,,
10966,새별소아청소년과의원,,내원,,,,,,,
10967,칠곡속내과의원,내원,,,내원,내원,내원,,,
10968,든든한배연합내과의원,내원,,,내원,내원,내원,내원,내원,
10969,삼성바른내과의원,내원,,,내원,내원,내원,내원,,
10970,꿈키우다소아청소년과봄이비인후과연합의원,,내원,,,,,,,
10971,연경바른내과의원,내원,,,내원,내원,내원,,,
10972,현대연합의원,내원,,,,,,,,
10973,복현베스트내과의원,내원,,,내원,내원,내원,내원,내원,
10974,마리엘산부인과의원,,,,,,,,내원,
10975,대구탑내과의원,내원,,,내원,내원,내원,내원,내원,
10976,서울다나운내과의원,내원,,,내원,내원,내원,내원,내원,
10977,건강한연합소아청소년과의원,,내원,,,,,,,
10978,아라소아청소년과의원,,내원,,,,,,,
10979,침산경대연합내과의원,내원,,,내원,내원,내원,내원,내원,
10980,큰사랑치과의원,,,내원,,,,,,
10981,김우현치과의원,,,내원,,,,,,
10982,파티마프렌즈치과의원,,,내원,,,,,,
10983,한민행복을심는치과의원,,,내원,,,,,,
10984,문진치과의원,,,내원,,,,,,
10985,연합치과의원,,,내원,,,,,,
10986,류경치과의원,,,내원,,,,,,
10987,이-편한치과의원,,,내원,,,,,,
10988,만평치과의원,,,내원,,,,,,
10989,복현이튼연합치과의원,,,내원,,,,,,
10990,엠치과의원,,,내원,,,,,,
10991,김동응치과의원,,,내원,,,,,,
10992,행복을심는강치과의원,,,내원,,,,,,
10993,유정균치과의원,,,내원,,,,,,
10994,산격치과의원,,,내원,,,,,,
10995,진선치과의원,,,내원,,,,,,
10996,김진홍치과의원,,,내원,,,,,,
10997,침산아름다운치과의원,,,내원,,,,,,
10998,고운이치과의원,,,내원,,,,,,
10999,강북행복을심는치과의원,,,내원,,,,,,
11000,하유선치과의원,,,내원,,,,,,
11001,고은치과의원,,,내원,,,,,,
11002,흰돌치과의원,,,내원,,,,,,
11003,칠곡현대치과의원,,,내원,,,,,,
11004,진석호치과의원,,,내원,,,,,,
11005,김시형더좋은치과의원,,,내원,,,,,,
11006,최희동치과의원,,,내원,,,,,,
11007,크리스마스치과의원,,,내원,,,,,,
11008,칠곡한빛치과의원,,,내원,,,,,,
11009,다정한치과의원,,,내원,,,,,,
11010,해바라기치과의원,,,내원,,,,,,
11011,침산동아치과의원,,,내원,,,,,,
11012,라온치과의원,,,내원,,,,,,
11013,김민정치과의원,,,내원,,,,,,
11014,신세계경치과의원,,,내원,,,,,,
11015,복현라온치과의원,,,내원,,,,,,
11016,강북리더스치과의원,,,내원,,,,,,
11017,복현아름다운치과의원,,,내원,,,,,,
11018,칠곡명인치과의원,,,내원,,,,,,
11019,세란치과의원,,,내원,,,,,,
11020,탑연합치과의원,,,내원,,,,,,
11021,미드미치과의원,,,내원,,,,,,
11022,연합수치과의원,,,내원,,,,,,
11023,부경에스치과의원,,,내원,,,,,,
11024,하나치과의원,,,내원,,,,,,
11025,행복한e-치과의원,,,내원,,,,,,
11026,칠곡하얀림치과의원,,,내원,,,,,,
11027,이앤아이치과의원,,,내원,,,,,,
11028,미소핀치과의원,,,내원,,,,,,
11029,한국건강관리협회건강증진치과의원,,,내원+출장,,,,,,
11030,올리브치과의원,,,내원,,,,,,
11031,아이샘치과의원,,,내원,,,,,,
11032,김태완아이봄치과의원,,,내원,,,,,,
11033,미소가득한치과의원,,,내원,,,,,,
11034,칠곡맥치과의원,,,내원,,,,,,
11035,에프엠치과의원,,,내원,,,,,,
11036,다봄치과의원,,,내원,,,,,,
11037,황부부치과의원,,,내원,,,,,,
11038,이앤이치과의원,,,내원,,,,,,
11039,메트로치과의원,,,내원,,,,,,
11040,라이프치과의원,,,내원,,,,,,
11041,홍인치과의원,,,내원,,,,,,
11042,예사랑치과의원,,,내원,,,,,,
11043,예아름치과의원,,,내원,,,,,,
11044,하늘치과의원,,,내원,,,,,,
11045,스토리치과의원,,,내원,,,,,,
11046,더원플란트치과의원,,,내원,,,,,,
11047,이메디치과의원,,,내원,,,,,,
11048,홍S치과의원,,,내원,,,,,,
11049,불꽃치과의원강북점,,,내원,,,,,,
11050,고마운치과의원,,,내원,,,,,,
11051,칠곡리더스치과의원,,,내원,,,,,,
11052,예스치과의원,,,내원,,,,,,
11053,베스트인치과의원,,,내원,,,,,,
11054,복현순치과의원,,,내원,,,,,,
11055,오페라치과의원,,,내원,,,,,,
11056,다니엘치과의원,,,내원,,,,,,
11057,김앤박치과의원,,,내원,,,,,,
11058,나비치과의원,,,내원,,,,,,
11059,기쁨큰치과의원,,,내원,,,,,,
11060,다바른치과의원,,,내원,,,,,,
11061,하얀미소치과의원,,,내원,,,,,,
11062,지음치과의원,,,내원,,,,,,
11063,침산이튼튼치과의원,,,내원,,,,,,
11064,연경에스치과의원,,,내원,,,,,,
11065,서울림치과의원,,,내원,,,,,,
11066,이클린치과의원,,,내원,,,,,,
11067,원대탑치과의원,,,내원,,,,,,
11068,강북예스치과의원,,,내원,,,,,,
11069,리브원치과의원,,,내원,,,,,,
11070,봄날에치과의원,,,내원,,,,,,
11071,올디플란트치과의원,,,내원,,,,,,
11072,도남연세치과의원,,,내원,,,,,,
11073,바로치과의원,,,내원,,,,,,
11074,바른우리치과의원,,,내원,,,,,,
11075,바른손치과의원,,,내원,,,,,,
11076,굿플랜치과의원,,,내원,,,,,,
11077,서변다온치과의원,,,내원,,,,,,
11078,하이웰치과의원,,,내원,,,,,,
11079,대구365치과의원,,,내원,,,,,,
11080,(재)미리내천주성삼성직수도회천주성삼병원,내원,,,내원,내원,내원,내원,내원,
11081,의료법인해정의료재단더좋은병원,내원,,,,내원,,,,
11082,동인외과병원,내원,,,내원,내원,내원,내원,,
11083,여성메디파크병원,내원,내원,,내원,내원,내원,내원,내원,
11084,의료법인경동의료재단효성병원,내원,내원,,내원,내원,내원,내원,내원,
11085,수성아동병원,,내원,,,,,,,
11086,올곧은병원,내원,,,,,,,,
11087,W여성병원,,내원,,,,,내원,내원,
11088,파티마여성병원,내원,내원,,,,,내원,내원,
11089,행복한에이치(H)병원,내원,,,내원,내원,내원,내원,,
11090,의료법인정목의료재단한패밀리요양병원,내원,,,,,내원,,,
11091,김신요양병원,내원,,,,,,,,
11092,의료법인한성재단동아메디병원,내원,,,내원,내원,내원,내원,내원,
11093,은종대소아과의원,,내원,,,,,,,
11094,혜인소아청소년과의원,,내원,,,,,,,
11095,시지연합소아청소년과의원,,내원,,,,,,,
11096,신소아청소년과의원,,내원,,,,,,,
11097,21세기연합소아과의원,,내원,,,,,,,
11098,조준찬내과의원,내원,,,내원,내원,내원,내원,내원,
11099,배내과의원,내원,,,내원,,내원,,,
11100,우리소아청소년과의원,,내원,,,,,,,
11101,이원식내과의원,내원,,,내원,,내원,,,
11102,권오종내과의원,내원,,,내원,내원,내원,,,
11103,주은희산부인과의원,,,,,,,,내원,
11104,시지합동내과의원,내원,,,내원,내원,내원,,,
11105,박현내과의원,내원,,,내원,,내원,,,
11106,성심내과의원,내원,,,,,내원,,,
11107,황종문소아청소년과의원,,내원,,,,,,,
11108,유스외과의원,내원,,,,,,,,
11109,김광원내과의원,내원,,,내원,내원,내원,,,
11110,송소현산부인과의원,,,,,,,,내원,
11111,수성내과의원,내원,,,,,내원,,,
11112,김수동내과의원,내원,,,,,내원,,,
11113,정연주산부인과의원,,,,,,,,내원,
11114,박찬연합의원,내원,,,내원,내원,내원,,,
11115,알파연합내과의원,내원,,,내원,내원,내원,,,
11116,고은소아청소년과의원,,내원,,,,,,,
11117,해고은소아청소년과의원,,내원,,,,,,,
11118,구명숙산부인과의원,,,,,,,,내원,
11119,플로라여성의원,,,,,,,,내원,
11120,준내과의원,내원,,,내원,,내원,,,
11121,동산연합내과의원,내원,내원,,내원,내원,내원,,,
11122,대구학문외과의원,내원,,,,내원,,,,
11123,케이(k)연합내과의원,내원,,,내원,내원,내원,,,
11124,우리아이소아과의원,,내원,,,,,,,
11125,상동내과의원,내원,,,,,,,,
11126,만촌에스의원,내원,내원,,,,,,,
11127,닥터해빗김미정소아청소년과의원,,내원,,,,,,,
11128,이일세내과의원,내원,,,내원,내원,내원,,,
11129,한빛성내과의원,내원,,,내원,,,,,
11130,시지미래내과의원,내원,,,,,,,,
11131,고은산부인과의원,,,,,,,,내원,
11132,세민내과의원,내원,내원,,,,,,,
11133,하연옥산부인과의원,,,,,,,,내원,
11134,이상엽내과의원,내원,,,내원,,내원,,,
11135,장쾌한내과의원,내원,,,내원,내원,내원,,,
11136,대경영상의학과의원,내원,,,내원,내원,내원,내원,내원,
11137,시지종합내과의원,내원,,,,,내원,,,
11138,장보고연합내과의원,내원,,,내원,내원,내원,내원,내원,
11139,대학산부인과의원,,,,,,,,내원,
11140,수성엠케이의원,,내원,,,,,,,
11141,안심내과의원,내원,,,내원,내원,내원,내원,내원,
11142,박수미산부인과의원,,,,,,,,내원,
11143,시지권내과의원,내원,,,내원,내원,내원,,,
11144,21세기내과의원,내원,,,내원,내원,내원,내원,,
11145,범어아이사랑소아청소년과의원,,내원,,,,,,,
11146,강미정연합내과의원,내원+출장,,,내원,내원,내원,내원,내원,
11147,백제내과의원,내원,,,내원,내원,내원,,,
11148,열린곽내과의원,내원,,,,,내원,,,
11149,권수현산부인과의원,,,,,,,,내원,
11150,김성림산부인과의원,,,,,,,,내원,
11151,현대기독의원,내원,,,내원,내원,내원,내원,,
11152,속보는내과의원,내원,,,내원,내원,내원,,,
11153,대구송도외과의원,내원,,,내원,내원,내원,,내원,
11154,푸른연합소아청소년과의원,,내원,,,,,,,
11155,속편한내과의원,내원,,,내원,내원,내원,내원,,
11156,신세계연합의원,내원,,,,,내원,,,
11157,경대연합의원,내원,내원,,,,,,,
11158,시지속내과의원,내원,,,내원,내원,내원,,,
11159,파동신세계연합의원,내원,내원,,,,내원,,내원,
11160,퀸스유외과의원,,,,,,,내원,,
11161,이은지마리산부인과의원,,,,,,,,내원,
11162,두산내과의원,내원,,,내원,,,,,
11163,더블유외과의원,,,,,,,내원,,
11164,명장내과의원,내원,,,내원,내원,내원,,,
11165,시지봄연합소아청소년과의원,,내원,,,,,,,
11166,고민정산부인과의원,,,,,,,,내원,
11167,속엔사랑연합내과의원,내원,,,내원,내원,내원,내원,내원,
11168,장편한제일연합의원,내원,,,내원,내원,내원,,,
11169,청춘내과의원,내원,,,내원,내원,내원,내원,,
11170,선한내과연합의원,내원,,,내원,내원,내원,내원,내원,
11171,제니스연합내과의원,내원,,,내원,내원,내원,내원,내원,
11172,경북연합외과의원,내원,,,,,,,,
11173,한빛종합내과의원,내원,,,내원,내원,내원,,,
11174,정지영산부인과의원,,,,,,,,내원,
11175,아름다운속내과의원,내원,,,내원,내원,내원,,,
11176,경대연합외과의원,내원,,,내원,내원,,내원,,
11177,건강드림내과의원,내원,,,내원,내원,내원,내원,,
11178,수성H연합내과의원,내원,,,내원,내원,내원,,,
11179,상쾌한속내과의원,내원,,,내원,내원,내원,,,
11180,유앤장내과의원,내원,,,내원,내원,내원,,,
11181,황금소아청소년과의원,,내원,,,,,,,
11182,참인내과의원,내원,,,내원,내원,내원,,,
11183,황금내과의원,내원,,,,,,,,
11184,수성애플소아청소년과의원,,내원,,,,,,,
11185,대구르네여성의원,,,,,,,내원,내원,
11186,에스신경외과의원,내원,,,내원,내원,내원,,,
11187,범물경대연합내과의원,내원,,,내원,내원,내원,내원,내원,
11188,이리라산부인과의원,,,,,,,,내원,
11189,권정희제이여성의원,,,,,,,,내원,
11190,아영산부인과의원,,,,,,,,내원,
11191,경대숨앤속내과의원,내원,,,내원,내원,내원,,내원,
11192,황금속내과의원,내원,,,내원,내원,내원,내원,내원,
11193,중앙기업의원,내원+출장,,내원+출장,,,,,,
11194,김윤정소아청소년과의원,,내원,,,,,,,
11195,범어아이자람소아청소년과의원,,내원,,,,,,,
11196,경대연합김봉수속내과의원,내원,,,내원,내원,내원,,,
11197,류성열내과의원,내원,,,,,,,,
11198,바른속내과의원,내원,,,내원,내원,내원,,,
11199,범어연합내과의원,내원,,,,,내원,,,
11200,경대아이키움소아청소년과의원,,내원,,,,,,,
11201,제이에스소아청소년과의원,,내원,,,,,,,
11202,365경대연합내과의원,내원,,,내원,내원,내원,내원,내원,
11203,강한아이소아청소년과의원,,내원,,,,,,,
11204,다올연합의원,내원,,,내원,내원,내원,내원,내원,
11205,서울아산내과의원,내원,,,내원,내원,내원,내원,내원,
11206,나이스정형외과의원,내원,,,,,,,,
11207,큰숲내과의원,내원,,,내원,내원,내원,,내원,
11208,잘보는속내과의원,내원,,,내원,내원,내원,,내원,
11209,센트럴위앤장연합의원,내원,,,내원,내원,내원,내원,내원,
11210,경대하트연합내과의원,내원,,,내원,내원,내원,내원,내원,
11211,더봄연합내과의원,내원,,,내원,내원,내원,내원,내원,
11212,연세이상미내과의원,내원,,,,,내원,,,
11213,메트로속내과의원,내원,,,내원,내원,내원,내원,내원,
11214,미앤유외과의원,,,,,,,내원,,
11215,수성속내과의원,내원,,,내원,내원,내원,,내원,
11216,365광장속내과의원,내원,,,내원,내원,내원,내원,내원,
11217,만촌으뜸속내과의원,내원,,,내원,내원,내원,,,
11218,수성코끼리소아청소년과의원,,내원,,,,,,,
11219,만촌숲속에내과정신건강의학과의원,내원,,,내원,내원,내원,내원,내원,
11220,서울아산속내과의원,내원,,,내원,내원,내원,내원,내원,
11221,최보금소아청소년과의원,,내원,,,,,,,
11222,에스와이엔도내과의원,내원,,,,,내원,,,
11223,더봄유외과의원,,,,,,,내원,,
11224,맘인클소아청소년과의원,,내원,,,,,,,
11225,사월속편한연합의원,내원,,,내원,내원,내원,내원,내원,
11226,오성치과병원,,,내원,,,,,,
11227,윌치과병원,,,내원,,,,,,
11228,시지에프엠치과병원,,,내원+출장,,,,,,
11229,라온치과병원,,,내원+출장,,,,,,
11230,남치과의원,,,내원,,,,,,
11231,한민치과의원,,,내원,,,,,,
11232,범어송치과의원,,,내원,,,,,,
11233,세경치과의원,,,내원,,,,,,
11234,이병훈치과의원,,,내원,,,,,,
11235,경림치과의원,,,내원,,,,,,
11236,범물연세치과의원,,,내원,,,,,,
11237,수성김앤김치과의원,,,내원,,,,,,
11238,이사랑연합치과의원,,,내원,,,,,,
11239,황금치과의원,,,내원,,,,,,
11240,박성배치과의원,,,내원,,,,,,
11241,지산치과의원,,,내원+출장,,,,,,
11242,정유경치과의원,,,내원,,,,,,
11243,동산치과의원,,,내원,,,,,,
11244,상원연합치과의원,,,내원,,,,,,
11245,홍락원치과의원,,,내원,,,,,,
11246,어진치과의원,,,내원,,,,,,
11247,문선혜연합치과의원,,,내원,,,,,,
11248,손성배치과의원,,,내원,,,,,,
11249,파동부부치과의원,,,내원,,,,,,
11250,서창우치과의원,,,내원,,,,,,
11251,최미치과의원,,,내원,,,,,,
11252,보람치과의원,,,내원,,,,,,
11253,한마음치과의원,,,내원,,,,,,
11254,리본치과의원,,,내원,,,,,,
11255,미플러스치과의원,,,내원,,,,,,
11256,행복한치과의원,,,내원,,,,,,
11257,뉴톤치과의원,,,내원,,,,,,
11258,사과나무치과의원,,,내원,,,,,,
11259,동재치과의원,,,내원,,,,,,
11260,우정치과의원,,,내원,,,,,,
11261,킴스치과의원,,,내원,,,,,,
11262,민들레치과의원,,,내원,,,,,,
11263,준앤은치과의원,,,내원,,,,,,
11264,사랑을심는치과의원,,,내원,,,,,,
11265,남부연세치과의원,,,내원,,,,,,
11266,인앤인치과의원,,,내원,,,,,,
11267,예스치과의원,,,내원,,,,,,
11268,장원연합치과의원,,,내원,,,,,,
11269,늘사랑치과의원,,,내원,,,,,,
11270,수성한빛치과의원,,,내원,,,,,,
11271,명원연합치과의원,,,내원,,,,,,
11272,현대연합치과의원,,,내원,,,,,,
11273,서울미치과의원,,,내원,,,,,,
11274,이수경치과의원,,,내원,,,,,,
11275,두산박치과의원,,,내원,,,,,,
11276,김앤구치과의원,,,내원,,,,,,
11277,미아름다운치과의원,,,내원,,,,,,
11278,수성연합치과의원,,,내원+출장,,,,,,
11279,소중한이치과의원,,,내원,,,,,,
11280,청아연합치과의원,,,내원,,,,,,
11281,명성치과의원,,,내원,,,,,,
11282,아이큰숲치과의원,,,내원,,,,,,
11283,매일웃는치과의원,,,내원,,,,,,
11284,황금미치과의원,,,내원,,,,,,
11285,미소인치과의원,,,내원,,,,,,
11286,이28연합치과의원,,,내원,,,,,,
11287,굿티스치과의원,,,내원,,,,,,
11288,서울프라임치과의원,,,내원,,,,,,
11289,예부부치과의원,,,내원,,,,,,
11290,시지퍼스트치과의원,,,내원,,,,,,
11291,조성영치과의원,,,내원,,,,,,
11292,시지엔(N)연합치과의원,,,내원,,,,,,
11293,수성봄치과의원,,,내원,,,,,,
11294,서울더블유치과의원,,,내원,,,,,,
11295,위브치과의원,,,내원,,,,,,
11296,삼성연합치과의원,,,내원,,,,,,
11297,하이치과의원,,,내원,,,,,,
11298,엠치과의원(시지점),,,내원,,,,,,
11299,지산리더스치과의원,,,내원,,,,,,
11300,에녹치과의원,,,내원,,,,,,
11301,늘품치과의원,,,내원,,,,,,
11302,엠제이연합치과의원,,,내원,,,,,,
11303,더플란트치과의원,,,내원,,,,,,
11304,예쁜치아만들기치과의원,,,내원,,,,,,
11305,명동에스치과의원,,,내원,,,,,,
11306,시지예미송키즈치과의원,,,내원,,,,,,
11307,밝은미소치과의원,,,내원,,,,,,
11308,닥터박치과의원,,,내원,,,,,,
11309,차오른치과의원,,,내원,,,,,,
11310,토마토치과의원,,,내원,,,,,,
11311,수성아트라인치과의원,,,내원,,,,,,
11312,시지탑치과의원,,,내원,,,,,,
11313,범물샘치과의원,,,내원,,,,,,
11314,맥치과의원,,,내원,,,,,,
11315,율치과의원,,,내원,,,,,,
11316,닥터권치과의원,,,내원,,,,,,
11317,미소온치과의원,,,내원,,,,,,
11318,한겨레치과의원,,,내원,,,,,,
11319,수성아이치과의원,,,내원,,,,,,
11320,에이엠치과의원,,,내원,,,,,,
11321,수성웰치과의원,,,내원,,,,,,
11322,알파탑치과의원,,,내원,,,,,,
11323,서울범어치과교정과치과의원,,,내원,,,,,,
11324,서울탑플란트치과의원,,,내원,,,,,,
11325,라이크치과의원,,,내원,,,,,,
11326,수성아이비치과의원,,,내원,,,,,,
11327,수성아담치과의원,,,내원,,,,,,
11328,명치과의원,,,내원,,,,,,
11329,나유치과의원,,,내원,,,,,,
11330,시지튼튼치과보철과치과의원,,,내원,,,,,,
11331,미루나무치과의원,,,내원,,,,,,
11332,시지바름플란트치과의원,,,내원,,,,,,
11333,이잘하는치과의원,,,내원,,,,,,
11334,이스타치과의원,,,내원,,,,,,
11335,시지구강내과치과의원,,,내원,,,,,,
11336,브이플란트치과의원,,,내원,,,,,,
11337,닥터손치과보철과의원,,,내원,,,,,,
11338,수성뉴플란트치과의원,,,내원,,,,,,
11339,더엠디치주과치과의원,,,내원,,,,,,
11340,수성세이브치과의원,,,내원,,,,,,
11341,수성드림치과의원,,,내원,,,,,,
11342,범어도담치과의원,,,내원,,,,,,
11343,범어5층치과의원,,,내원,,,,,,
11344,마카온치과의원,,,내원,,,,,,
11345,서울동행치과의원,,,내원,,,,,,
11346,경상북도포항의료원,내원,내원,내원,내원,내원,내원,내원,내원,내원
11347,의료법인은성의료재단좋은선린병원,내원+출장,내원,내원+출장,내원,내원,내원,내원,내원,내원
11348,의료법인현암의료재단포항우리병원,내원,,,,,,,,
11349,여성아이병원,내원,내원,,내원,내원,내원,내원,내원,
11350,의료법인삼정의료재단포항여성병원,내원,내원,,내원,내원,내원,내원,내원,
11351,의료법인구암의료재단시티병원,내원+출장,,,내원,내원+출장,내원,내원,내원,
11352,상쾌한항구병원,내원,,,내원,내원,내원,,,
11353,하상호산부인과의원,,,,,,,,내원,
11354,ABC김광우소아청소년과의원,,내원,,,,,,,
11355,신세계연합의원,내원,,,,,내원,,,
11356,고내과의원,내원,,,내원,,내원,,,
11357,김원근내과의원,내원,,,내원,,내원,,,
11358,송재경산부인과의원,,,,,,,,내원,
11359,제니스여성의원,,,,,,,,내원,
11360,꿈의의원,내원,,,내원,,내원,,,
11361,장유송영상의학과의원,내원,,,내원,내원,내원,,,
11362,김양식내과의원,내원,,,내원,내원,내원,,,
11363,메디컬닥터스유웰여성의원,,,,,,,내원,내원,
11364,중앙의원,내원+출장,,,내원,내원,내원,내원,내원,
11365,황석순내과의원,내원,,,내원,내원,내원,,,
11366,경대연합내과의원,내원,,,내원,내원,내원,,내원,
11367,성모내과의원,내원,,,내원,내원,내원,,,
11368,권영무의원,내원,,,내원,,내원,,,
11369,이동철내과의원,내원,,,내원,,내원,,,
11370,신영호내과의원,내원,,,내원,,내원,,,
11371,우리들연합정형외과의원,내원,,,,,,,,
11372,스마트가정의학과의원,,내원,,,,,,,
11373,속편한내과의원,내원,,,내원,내원,내원,,,
11374,애플소아과의원,,내원,,,,,,,
11375,삼도선린의원,,내원,,,,,,,
11376,김앤이유외과의원,,,,,,,내원,,
11377,곽의원,내원,,,,,,,,
11378,연합소아청소년과의원,,내원,,,,,,,
11379,장성연합의원,내원,,,,,,,,
11380,두호우리연합의원,내원,,,내원,내원,내원,,,
11381,수성S여성의원,,,,,,,,내원,
11382,포항편한내과의원,내원,,,내원,내원,내원,,,
11383,당신내과의원,내원,,,,,,,,
11384,메디컬닥터스속시원내과의원,내원,,,내원,내원,내원,,,
11385,경대속좋은내과의원,내원,,,내원,내원,내원,,,
11386,속튼튼내과의원,내원,,,내원,내원,내원,,,
11387,도담지소아청소년과의원,,내원,,,,,,,
11388,장성성모의원,내원,,,,,내원,,,
11389,늘속편한내과의원,내원,,,내원,내원,내원,,,
11390,최선택연합속내과의원,내원,,,내원,내원,내원,내원,내원,
11391,더조은내과의원,내원,,,내원,내원,내원,,,
11392,서인애소아청소년과의원,,내원,,,,,,,
11393,등가정의학과의원,내원,,,,,,,,
11394,바른연합내과의원,내원,,,내원,내원,내원,,,
11395,아이맘소아청소년과의원,,내원,,,,,,,
11396,포항속내과의원,내원,,,내원,내원,내원,,,
11397,양학우리내과의원,내원,,,내원,내원,내원,,,
11398,채움의원,내원,,,,,,,,
11399,포항본365의원,내원,,,내원,내원,내원,내원,내원,
11400,푸른가정의학과의원,내원,,,,,내원,,,
11401,크로스메디컬의원,내원,,,,,,,,
11402,치유메디컬의원,내원,,,내원,내원,내원,내원,내원,
11403,미르치과병원,,,내원,,,,,,
11404,흥해치과의원,,,내원,,,,,,
11405,동부치과의원,,,내원,,,,,,
11406,이조은치과의원,,,내원,,,,,,
11407,이동준치과의원,,,내원,,,,,,
11408,김성윤치과의원,,,내원,,,,,,
11409,타임치과의원,,,내원,,,,,,
11410,아름다운치과의원,,,내원,,,,,,
11411,서병삼치과의원,,,내원,,,,,,
11412,제니스치과의원,,,내원,,,,,,
11413,명진치과의원,,,내원,,,,,,
11414,위더스치과의원,,,내원,,,,,,
11415,청십자치과의원,,,내원,,,,,,
11416,삼성탑치과의원,,,내원,,,,,,
11417,21세기치과의원,,,내원,,,,,,
11418,한마음치과의원,,,내원,,,,,,
11419,해피스마일치과의원,,,내원,,,,,,
11420,양덕오치과의원,,,내원,,,,,,
11421,좋은하루치과의원,,,내원,,,,,,
11422,고른이기쁨의치과의원,,,내원,,,,,,
11423,양덕드림연합치과의원,,,내원,,,,,,
11424,양덕부부치과의원,,,내원,,,,,,
11425,스카이플란트치과의원,,,내원,,,,,,
11426,리앤박치과의원,,,내원,,,,,,
11427,미소인치과의원,,,내원,,,,,,
11428,요하네스치과의원,,,내원,,,,,,
11429,미소담은치과의원,,,내원,,,,,,
11430,제니스원치과의원,,,내원,,,,,,
11431,예스치과의원,,,내원,,,,,,
11432,서울굿모닝치과의원,,,내원,,,,,,
11433,키즈앤패밀리치과의원,,,내원,,,,,,
11434,포도나무치과의원,,,내원+출장,,,,,,
11435,아로치과의원,,,내원,,,,,,
11436,올바른치과의원,,,내원,,,,,,
11437,애플치과의원,,,내원,,,,,,
11438,연세이로운치과의원,,,내원,,,,,,
11439,우리들치과의원,,,내원,,,,,,
11440,라인치과의원,,,내원,,,,,,
11441,우리가족치과의원,,,내원,,,,,,
11442,더원치과의원,,,내원,,,,,,
11443,초곡송치과의원,,,내원,,,,,,
11444,좋은이웃치과의원,,,내원,,,,,,
11445,서울제이플란트치과의원,,,내원,,,,,,
11446,허민수치과의원,,,내원,,,,,,
11447,연세신치과의원,,,내원,,,,,,
11448,열린이사랑치과의원,,,내원,,,,,,
11449,알파키즈치과의원,,,내원,,,,,,
11450,안윤성치과의원,,,내원,,,,,,
11451,하이진치과의원,,,내원,,,,,,
11452,청담에이치치과의원,,,내원,,,,,,
11453,하얀e치과의원,,,내원,,,,,,
11454,바른윤치과의원,,,내원,,,,,,
11455,행복한치과의원,,,내원,,,,,,
11456,동국대학교의과대학경주병원,내원+출장,,내원+출장,내원,내원+출장,내원,내원,내원,내원
11457,현대병원,내원,,,,,,,,
11458,큰마디큰병원,내원,,,내원,내원,내원,내원,내원,
11459,맘존여성병원,내원,내원,,,,,내원,내원,
11460,한빛아동병원,,내원,,,,,,,
11461,새천년병원,내원,내원,,내원,내원,내원,,내원,
11462,계명대학교경주동산병원,내원,,,내원,내원,내원,내원,내원,
11463,경주센텀병원,내원,,,내원,내원,내원,내원,내원,
11464,경주굿모닝병원,내원,,,내원,내원,내원,내원,,
11465,세연의원,,내원,,,,,,,
11466,계림내과의원,내원,,,내원,,내원,,,
11467,최성민연합소아청소년과의원,,내원,,,,,,,
11468,고내과의원,내원,,,내원,내원,내원,내원,,
11469,연세가정의원,내원,,,,,내원,,,
11470,제일의원,내원,내원,,,,,,,
11471,황내과의원,내원,,,내원,내원,내원,내원,내원,
11472,영남연합의원,내원,,,내원,내원,내원,,내원,
11473,백영수소아과의원,,내원,,,,,,,
11474,신라산부인과의원,,,,,,,,내원,
11475,안강산부인과의원,,,,,,,,내원,
11476,이운우내과의원,내원,,,내원,내원,내원,내원,내원,
11477,서울내과의원,내원,,,내원,내원,내원,내원,내원,
11478,사랑의소아과의원,,내원,,,,,,,
11479,삼성의원,내원,,,내원,내원,내원,,내원,
11480,새천년내과의원,내원,,,내원,내원,내원,내원,내원,
11481,새우리들연합의원,내원,내원,,내원,내원,내원,,,
11482,박가정의학과의원,,내원,,,,,,,
11483,경주연합의원,내원,내원,,내원,내원,내원,,,
11484,용인내과의원,내원,,,내원,,내원,,내원,
11485,연합열린외과의원,내원,,,내원,내원,내원,,내원,
11486,신라소아과의원,,내원,,,,,,,
11487,정선영산부인과의원,,,,,,,,내원,
11488,한사랑이비인후과의원,,내원,,,,,,,
11489,금장굿모닝이비인후과의원,,내원,,,,,,,
11490,친절산부인과의원,,,,,,,,내원,
11491,안강아산내과의원,내원,,,내원,내원,내원,,,
11492,한일의원,내원,,,내원,내원,내원,내원,내원,
11493,온누리내과의원,내원,,,내원,내원,내원,,,
11494,경주속시원내과의원,내원,,,내원,내원,내원,,,
11495,이정호내과의원,내원,,,,,,,,
11496,한성의원,내원,,,,,,,,
11497,늘속편한내과의원,내원,,,내원,내원,내원,,,
11498,제일속내과의원,내원,,,내원,내원,내원,내원,내원,
11499,윤내과의원,내원,,,내원,내원,내원,,,
11500,동산속내과의원,내원,,,내원,내원,내원,,,
11501,신통가정의학과의원,,내원,,,,,,,
11502,홍승지소아과의원,,내원,,,,,,,
11503,건강내과의원,내원,,,내원,내원,내원,,,
11504,안강연합의원,내원,,,내원,내원,,,,
11505,서정일내과의원,내원,,,내원,내원,내원,,,
11506,나득영심혈내과의원,내원,,,,,,,,
11507,경주속내과의원,내원,,,내원,내원,내원,내원,내원,
11508,동경주내과의원,내원,,,내원,내원,내원,,,
11509,그랜드치과병원,,,내원,,,,,,
11510,정치과의원,,,내원,,,,,,
11511,이사랑치과의원,,,내원,,,,,,
11512,모화치과의원,,,내원,,,,,,
11513,안치과의원,,,내원,,,,,,
11514,이갑돈치과의원,,,내원,,,,,,
11515,푸른치과의원,,,내원,,,,,,
11516,김치과의원,,,내원,,,,,,
11517,녹산치과의원,,,내원,,,,,,
11518,감포치과의원,,,내원,,,,,,
11519,정상규치과의원,,,내원,,,,,,
11520,이연합치과의원,,,내원,,,,,,
11521,배치과의원,,,내원,,,,,,
11522,부광치과의원,,,내원,,,,,,
11523,경주바른이치과교정과치과의원,,,내원,,,,,,
11524,양병석치과의원,,,내원,,,,,,
11525,미소가있어행복한연합치과의원,,,내원,,,,,,
11526,경주쥬니어치과의원,,,내원,,,,,,
11527,경주본치과의원,,,내원,,,,,,
11528,경주탑치과의원,,,내원,,,,,,
11529,경주엄마손소아치과의원,,,내원,,,,,,
11530,큐앤에이치과의원,,,내원,,,,,,
11531,명진치과의원,,,내원,,,,,,
11532,경주밝은미소치과의원,,,내원,,,,,,
11533,아세아치과의원,,,내원,,,,,,
11534,현치과의원,,,내원,,,,,,
11535,양남치과의원,,,내원,,,,,,
11536,닥터김치과의원,,,내원,,,,,,
11537,산치과의원,,,내원,,,,,,
11538,스마일라인치과의원,,,내원,,,,,,
11539,이로치과의원,,,내원,,,,,,
11540,서울앞선치과의원,,,내원,,,,,,
11541,브이아이피(VIP)치과의원,,,내원,,,,,,
11542,이편한치과의원,,,내원,,,,,,
11543,경주연합치과의원,,,내원,,,,,,
11544,뉴욕치과의원,,,내원,,,,,,
11545,365프라임55플란트치과의원,,,내원,,,,,,
11546,차의과학대학교부속구미차병원,내원,,내원,내원,내원,내원,내원,내원,내원
11547,구미강동병원,내원+출장,내원,내원+출장,내원,내원,내원,내원,내원,
11548,순천향대학교부속구미병원,내원+출장,,내원+출장,내원,내원,내원,내원,내원,내원
11549,강남병원,내원,,,내원,내원,내원,내원,내원,
11550,의료법인갑을의료재단갑을구미재활병원,내원,,,,,,,,
11551,바른유병원,내원,,,내원,내원,내원,내원,내원,
11552,의료법인승미의료재단구미으뜸병원,내원,,,,,,,,
11553,미래아이연합소아청소년과의원,,내원,,,,,,,
11554,김두환내과의원,내원,,,내원,내원,내원,내원,,
11555,조은I의원,내원,내원,,내원,내원,내원,,,
11556,에바마레소아청소년과의원,,내원,,,,,,,
11557,순향산부인과의원,,,,,,,,내원,
11558,임영미산부인과의원,,,,,,,,내원,
11559,이경수내과의원,내원,,,내원,,,,,
11560,이은영와세다의원,,내원,,,,,,,
11561,안재소아과의원,,내원,,,,,,,
11562,박정돈산부인과의원,,,,,,,,내원,
11563,건강한소아과의원,,내원,,,,,,,
11564,경북의원,내원,,,,,,,,
11565,우종진산부인과의원,,,,,,,내원,내원,
11566,해피맘산부인과의원,내원,,,,,,내원,내원,
11567,한일산부인과의원,,,,,,,,내원,
11568,권소아과의원,,내원,,,,,,,
11569,가족사랑의원,,내원,,,,,,,
11570,선산중앙의원,내원,,,내원,,,,,
11571,권가정의학과의원,,내원,,,,,,,
11572,김철기소아청소년과의원,,내원,,,,,,,
11573,순천향소아과의원,,내원,,,,,,,
11574,중앙내과의원,내원,,,내원,,내원,,,
11575,신평내과의원,내원,,,내원,내원,내원,,,
11576,한재호내과의원,내원,,,내원,내원,내원,,,
11577,쉬즈산부인과의원,,,,,,,내원,내원,
11578,파티마소아청소년과의원,,내원,,,,,,,
11579,가정의원,,내원,,,,,,,
11580,황종현내과의원,내원,,,내원,,내원,,,
11581,에바마레산부인과의원,,,,,,,,내원,
11582,정소아과의원,,내원,,,,,,,
11583,조은의원,내원,,,내원,내원,,,,
11584,삼성연합의원,내원,,,내원,내원,내원,내원,내원,
11585,미래내과의원,내원,,,내원,내원,내원,,,
11586,미리안산부인과의원,,내원,,,,,내원,내원,
11587,용한내과의원,내원,,,내원,내원,내원,,,
11588,파티마산부인과의원,,,,,,,,내원,
11589,대한내과의원,내원,,,내원,내원,내원,내원,내원,
11590,새봄산부인과의원,,내원,,,,,,내원,
11591,푸른가정의학과의원,,내원,,,,,,,
11592,구미인동속시원내과의원,내원,,,내원,내원,내원,,,
11593,석준호내과의원,내원,,,내원,,내원,,,
11594,상쾌한이비인후과의원,,내원,,,,,,,
11595,해바라기소아청소년과의원,,내원,,,,,,,
11596,신평정형외과의원,내원,,,,,,,,
11597,선산의원,내원,,,내원,,내원,,,
11598,장쾌한연합내과의원,내원,,,내원,내원,내원,내원,,
11599,봄연합소아청소년과의원,,내원,,,,,,,
11600,제일의원,내원,,,,,내원,,,
11601,신내과의원,내원,,,내원,,내원,,,
11602,삼우연합정형외과의원,내원,,,,,,,,
11603,속편한내과의원,내원,,,내원,내원,내원,,,
11604,구미연합속내과의원,내원,,,내원,내원,내원,내원,내원,
11605,굿모닝가정의학과의원,,내원,,,,,,,
11606,상모삼성연합의원,내원,,,내원,,내원,,,
11607,조은산부인과의원,,,,,,,,내원,
11608,형곡굿모닝의원,내원,,,내원,내원,내원,,,
11609,드림소아청소년과의원,,내원,,,,,,,
11610,누리연합소아과의원,내원,내원,,,,,,,
11611,우리이비인후과의원,,내원,,,,,,,
11612,구미연합소아청소년과의원,,내원,,,,,,,
11613,한마음의원,,내원,,,,,,,
11614,아이큰소아청소년과의원,,내원,,,,,,,
11615,형곡연합소아청소년과의원,,내원,,,,,,,
11616,홍희선산부인과의원,,,,,,,,내원,
11617,경대연합속튼튼내과의원,내원,,,내원,내원,내원,내원,내원,
11618,선산삼성의원,내원,,,내원,,내원,,,
11619,오앤정연합의원,내원,,,내원,내원,내원,,,
11620,상모대한내과의원,내원,,,내원,내원,내원,내원,내원,
11621,서울365소아청소년과의원,,내원,,,,,,,
11622,참바른의원,내원,,,,,,,,
11623,서울아산속내과의원,내원,,,내원,내원,내원,내원,,
11624,올바른속내과의원,내원,,,내원,내원,내원,내원,내원,
11625,세명영상의학과의원,내원,,,내원,내원,내원,내원,내원,
11626,지앤연합속내과의원,내원,,,내원,내원,내원,,,
11627,제일속편한내과의원,내원,,,내원,내원,내원,내원,,
11628,고려마취통증의학과의원,내원,,,,,,,,
11629,옥계연합소아청소년과의원,,내원,,,,,,,
11630,더괜찮은내과의원,내원,,,내원,내원,내원,,,
11631,아리아여성의원,,,,,,,,내원,
11632,구미예치과병원,,,내원,,,,,,
11633,의료법인여연의료재단인동엘리트치과병원,,,내원,,,,,,
11634,라온치과병원,,,내원,,,,,,
11635,구미미르치과병원,,,내원,,,,,,
11636,가이드치과병원,,,내원,,,,,,
11637,김성수치과의원,,,내원,,,,,,
11638,인동부부치과의원,,,내원,,,,,,
11639,박재오치과의원,,,내원,,,,,,
11640,평화당치과의원,,,내원,,,,,,
11641,아름다운화이트치과의원,,,내원,,,,,,
11642,세브란스치과의원,,,내원,,,,,,
11643,송민호연합치과의원,,,내원,,,,,,
11644,문치과의원,,,내원,,,,,,
11645,석치과의원,,,내원,,,,,,
11646,오혜명시온백년치과의원,,,내원,,,,,,
11647,윤동현치과의원,,,내원,,,,,,
11648,탑연합치과의원,,,내원,,,,,,
11649,웰치과의원,,,내원,,,,,,
11650,원호치과의원,,,내원,,,,,,
11651,UIC시카고치과의원,,,내원,,,,,,
11652,장선원치과의원,,,내원,,,,,,
11653,구미플러스치과의원,,,내원,,,,,,
11654,손영진치과의원,,,내원,,,,,,
11655,열린치과의원,,,내원,,,,,,
11656,강상환치과의원,,,내원,,,,,,
11657,현대연합치과의원,,,내원,,,,,,
11658,오즈치과의원,,,내원,,,,,,
11659,에덴치과의원,,,내원,,,,,,
11660,구미부부치과의원,,,내원,,,,,,
11661,현대큰치과의원,,,내원,,,,,,
11662,본치과의원,,,내원,,,,,,
11663,아이꿈꾸는치과의원,,,내원,,,,,,
11664,정치과의원,,,내원,,,,,,
11665,강남성모치과의원,,,내원,,,,,,
11666,도량모아치과의원,,,내원,,,,,,
11667,뉴욕미르치과의원,,,내원,,,,,,
11668,옥계원치과의원,,,내원,,,,,,
11669,기린치과의원,,,내원,,,,,,
11670,예인치과의원,,,내원,,,,,,
11671,인동모아치과의원,,,내원,,,,,,
11672,이운철치과의원,,,내원,,,,,,
11673,강민연합치과의원,,,내원+출장,,,,,,
11674,더조은치과의원,,,내원,,,,,,
11675,해마루치과의원,,,내원,,,,,,
11676,미소랑치과의원,,,내원,,,,,,
11677,선산한빛치과의원,,,내원,,,,,,
11678,삼성e치과의원,,,내원,,,,,,
11679,타임치과의원,,,내원,,,,,,
11680,맘앤키즈치과의원,,,내원,,,,,,
11681,구미이담플란트치과의원,,,내원,,,,,,
11682,두드림치과의원,,,내원,,,,,,
11683,구미숙면치과의원,,,내원,,,,,,
11684,봄해치과의원,,,내원,,,,,,
11685,미소진치과의원,,,내원,,,,,,
11686,김현수으뜸치과의원,,,내원,,,,,,
11687,구미이튼365치과의원,,,내원,,,,,,
11688,원우치과의원,,,내원,,,,,,
11689,가우정치과의원,,,내원,,,,,,
11690,옥치과의원,,,내원,,,,,,
11691,수치과의원,,,내원,,,,,,
11692,올바른현치과의원,,,내원,,,,,,
11693,옥계로뎀치과의원,,,내원,,,,,,
11694,온가족연합치과의원,,,내원,,,,,,
11695,우리연치과의원,,,내원,,,,,,
11696,연세더편한치과의원,,,내원,,,,,,
11697,코끼리치과의원,,,내원,,,,,,
11698,스마트치과의원,,,내원,,,,,,
11699,유디치과의원,,,내원,,,,,,
11700,새로이치과의원,,,내원,,,,,,
11701,인플란트치과의원,,,내원,,,,,,
11702,금오치과의원,,,내원,,,,,,
11703,진심인치과의원,,,내원,,,,,,
11704,안동성소병원,내원+출장,내원,내원,내원+출장,내원+출장,내원,내원+출장,내원,내원
11705,의료법인안동병원,내원+출장,내원,내원+출장,내원,내원+출장,내원,내원,내원,내원
11706,경상북도안동의료원,내원+출장,내원,내원,내원,내원+출장,내원+출장,내원,내원,내원
11707,경상북도립안동노인전문요양병원,내원+출장,,,내원+출장,내원+출장,내원,내원+출장,,
11708,의료법인경북의료재단길주요양병원,내원,,,,,,,,
11709,의료법인송인의료재단대성그린병원,내원,,,,,,,,
11710,김재왕내과의원,내원,,,내원,내원,내원,,,
11711,한일외과의원,내원,,,내원,내원,내원,,,
11712,벧엘내과의원,내원,,,내원,내원,내원,,,
11713,혜성의원,,내원,,,,,,,
11714,장소아청소년과의원,,내원,,,,,,,
11715,최영환내과의원,내원,,,내원,내원,내원,,,
11716,안형우가정의학과의원,내원,내원,,내원,,,,,
11717,수외과의원,내원,,,내원,내원,,,,
11718,윤태숙산부인과의원,,,,,,,,내원,
11719,용상연합가정의학과의원,,내원,,,,,,,
11720,김정석내과의원,내원,,,내원,,내원,,,
11721,이장현산부인과의원,,,,,,,,내원,
11722,아이튼튼소아청소년과의원,,내원,,,,,,,
11723,경대편한내과의원,내원,,,내원,내원,내원,,,
11724,리즈미여성의원,,,,,,,,내원,
11725,우리여성의원,,,,,,,,내원,
11726,늘편한신경외과의원,내원,,,,,,,,
11727,안동제일내과의원,내원,,,내원,내원,,내원,,
11728,라온치과병원,,,내원+출장,,,,,,
11729,로이스제일치과병원,,,내원+출장,,,,,,
11730,안동치과의원,,,내원,,,,,,
11731,서울치과의원,,,내원,,,,,,
11732,송현치과의원,,,내원,,,,,,
11733,장갑수치과의원,,,내원,,,,,,
11734,좋은치과의원,,,내원,,,,,,
11735,전상용치과의원,,,내원,,,,,,
11736,권종수치과의원,,,내원,,,,,,
11737,미치과의원,,,내원,,,,,,
11738,해바라기치과의원,,,내원,,,,,,
11739,안동열린치과의원,,,내원,,,,,,
11740,조해성치과의원,,,내원,,,,,,
11741,우리치과의원,,,내원,,,,,,
11742,조영욱치과의원,,,내원,,,,,,
11743,안동센트럴치과의원,,,내원,,,,,,
11744,꿈꾸는어린이치과의원,,,내원,,,,,,
11745,본치과의원,,,내원,,,,,,
11746,바른치과의원,,,내원,,,,,,
11747,연세온플란트치과의원,,,내원,,,,,,
11748,서울백세치과의원,,,내원,,,,,,
11749,안심치과의원,,,내원,,,,,,
11750,안동시보건소,,,내원,,,,,,
11751,동아의원,내원,,,,,,,,
11752,윤재준치과의원,,,내원,,,,,,
11753,청송군보건의료원,내원,내원,내원,내원,내원,내원,,,
11754,김석현치과의원,,,내원,,,,,,
11755,영양서울치과의원,,,내원,,,,,,
11756,영양군보건소,,내원,내원+출장,,,,,,
11757,영주적십자병원,내원,내원,,내원,내원,내원,내원,내원,내원
11758,영주기독병원,내원,,,내원,내원,내원,내원,내원,
11759,의료법인청봉의료재단성누가병원,내원,내원,,내원,내원,내원,내원,,
11760,영주자인병원,내원,,,내원,내원,내원,,,
11761,의료법인기호의료재단청하요양병원,내원,,내원,,,,,,
11762,이정일산부인과의원,,,,,,,,내원,
11763,대영연합의원,내원,,,내원,내원,내원,,,
11764,허남근소아과의원,,내원,,,,,,,
11765,이찬응산부인과의원,,,,,,,,내원,
11766,다인산부인과의원,,,,,,,,내원,
11767,영주진단방사선과의원,내원,,,내원,내원,내원,내원,,
11768,인애가의원,내원,,,내원,,,,,
11769,신영주내과의원,내원,,,내원,내원,내원,,,
11770,김내과의원,내원,,,내원,내원,내원,,,
11771,영주늘좋은내과의원,내원,,,내원,내원,내원,내원,내원,
11772,영주연합속내과의원,내원,,,내원,내원,내원,내원,내원,
11773,김대순치과의원,,,내원,,,,,,
11774,서울치과의원,,,내원,,,,,,
11775,변상철치과의원,,,내원,,,,,,
11776,연합치과의원,,,내원,,,,,,
11777,수치과의원,,,내원,,,,,,
11778,현대치과의원,,,내원,,,,,,
11779,풍성한치과의원,,,내원,,,,,,
11780,꽃동산치과의원,,,내원,,,,,,
11781,영주예치과의원,,,내원,,,,,,
11782,우리치과의원,,,내원,,,,,,
11783,연세화이트치과의원,,,내원,,,,,,
11784,연세소망치과의원,,,내원,,,,,,
11785,연세행복치과의원,,,내원,,,,,,
11786,서울미소치과의원,,,내원,,,,,,
11787,리더스치과의원,,,내원,,,,,,
11788,연세가족치과의원,,,내원,,,,,,
11789,영주미플란트치과의원,,,내원,,,,,,
11790,강남치과의원,,,내원,,,,,,
11791,라온치과의원,,,내원,,,,,,
11792,봉화해성병원,내원,내원,,내원,내원,내원,내원,,
11793,춘양사랑의원,,내원,,,,,,,
11794,봉화치과의원,,,내원,,,,,,
11795,봉화군보건소,,,내원,,,,,,
11796,상주적십자병원,내원+출장,내원,,내원,내원,내원,내원,내원,내원
11797,의료법인삼백의료재단상주성모병원,내원,,,내원,내원,내원,내원,내원,내원
11798,정소아청소년과의원,,내원,,,,,,,
11799,동산내과의원,내원,,,내원,,내원,,,
11800,권앤오연합속내과의원,내원,,,내원,내원,내원,내원,내원,
11801,안소아과의원,,내원,,,,,,,
11802,손성락산부인과의원,,,,,,,,내원,
11803,미래소아청소년과의원,,내원,,,,,,,
11804,서울연합내과의원,내원,,,내원,내원,내원,내원,내원,
11805,김수웅내과의원,내원,,,내원,내원,내원,,,
11806,이상수연합내과의원,내원,,,내원,내원,내원,,,
11807,이치과의원,,,내원,,,,,,
11808,서연호구강악안면외과치과의원,,,내원,,,,,,
11809,동산치과의원,,,내원,,,,,,
11810,U유앤탑플란트치과의원,,,내원,,,,,,
11811,서울치과의원,,,내원,,,,,,
11812,서울건치과의원,,,내원,,,,,,
11813,상산치과의원,,,내원,,,,,,
11814,램브란트치과의원,,,내원,,,,,,
11815,서울보람치과의원,,,내원,,,,,,
11816,스타치과의원,,,내원,,,,,,
11817,문플란트치과의원,,,내원,,,,,,
11818,의료법인동춘의료재단문경제일병원,내원+출장,내원,내원,내원,내원+출장,내원,내원,내원,내원
11819,의료법인서일의료재단문경중앙병원,내원+출장,내원,,내원,내원,내원,내원,내원,
11820,시립문경요양병원,내원,,,,,,,,
11821,김성연산부인과의원,,,,,,,,내원,
11822,평화산부인과의원,,,,,,,,내원,
11823,박내과의원,내원,,,내원,,내원,,,
11824,중앙가정의학과의원,내원,,,내원,내원,내원,,,
11825,현대내과의원,내원,,,내원,,내원,,,
11826,세종의원,,내원,,,,,,,
11827,임춘근산부인과의원,,,,,,,,내원,
11828,배영철가정의원,,내원,,,,,,,
11829,서울연합내과의원,내원,,,내원,내원,내원,,,
11830,전종구내과의원,내원,,,내원,내원,내원,내원,,
11831,명내과의원,내원,,,내원,,내원,,,
11832,연세사랑의원,,내원,,,,,,,
11833,서울의원,내원,,,내원,내원,내원,내원,내원,
11834,삼성연합의원,,내원,,,,,,,
11835,연우소아청소년과의원,,내원,,,,,,,
11836,이준희내과의원,내원,,,내원,내원,내원,,,
11837,문경중앙의원,내원,,,내원,내원,내원,,내원,
11838,스마일내과의원,내원,,,내원,내원,내원,내원,내원,
11839,김지호치과의원,,,내원,,,,,,
11840,문경치과의원,,,내원,,,,,,
11841,미치과의원,,,내원,,,,,,
11842,현대부부치과의원,,,내원,,,,,,
11843,푸른치과의원,,,내원,,,,,,
11844,서울치과의원,,,내원,,,,,,
11845,채상식치과의원,,,내원,,,,,,
11846,임치과의원,,,내원,,,,,,
11847,수치과의원,,,내원,,,,,,
11848,서울제일치과의원,,,내원,,,,,,
11849,서울믿음치과의원,,,내원,,,,,,
11850,문경시보건소,,,내원,,,,,,
11851,의료법인서준의료재단예천권병원,내원,내원,,내원,내원,내원,내원,내원,
11852,전경진내과의원,,내원,,,,,,,
11853,정소아청소년과의원,,내원,,,,,,,
11854,영남의원,내원,,,내원,내원,내원,,내원,
11855,서울삼성내과의원,내원,,,내원,내원,내원,,,
11856,예천성소내과의원,내원,,,내원,,내원,,,
11857,경대진내과의원,내원,,,내원,,,,,
11858,수창치과의원,,,내원,,,,,,
11859,동재치과의원,,,내원,,,,,,
11860,부부치과의원,,,내원,,,,,,
11861,중앙치과의원,,,내원,,,,,,
11862,경북도청리더스치과의원,,,내원,,,,,,
11863,예미담치과의원,,,내원,,,,,,
11864,서울미소치과의원,,,내원,,,,,,
11865,의료법인근원의료재단경산중앙병원,내원,내원,내원,내원,내원,내원,내원,내원,내원
11866,의료법인서명의료재단세명종합병원,내원+출장,내원,,내원,내원+출장,내원,내원,내원,내원
11867,국군대구병원,내원,,내원,내원,내원,,,,
11868,경북권역재활병원,내원,,,내원,내원,내원,내원,내원,
11869,꿈그린소아청소년과병원,,내원,,,,,,,
11870,부림요양병원,내원,,,,,,,,
11871,청십자유외과의원,내원,,,내원,내원,내원,내원,내원,
11872,사랑애의원,,내원,,,,,,,
11873,진량연합내과의원,내원,,,내원,내원,내원,,,
11874,최내과김영상의학과의원,내원,,,내원,내원,내원,내원,내원,
11875,(사)대한산업보건협회부설경북의원,내원+출장,,출장,,,,,,
11876,장연합내과외과의원,내원,,,내원,내원,내원,내원,내원,
11877,김연합소아청소년과의원,,내원,,,,,,,
11878,제일산부인과의원,,,,,,,,내원,
11879,신세계연합의원,내원,내원,,내원,,,,내원,
11880,최기숙산부인과의원,,,,,,,,내원,
11881,경산산부인과의원,,,,,,,,내원,
11882,경산수연합가정의학과의원,,내원,,,,,,,
11883,김병훈내과의원,내원,,,내원,,내원,,,
11884,제일연합신경외과의원,내원,,,,,,,,
11885,경북연합내과의원,내원,,,내원,내원,내원,내원,내원,
11886,하양연합소아청소년과의원,,내원,,,,,,,
11887,미래연합의원,내원,,,내원,내원,내원,,,
11888,계양연합의원,내원,,,,,,,,
11889,류앤닥터스내과의원,내원,,,내원,내원,내원,내원,내원,
11890,전미경산부인과의원,,,,,,,,내원,
11891,현대연합내과의원,내원,,,,내원,내원,,,
11892,한마음산부인과의원,,,,,,,,내원,
11893,성모연합내과의원,내원,,,내원,내원,내원,내원,내원,
11894,박내과의원,내원,,,내원,,,,,
11895,사과나무소아청소년과의원,,내원,,,,,,,
11896,하양속시원내과의원,내원,,,내원,내원,내원,내원,내원,
11897,올바른정형외과의원,내원,,,,,내원,,,
11898,서울이비인후과의원,,내원,,,,,,,
11899,건강한장연합내과의원,내원,,,내원,내원,내원,내원,내원,
11900,키드키드소아청소년과의원,,내원,,,,,,,
11901,삼성연합내과의원,내원,,,내원,내원,내원,내원,내원,
11902,아이맘소아청소년과의원,,내원,,,,,,,
11903,곰돌이연합소아청소년과의원,,내원,,,,,,,
11904,속보는종합내과의원,내원,,,내원,내원,내원,,,
11905,수피아소아청소년과의원,,내원,,,,,,,
11906,바른속내과의원,내원,,,내원,내원,내원,,,
11907,김동희속내과의원,내원,,,내원,내원,내원,,,
11908,경산대경영상의학과의원,내원,,,,,내원,,,
11909,우리집연합소아청소년과의원,,내원,,,,,,,
11910,펜타힐즈속연합내과의원,내원,,,내원,내원,내원,내원,내원,
11911,연세속시원내과의원,내원,,,내원,내원,내원,내원,내원,
11912,삼성내과의원,내원,,,내원,내원,내원,,,
11913,하양파티마연합속내과의원,내원,,,내원,내원,내원,내원,내원,
11914,정소영산부인과의원,,,,,,,내원,내원,
11915,라소아청소년과의원,,내원,,,,,,,
11916,정요한연합속내과의원,내원,,,내원,내원,내원,내원,내원,
11917,파티마연합정소아청소년과의원,,내원,,,,,,,
11918,이든연합의원,내원,,,내원,내원,내원,내원,내원,
11919,장보는덕원내과의원,내원,,,내원,내원,내원,,,
11920,햇살연합소아청소년과의원,,내원,,,,,,,
11921,행복드림의원,,내원,,,,,,,
11922,참조은산부인과의원,,,,,,,내원,내원,
11923,진량속편한연합내과의원,내원,,,내원,내원,내원,,,
11924,장앤김더나은속내과의원,내원,,,내원,내원,내원,내원,내원,
11925,샘속내과의원,내원,,,내원,내원,내원,내원,내원,
11926,에스척센정형외과의원,내원,,,,,,,,
11927,새하양정형외과의원,,내원,,,,,,,
11928,제일편한속내과의원,내원,,,내원,내원,내원,내원,내원,
11929,마미안산부인과의원,,,,,,,내원,내원,
11930,하양중앙내과의원,내원,,,내원,내원,내원,,내원,
11931,경대연합용한속내과의원,내원,,,내원,내원,내원,,,
11932,정평365의원,내원,,,,,,,,
11933,정평봄산부인과의원,,,,,,,,내원,
11934,삼성바른내과의원,내원,,,내원,내원,내원,내원,내원,
11935,경산라온치과병원,,,내원,,,,,,
11936,경산미르치과병원,,,내원,,,,,,
11937,이상진치과의원,,,내원,,,,,,
11938,명치과의원,,,내원,,,,,,
11939,참사랑치과의원,,,내원,,,,,,
11940,김동길치과의원,,,내원,,,,,,
11941,배성룡치과의원,,,내원,,,,,,
11942,덕성치과의원,,,내원,,,,,,
11943,반치과의원,,,내원,,,,,,
11944,고운치과의원,,,내원,,,,,,
11945,에이스치과의원,,,내원,,,,,,
11946,사동온치과의원,,,내원,,,,,,
11947,하양미르치과의원,,,내원,,,,,,
11948,이편한치과의원,,,내원,,,,,,
11949,이대호치과의원,,,내원,,,,,,
11950,효성연합치과의원,,,내원,,,,,,
11951,경산행복을심는치과의원,,,내원,,,,,,
11952,삼주미소치과의원,,,내원,,,,,,
11953,즐거운치과의원,,,내원,,,,,,
11954,성심치과의원,,,내원,,,,,,
11955,환한미소치과의원,,,내원,,,,,,
11956,이사랑연합치과의원,,,내원,,,,,,
11957,전유택치과의원,,,내원,,,,,,
11958,승원치과의원,,,내원,,,,,,
11959,세명치과의원,,,내원,,,,,,
11960,예스치과의원,,,내원,,,,,,
11961,수연합치과의원,,,내원,,,,,,
11962,백천우리치과의원,,,내원,,,,,,
11963,이편한장치과의원,,,내원,,,,,,
11964,맥치과의원,,,내원,,,,,,
11965,으뜸치과의원,,,내원,,,,,,
11966,바른길치과의원,,,내원,,,,,,
11967,준치과의원,,,내원,,,,,,
11968,뉴욕치과의원,,,내원,,,,,,
11969,E건강치과의원,,,내원,,,,,,
11970,권승훈치과의원,,,내원,,,,,,
11971,민치과의원,,,내원,,,,,,
11972,이니드연합치과의원,,,내원,,,,,,
11973,스마일웰치과의원,,,내원,,,,,,
11974,정평대연치과의원,,,내원,,,,,,
11975,도레미키즈치과의원,,,내원,,,,,,
11976,펜타힐즈치과의원,,,내원,,,,,,
11977,소중한이치과의원,,,내원,,,,,,
11978,하양서울파티마치과의원,,,내원,,,,,,
11979,호치과의원,,,내원,,,,,,
11980,미소심는치과의원,,,내원,,,,,,
11981,아이로움키즈치과의원,,,내원,,,,,,
11982,더편한치과의원,,,내원,,,,,,
11983,하양연합치과의원,,,내원,,,,,,
11984,이사이치과의원,,,내원,,,,,,
11985,닥터정치과의원,,,내원,,,,,,
11986,라엘치과의원,,,내원,,,,,,
11987,하양탑치과의원,,,내원,,,,,,
11988,정평탑치과의원,,,내원,,,,,,
11989,새하양서울치과의원,,,내원,,,,,,
11990,이사랑치과의원,,,내원,,,,,,
11991,브라운치과의원,,,내원,,,,,,
11992,하양라온치과의원,,,내원,,,,,,
11993,봄니치과의원,,,내원,,,,,,
11994,이봄치과의원,,,내원,,,,,,
11995,아이린치과의원,,,내원,,,,,,
11996,하양오늘치과의원,,,내원,,,,,,
11997,의료법인대남의료재단청도대남병원,내원,,,내원,내원,내원,내원,내원,
11998,속편안의원,내원,,,내원,내원,내원,,,
11999,늘푸른연합의원,내원,,,내원,내원,내원,내원,,
12000,마디연합정형외과의원,내원,,,,,,,,
12001,산서연합의원,내원,,,내원,,,,,
12002,해동연합의원,내원,,,,,,,,
12003,속튼튼의원,내원,,,내원,내원,내원,,,
12004,청도치과의원,,,내원,,,,,,
12005,청도선치과의원,,,내원,,,,,,
12006,서울치과의원,,,내원,,,,,,
12007,현광치과의원,,,내원,,,,,,
12008,이왕치과의원,,,내원,,,,,,
12009,청도군보건소,,내원,내원,,,,,,
12010,금천보건지소,,내원,,,,,,,
12011,풍각보건지소,,내원,,,,,,,
12012,의료법인건용의료재단왜관병원,내원,,,,내원,,내원,,
12013,언더로뎀요양병원,내원,,,내원,내원,내원,,,
12014,의료법인유민의료재단산울림병원,내원,,,,,내원,,,
12015,의료법인혜원의료재단혜원성모병원,내원,,,,내원,,내원,내원,
12016,김상관소아청소년과의원,,내원,,,,,,,
12017,박외과이내과연합의원,내원,,,내원,내원,내원,내원,내원,
12018,다나산부인과의원,,,,,,,,내원,
12019,황영희소아과의원,,내원,,,,,,,
12020,영남외과의원,내원,,,내원,내원,내원,,,
12021,오이비인후과의원,,내원,,,,,,,
12022,박정권소아청소년과의원,,내원,,,,,,,
12023,삼부가정의학과의원,,내원,,,,,,,
12024,조은소아과의원,,내원,,,,,,,
12025,우리가정의학과의원,내원,내원,,,,,,,
12026,최앤박연합내과의원,내원,,,내원,내원,내원,,,
12027,신세계산부인과의원,,,,,,,,내원,
12028,더속편한내과의원,내원,,,내원,내원,내원,내원,내원,
12029,왜관편한속내과의원,내원,,,내원,내원,내원,,,
12030,북삼경대연합속내과의원,내원,,,내원,내원,내원,,,
12031,아이봄연합소아청소년과의원,내원,내원,,,,,,,
12032,제일튼튼연합의원,,내원,,,,,,,
12033,이엘소아청소년과의원,,내원,,,,,,,
12034,바른연합의원,내원,,,내원,내원,내원,,,
12035,365늘속편한내과의원,내원,,,내원,내원,내원,내원,내원,
12036,삼성퀸스여성의원,,,,,,,,내원,
12037,조앤시치과의원,,,내원,,,,,,
12038,서울순치과의원,,,내원,,,,,,
12039,문치과의원,,,내원,,,,,,
12040,가주치과의원,,,내원,,,,,,
12041,순천향구강악안면외과치과의원,,,내원,,,,,,
12042,미래플란트치과의원,,,내원,,,,,,
12043,정다운치과의원,,,내원,,,,,,
12044,엘리트치과의원,,,내원,,,,,,
12045,조치과의원,,,내원,,,,,,
12046,고수련연합치과의원,,,내원,,,,,,
12047,맑은미소치과의원,,,내원,,,,,,
12048,해바라기치과의원,,,내원,,,,,,
12049,석적치과의원,,,내원,,,,,,
12050,나래원치과의원,,,내원+출장,,,,,,
12051,편안한치과의원,,,내원,,,,,,
12052,왜관심플란트치과의원,,,내원,,,,,,
12053,남율연합치과의원,,,내원,,,,,,
12054,하이치과의원,,,내원,,,,,,
12055,율치과의원,,,내원,,,,,,
12056,서울정성치과의원,,,내원,,,,,,
12057,칠곡군보건소,내원,,내원,,,,,,
12058,의료법인석촌의료재단성주무강병원,내원,,,,,,,,
12059,덕산의원,,내원,,,,,,,
12060,가톨릭내과의원,내원,,,내원,,,,,
12061,삼성편한속내과의원,내원,,,내원,내원,내원,내원,,
12062,성주경대연합내과의원,내원,,,내원,내원,내원,,,
12063,신치과의원,,,내원,,,,,,
12064,배치과의원,,,내원,,,,,,
12065,홍치과의원,,,내원,,,,,,
12066,류수환치과의원,,,내원,,,,,,
12067,성주플란트치과의원,,,내원,,,,,,
12068,서울온정치과의원,,,내원,,,,,,
12069,영덕아산병원,내원,내원,,내원,내원,내원,내원,내원,
12070,영남의원,내원,내원,,내원,내원,내원,내원,내원,
12071,김수환내과의원,내원,,,내원,내원,내원,내원,내원,
12072,경대연합의원,,내원,,,,,,,
12073,영덕군보건소,,,내원,,,,,,
12074,울진군의료원,내원+출장,내원,,내원,내원,내원,내원,내원,
12075,의료법인동제의료재단오차드요양병원,내원,내원,,,,,,,
12076,누가의원,내원,내원,,내원,내원,내원,,,
12077,혜민치과의원,,,내원,,,,,,
12078,제일치과의원,,,내원,,,,,,
12079,민치과의원,,,내원,,,,,,
12080,우리치과의원,,,내원,,,,,,
12081,현대치과의원,,,내원,,,,,,
12082,죽변미소치과의원,,,내원,,,,,,
12083,만세치과의원,,,내원,,,,,,
12084,연세중앙치과의원,,,내원,,,,,,
12085,울진군보건소,,,내원+출장,,,,,,
12086,포항성모병원,내원+출장,,내원+출장,내원,내원+출장,내원,내원,내원,내원
12087,의료법인한성재단포항세명기독병원,내원+출장,,내원,내원,내원,내원,내원,내원,내원
12088,에스포항병원,내원,,,내원,내원,내원,내원,내원,
12089,아침별남부.여성의원,,,,,,,,내원,
12090,박응원미모아의원,내원,내원,,,,,,,
12091,이종곤내과의원,내원,,,내원,,내원,,,
12092,김원태소아청소년과의원,,내원,,,,,,,
12093,신명준외과의원,내원,,,내원,내원,내원,,내원,
12094,우리연합의원,내원,,,내원,내원,내원,,,
12095,한빛연합의원,내원,,,내원,내원,내원,내원,내원,
12096,이상도내과의원,내원,,,내원,,내원,,,
12097,포항태항외과의원,내원,,,내원,내원,,,,
12098,배진호내과의원,내원,,,내원,내원,내원,,,
12099,오천제일의원,내원,,,,,,,,
12100,조희영내과의원,내원,,,내원,,내원,,,
12101,윤혜원여성의원,,,,,,,,내원,
12102,김종연내과의원,내원,,,내원,,내원,,,
12103,노진우내과의원,내원,,,,,,,,
12104,구룡포성모내과의원,내원,,,내원,내원,내원,,,
12105,바른몸의원,,내원,,,,,,,
12106,이동선린내과의원,내원,,,내원,내원,내원,,,
12107,웰여성의원,,,,,,,,내원,
12108,배순호의원,,내원,,,,,,,
12109,새이본의원,내원,,,내원,내원,내원,,,
12110,탁우택신내과의원,내원,,,,,,,,
12111,행복한소아청소년과의원,,내원,,,,,,,
12112,우리이비인후과의원,,내원,,,,,,,
12113,하나소아청소년과의원,,내원,,,,,,,
12114,준호연합소아청소년과의원,,내원,,,,,,,
12115,황수경유외과의원,내원,내원,,,,내원,내원,,
12116,유튼튼소아청소년과의원,,내원,,,,,,,
12117,오천속내과의원,내원,,,내원,내원,내원,,,
12118,라임소아청소년과의원,,내원,,,,,,,
12119,속시원내과의원,내원,,,내원,내원,내원,,,
12120,속편한권내과의원,내원,,,내원,내원,내원,,,
12121,(재)한국산업보건연구재단서울DMC건강의원포항분원,,내원,,,,,,,
12122,연일푸른내과의원,내원,,,내원,내원,내원,,,
12123,제일좋은내과의원,내원,,,내원,내원,내원,,,
12124,이정미소아청소년과의원,,내원,,,,,,,
12125,365늘속편한내과의원,내원,,,내원,내원,내원,,,
12126,(주)포스코부속의원,내원,,,,,,,,
12127,등정형외과의원,내원,,,,,,,,
12128,노치과의원,,,내원,,,,,,
12129,필립치과의원,,,내원,,,,,,
12130,권진학치과의원,,,내원,,,,,,
12131,최치과의원,,,내원,,,,,,
12132,미소드림치과의원,,,내원,,,,,,
12133,이경수치과의원,,,내원,,,,,,
12134,연일치과의원,,,내원,,,,,,
12135,이튼치과의원,,,내원,,,,,,
12136,오희영치과의원,,,내원,,,,,,
12137,참예쁜e치과의원,,,내원,,,,,,
12138,세종치과의원,,,내원,,,,,,
12139,승리치과의원,,,내원,,,,,,
12140,유강스마일치과의원,,,내원,,,,,,
12141,이사랑치과의원,,,내원,,,,,,
12142,강남탑치과의원,,,내원,,,,,,
12143,새론치과의원,,,내원,,,,,,
12144,늘편한치과의원,,,내원,,,,,,
12145,예다함치과의원,,,내원,,,,,,
12146,효자효치과의원,,,내원,,,,,,
12147,크리스마스치과의원,,,내원,,,,,,
12148,베스트치과의원,,,내원,,,,,,
12149,문덕고운치과의원,,,내원,,,,,,
12150,웰치과의원,,,내원,,,,,,
12151,포엠치과의원,,,내원,,,,,,
12152,리더스치과의원,,,내원,,,,,,
12153,우리연합에스치과의원,,,내원,,,,,,
12154,서울에스치과의원,,,내원,,,,,,
12155,착한치과의원,,,내원,,,,,,
12156,이동연합치과의원,,,내원,,,,,,
12157,스마일치과의원,,,내원,,,,,,
12158,디자인치과의원,,,내원,,,,,,
12159,이편한치과의원,,,내원,,,,,,
12160,우리아이치과의원,,,내원,,,,,,
12161,서울봄치과의원,,,내원,,,,,,
12162,더좋은치과의원,,,내원,,,,,,
12163,늘가까운치과의원,,,내원,,,,,,
12164,조이치과의원,,,내원,,,,,,
12165,서울부부치과의원,,,내원,,,,,,
12166,행복치과의원,,,내원,,,,,,
12167,스마트치과의원,,,내원,,,,,,
12168,램브란트치과의원,,,내원,,,,,,
12169,하나플란트치과의원,,,내원,,,,,,
12170,이동센텀치과의원,,,내원,,,,,,
12171,서울정석치과의원,,,내원,,,,,,
12172,대구한의대포항한방병원,내원,,,,,,,,
12173,울릉군보건의료원,내원,내원,내원,,,,,내원,
12174,영남대학교의과대학부속영천병원,내원,내원,,내원,내원,내원,내원,내원,내원
12175,의료법인자혜의료재단영천제이병원,내원,내원,,,,,,내원,
12176,의료법인고담의료재단마야병원,내원,,,,,,,,
12177,이동길내과의원,내원,,,내원,,내원,,,
12178,경북연합의원,내원,내원,,내원,내원,내원,내원,내원,
12179,영천연합소아청소년과의원,,내원,,,,,,,
12180,김인환내과의원,내원,,,내원,내원,내원,내원,내원,
12181,미산부인과의원,,,,,,,,내원,
12182,금호의원,내원,,,,내원,,,,
12183,현대연합의원,내원,,,내원,내원,내원,,,
12184,파티마내과의원,내원,,,내원,,내원,,,
12185,성삼연합의원,내원,,,,,,,,
12186,심박내과의원,내원,,,,,내원,,,
12187,편한속내과의원,내원,,,내원,내원,내원,,,
12188,영천제일내과의원,내원,,,내원,,내원,,,
12189,이정훈속내과의원,내원,,,내원,내원,내원,,,
12190,강기훈의당신내과의원,내원,,,내원,내원,내원,내원,내원,
12191,별앤빛소아청소년과의원,,내원,,,,,,,
12192,베드로내과의원,내원,,,내원,내원,내원,내원,내원,
12193,YC리더스치과의원,,,내원,,,,,,
12194,윤치과의원,,,내원,,,,,,
12195,바른정치과의원,,,내원,,,,,,
12196,신세계치과의원,,,내원,,,,,,
12197,행복나눔부부치과의원,,,내원,,,,,,
12198,영천이플란트치과의원,,,내원,,,,,,
12199,마리플란트치과의원,,,내원,,,,,,
12200,경상북도김천의료원,내원+출장,내원,내원+출장,내원,내원,내원,내원,내원,내원
12201,의료법인덕산의료재단김천제일병원,내원,내원,,내원,내원,내원,내원,내원,내원
12202,김태홍산부인과의원,,,,,,,,내원,
12203,이상권소아청소년과의원,,내원,,,,,,,
12204,최인환의원,내원,,,내원,,내원,,,
12205,권오영내과의원,내원,,,내원,내원,내원,내원,내원,
12206,정세주내과의원,내원,,,내원,,내원,,,
12207,신가정의학과의원,,내원,,,,,,,
12208,이상식산부인과의원,,,,,,,,내원,
12209,신창진내과의원,내원,,,내원,내원,내원,,,
12210,김천하나산부인과의원,,,,,,,,내원,
12211,현대연합내과의원,내원,,,내원,내원,내원,내원,내원,
12212,민들레소아청소년과의원,,내원,,,,,,,
12213,제일내과의원,내원,,,내원,내원,내원,,,
12214,김천남산종합의원,내원,,,내원,내원,내원,내원,내원,
12215,한마음소아과의원,,내원,,,,,,,
12216,율곡내과의원,내원,,,내원,내원,내원,,,
12217,미소맘산부인과의원,,,,,,,,내원,
12218,권앤김연합내과의원,내원,,,내원,내원,내원,내원,내원,
12219,늘푸른의원,내원,,,내원,내원,내원,내원,내원,
12220,카톨릭연합정형외과의원,내원,,,,,,,,
12221,현대PLUS치과의원,,,내원,,,,,,
12222,한일플러스치과의원,,,내원,,,,,,
12223,박희대치과의원,,,내원,,,,,,
12224,이상훈치과의원,,,내원,,,,,,
12225,행복한e치과의원,,,내원,,,,,,
12226,문치과의원,,,내원,,,,,,
12227,이상광치과의원,,,내원,,,,,,
12228,스마일치과의원,,,내원,,,,,,
12229,혁신웰치과의원,,,내원,,,,,,
12230,열린치과의원,,,내원,,,,,,
12231,이편한연합치과의원,,,내원,,,,,,
12232,참덴치과의원,,,내원,,,,,,
12233,김현숙더좋은치과의원,,,내원,,,,,,
12234,에이스치과의원,,,내원,,,,,,
12235,김천우리들치과의원,,,내원,,,,,,
12236,서울미소치과의원,,,내원,,,,,,
12237,서울부부치과의원,,,내원,,,,,,
12238,서울치과의원,,,내원,,,,,,
12239,라온치과의원,,,내원,,,,,,
12240,웨스트우드치과의원,,,내원,,,,,,
12241,김천퍼스트치과의원,,,내원,,,,,,
12242,안아포치과의원,,,내원,,,,,,
12243,의료법인영제의료재단영남제일병원,내원,내원,,내원,내원,내원,,내원,
12244,의료법인염광의료재단성심요양병원,내원,,,,,,,,
12245,의성제일요양병원,내원,,,내원,내원,내원,,,
12246,경북외과의원,내원,,,내원,내원,내원,,,
12247,삼성연합의원,내원,내원,,내원,내원,내원,내원,내원,
12248,진연합의원,내원,내원,,내원,내원,내원,,,
12249,이종만치과의원,,,내원,,,,,,
12250,김종수치과의원,,,내원,,,,,,
12251,오복치과의원,,,내원,,,,,,
12252,의성스마트치과의원,,,내원,,,,,,
12253,안계참좋은치과의원,,,내원,,,,,,
12254,연세영치과의원,,,내원,,,,,,
12255,의성군보건소,,내원,내원,,,,,,
12256,현대내과의원,내원,,,내원,내원,내원,내원,,
12257,이광렬치과의원,,,내원,,,,,,
12258,새영치과의원,,,내원,,,,,,
12259,군위군보건소,,내원,내원,,,,,,
12260,광주현대병원,내원,내원,,내원,내원,내원,내원,내원,내원
12261,광주일곡병원,내원,내원,,내원,내원,내원,내원,,내원
12262,운암한국병원,내원,내원,,내원,내원,내원,내원,,내원
12263,광주희망병원,내원,내원,,내원,내원,내원,내원,,내원
12264,해피뷰병원,내원,,,내원,내원,내원,내원,내원,내원
12265,광주병원,내원,,,내원,내원,내원,내원,내원,내원
12266,에덴병원,내원,내원,,내원,내원,내원,내원,내원,
12267,은병원,내원,,,내원,내원,내원,내원,내원,
12268,북구미래아동병원,내원,내원,,,,,,,
12269,광주굿모닝병원,내원,,,내원,내원,내원,내원,,
12270,우암병원,내원,,,내원,내원,내원,내원,내원,
12271,빛고을여성병원,,내원,,,,,내원,내원,
12272,새나래병원,내원,,,내원,내원,내원,내원,,
12273,아이맘아동병원,,내원,,,,,,,
12274,두암기독병원,내원,,,내원,내원,내원,내원,내원,
12275,광주바로병원,내원,,,내원,내원,내원,내원,,
12276,광주아주병원,,내원,,,,,,,
12277,의료법인가평의료재단첨단선병원,내원,,,내원,내원,내원,내원,,
12278,빛고을생생병원,내원,,,내원,내원,내원,내원,내원,
12279,에이치요양병원,,,내원+출장,,,,,,
12280,천사요양병원,내원,,,,,,,,
12281,천주의성요한의원,내원,,,내원,,,,내원,
12282,오현주의원,,내원,,,,,,,
12283,위대항외과의원,내원,,,내원,내원,내원,,,
12284,송향산부인과의원,,,,,,,,내원,
12285,윤이호의원,내원,,,,,내원,,,
12286,홍경표내과의원,내원,,,내원,내원,내원,,,
12287,김현옥산부인과의원,,,,,,,,내원,
12288,한솔내과의원,내원,,,내원,내원,내원,,,
12289,장은주산부인과의원,,,,,,,,내원,
12290,이화산부인과의원,,,,,,,,내원,
12291,김상도내과의원,내원,,,,,내원,,,
12292,최사영소아과의원,,내원,,,,,,,
12293,유병전내과의원,내원,,,내원,내원,내원,,,
12294,대한외과의원,내원,,,내원,내원,내원,,,
12295,이홍규내과의원,내원,,,내원,,내원,,,
12296,소망내과의원,내원,,,내원,,내원,,,
12297,선내과의원,내원,,,내원,내원,내원,,,
12298,광주헬스케어의원,내원,,,,,,,,
12299,동림가정의학과의원,,내원,,,,,,,
12300,김의원,,내원,,,,,,,
12301,기장도내과의원,내원,,,내원,,내원,,,
12302,진내과의원,내원,,,내원,,내원,,,
12303,박정희산부인과의원,,,,,,,,내원,
12304,속이편한내과의원,내원,,,내원,내원,내원,내원,내원,
12305,좋은가정의학과의원,,내원,,,,,,,
12306,한사랑가정의학과의원,,내원,,,,,,,
12307,광주내과의원,내원,,,내원,내원,내원,,,
12308,임명수내과의원,내원,,,내원,내원,내원,,,
12309,광주속편한내과의원,내원,,,내원,내원,내원,내원,내원,
12310,베스트여성의원,,,,,,,,내원,
12311,코코이비인후과의원,,내원,,,,,,,
12312,아이생각소아청소년과의원,,내원,,,,,,,
12313,광주오케이OK정형외과의원,내원,,,내원,내원,내원,내원,내원,
12314,에이치(H)메디컬의원,내원+출장,,,내원+출장,내원+출장,내원,내원+출장,내원+출장,
12315,장엔조은내과의원,내원,,,내원,내원,내원,,,
12316,최경상내과의원,내원,,,내원,내원,내원,,,
12317,아이숲소아청소년과의원,,내원,,,,,,,
12318,허(Her)산부인과의원,,,,,,,,내원,
12319,광주탑내과의원,내원,,,내원,내원,내원,내원,,
12320,첨단베스트내과의원,내원,,,내원,내원,내원,,,
12321,조은택내과의원,내원,,,내원,내원,내원,,,
12322,맑은숨우리내과의원,내원,,,내원,내원,내원,내원,내원,
12323,삼성탑내과의원,내원,,,내원,내원,내원,,,
12324,박일구내과의원,내원,,,내원,내원,내원,,,
12325,예쁜소아청소년과의원,,내원,,,,,,,
12326,참조은내과의원,내원,,,내원,내원,내원,내원,내원,
12327,첨단가족연합의원,,내원,,,,,,,
12328,123내과의원,내원,,,내원,내원,내원,내원,내원,
12329,블레스유외과의원,,,,,,,내원,,
12330,서지연소아청소년과의원,,내원,,,,,,,
12331,올리브소아청소년과의원,,내원,,,,,,,
12332,따뜻한내과의원,내원,,,내원,내원,내원,내원,,
12333,위드유소아청소년과의원,,내원,,,,,,,
12334,로아산부인과의원,,,,,,,,내원,
12335,좋은내과의원,내원,,,내원,내원,내원,,,
12336,리움여성의원,,,,,,,,내원,
12337,두암참좋은내과의원,내원,,,내원,내원,내원,내원,내원,
12338,건강한내과의원,내원,,,내원,내원,내원,내원,,
12339,박승욱내과의원,내원,,,내원,내원,내원,,,
12340,광주연합내과의원,내원,,,내원,내원,내원,,,
12341,동행내과의원,내원,,,내원,내원,내원,내원,내원,
12342,서울삼성내과의원,내원,,,내원,내원,내원,내원,내원,
12343,운암탑내과의원,내원,,,내원,내원,내원,,,
12344,블랑여성의원,,,,,,,,내원,
12345,연제편한내과의원,내원,,,내원,내원,내원,내원,,
12346,신민호내과의원,내원,,,내원,내원,내원,,,
12347,노블리여성의원,,,,,,,,내원,
12348,더건강한내과의원,내원,,,내원,내원,내원,,,
12349,전남대학교치과병원,,,내원+출장,,,,,,
12350,이상치과의원,,,내원,,,,,,
12351,박진영치과의원,,,내원,,,,,,
12352,반석치과의원,,,내원,,,,,,
12353,허치과의원,,,내원,,,,,,
12354,김형재치과의원,,,내원,,,,,,
12355,고치과의원,,,내원,,,,,,
12356,한결치과의원,,,내원,,,,,,
12357,서림치과의원,,,내원,,,,,,
12358,새현대치과의원,,,내원,,,,,,
12359,손철용치과의원,,,내원,,,,,,
12360,은치과의원,,,내원,,,,,,
12361,서산치과의원,,,내원,,,,,,
12362,새복음치과의원,,,내원,,,,,,
12363,프라임치과의원,,,내원,,,,,,
12364,형치과의원,,,내원,,,,,,
12365,대승치과의원,,,내원,,,,,,
12366,운암한국치과의원,,,내원,,,,,,
12367,샘치과의원,,,내원,,,,,,
12368,정태환치과의원,,,내원,,,,,,
12369,예그린치과의원,,,내원,,,,,,
12370,박원길치과의원,,,내원,,,,,,
12371,진치과의원,,,내원,,,,,,
12372,한우리치과의원,,,내원,,,,,,
12373,두리치과의원,,,내원,,,,,,
12374,뉴드림치과의원,,,내원,,,,,,
12375,박상수치과의원,,,내원,,,,,,
12376,모은치과의원,,,내원,,,,,,
12377,용두치과의원,,,내원,,,,,,
12378,광주드림치과의원,,,내원,,,,,,
12379,전기범치과의원,,,내원,,,,,,
12380,바른이치과의원,,,내원,,,,,,
12381,좋은치과의원,,,내원,,,,,,
12382,이로운치과의원,,,내원,,,,,,
12383,운암미소치과의원,,,내원,,,,,,
12384,사랑이가득한치과의원,,,내원,,,,,,
12385,예일치과의원,,,내원,,,,,,
12386,청담치과의원,,,내원,,,,,,
12387,이오치과의원,,,내원,,,,,,
12388,가지런e류치과교정과치과의원,,,내원,,,,,,
12389,엘리트치과의원,,,내원,,,,,,
12390,밝은치과의원,,,내원,,,,,,
12391,램브란트치과교정과치과의원,,,내원,,,,,,
12392,한빛부부치과의원,,,내원,,,,,,
12393,다니엘치과의원,,,내원,,,,,,
12394,윤치과의원,,,내원,,,,,,
12395,꼬마이치과의원,,,내원,,,,,,
12396,연치과의원,,,내원,,,,,,
12397,e-푸른치과의원,,,내원,,,,,,
12398,화이트치과의원,,,내원,,,,,,
12399,엘치과의원,,,내원,,,,,,
12400,제니스치과의원,,,내원,,,,,,
12401,오치꼬마이치과의원,,,내원,,,,,,
12402,백세튼튼치과의원,,,내원,,,,,,
12403,제일치과의원,,,내원,,,,,,
12404,정성가득치과의원,,,내원,,,,,,
12405,이사랑치과의원,,,내원,,,,,,
12406,동림치과의원,,,내원,,,,,,
12407,행복한민치과의원,,,내원,,,,,,
12408,베스트치과의원,,,내원,,,,,,
12409,용봉위드치과의원,,,내원,,,,,,
12410,일곡우리치과의원,,,내원,,,,,,
12411,하늘치과의원,,,내원,,,,,,
12412,스위트치과의원,,,내원,,,,,,
12413,백림치과의원,,,내원,,,,,,
12414,보스톤치과의원,,,내원,,,,,,
12415,한빛치과의원,,,내원,,,,,,
12416,스마일치과의원,,,내원,,,,,,
12417,킴스치과의원,,,내원,,,,,,
12418,참조은치과의원,,,내원,,,,,,
12419,매곡가족치과교정과치과의원,,,내원,,,,,,
12420,에이플란트치과의원,,,내원,,,,,,
12421,이백호치과의원,,,내원,,,,,,
12422,희망치과의원,,,내원,,,,,,
12423,오치탑치과의원,,,내원,,,,,,
12424,이레치과의원,,,내원,,,,,,
12425,아가페치과의원,,,내원,,,,,,
12426,정문치과의원,,,내원,,,,,,
12427,구구치과의원,,,내원,,,,,,
12428,연제미담치과의원,,,내원,,,,,,
12429,고수희치과의원,,,내원,,,,,,
12430,미주치과의원,,,내원,,,,,,
12431,우암치과의원,,,내원,,,,,,
12432,퍼스트플란트치과의원,,,내원,,,,,,
12433,첨단리더스치과의원,,,내원,,,,,,
12434,위드치과의원,,,내원,,,,,,
12435,하나어린이치과의원,,,내원,,,,,,
12436,e은혜치과의원,,,내원,,,,,,
12437,은혜치과의원,,,내원,,,,,,
12438,밝은미소치과의원,,,내원,,,,,,
12439,좋은이치과의원,,,내원,,,,,,
12440,나비치과의원,,,내원,,,,,,
12441,첨단베스트치과의원,,,내원,,,,,,
12442,노블치과의원,,,내원,,,,,,
12443,더이튼치과의원,,,내원,,,,,,
12444,바른손치과의원,,,내원,,,,,,
12445,우리가족치과의원,,,내원,,,,,,
12446,예쁜미소치과의원,,,내원,,,,,,
12447,튼튼이어린이치과의원,,,내원,,,,,,
12448,미소지음치과의원,,,내원,,,,,,
12449,오제석치과의원,,,내원,,,,,,
12450,베테랑치과의원,,,내원,,,,,,
12451,안하나어린이치과의원,,,내원,,,,,,
12452,용봉우리치과의원,,,내원,,,,,,
12453,첨단예본치과의원,,,내원,,,,,,
12454,굿모닝치과의원,,,내원,,,,,,
12455,지혜치과의원,,,내원,,,,,,
12456,믿음치과의원,,,내원,,,,,,
12457,선치과의원,,,내원,,,,,,
12458,이음치과의원,,,내원,,,,,,
12459,연제바른치과의원,,,내원,,,,,,
12460,탄탄치과의원,,,내원,,,,,,
12461,백세치과의원,,,내원,,,,,,
12462,용봉퍼스트치과의원,,,내원,,,,,,
12463,연제현치과의원,,,내원,,,,,,
12464,센트럴치과의원,,,내원,,,,,,
12465,라파엘치과의원,,,내원,,,,,,
12466,선한이웃치과의원,,,내원,,,,,,
12467,라비엘치과의원,,,내원,,,,,,
12468,편한기치과의원,,,내원,,,,,,
12469,독일튼튼치과의원,,,내원,,,,,,
12470,가까운우리치과의원,,,내원,,,,,,
12471,햇살가득치과교정과치과의원,,,내원,,,,,,
12472,광주탑치과의원,,,내원,,,,,,
12473,시원한치과의원,,,내원,,,,,,
12474,튼튼잇몸치과의원,,,내원,,,,,,
12475,제이플치과의원,,,내원,,,,,,
12476,광주하트치과의원,,,내원,,,,,,
12477,감성플란트치과의원,,,내원,,,,,,
12478,선한약속치과의원,,,내원,,,,,,
12479,참편한치과의원,,,내원,,,,,,
12480,공감플란트치과의원,,,내원,,,,,,
12481,서울섬세한치과보철과의원,,,내원,,,,,,
12482,서광병원,내원,,,내원,내원,내원,내원,내원,내원
12483,미래로21병원,내원,내원,,내원,내원,내원,내원,내원,내원
12484,광주한국병원,내원,내원,,내원,내원,내원,내원,,내원
12485,선한병원,내원+출장,,내원,내원,내원,내원,내원,내원,내원
12486,상무병원,내원,내원,,내원,내원,내원,내원,내원,내원
12487,시엘병원,,,,,,,내원,내원,
12488,광주동림병원,내원,내원,,내원,내원,내원,내원,,
12489,우리아동병원,,내원,,,,,,,
12490,코끼리휴병원,내원,,,내원,내원,내원,,,
12491,소망하나로병원,내원+출장,,,내원+출장,내원+출장,내원,내원+출장,내원+출장,
12492,무지개병원,내원+출장,,,내원+출장,내원+출장,내원,내원+출장,내원,
12493,미즈피아병원,,내원,,,,,내원,내원,
12494,아이퍼스트아동병원,,내원,,,,,,,
12495,화정아동병원,,내원,,,,,,,
12496,시원병원,내원,,,내원,내원,내원,내원,내원,
12497,염내과의원,내원,,,내원,내원,내원,,,
12498,박영경소아과의원,,내원,,,,,,,
12499,(사단법인)한국건강관리협회건강증진의원,내원+출장,,,내원,내원+출장,내원,내원,내원,
12500,한독소아청소년과의원,,내원,,,,,,,
12501,보라여성의원,,,,,,,,내원,
12502,메디필내과의원,내원,,,내원,내원,내원,,,
12503,이지은소아과의원,,내원,,,,,,,
12504,현대산부인과의원,,,,,,,,내원,
12505,메디필서방사선과의원,,,,,,,내원,,
12506,복음연합의원,,내원,,,,,,,
12507,선내과의원,내원,,,내원,내원,내원,,,
12508,문내과의원,내원,,,내원,,내원,,,
12509,신세계내과의원,내원,,,내원,내원,내원,내원,,
12510,상무우리내과의원,내원,,,내원,내원,내원,,,
12511,이내과의원,내원,,,내원,내원,내원,,,
12512,명내과방사선과의원,내원,,,내원,내원,내원,내원,내원,
12513,양승원내과의원,내원,,,,내원,내원,,,
12514,한우리산부인과의원,,,,,,,,내원,
12515,문현주산부인과의원,,,,,,,,내원,
12516,프레메디산부인과의원,,,,,,,,내원,
12517,강경태내과의원,내원,,,내원,,내원,,,
12518,김성배내과의원,내원,,,내원,,내원,,,
12519,김영남내과의원,내원,,,내원,,내원,,,
12520,우리들내과의원,내원,,,내원,,내원,,,
12521,동천희망소아과의원,,내원,,,,,,,
12522,광주미래와희망산부인과의원,,,,,,,,내원,
12523,이철범이비인후과의원,,내원,,,,,,,
12524,(재단법인)한국의학연구소광주의원,내원+출장,,,내원,내원,내원,내원,내원,
12525,최세미산부인과의원,,,,,,,,내원,
12526,바른유외과의원,,,,,,,내원,,
12527,태영21내과의원,내원,,,내원,내원,내원,내원,내원,
12528,느낌좋은산부인과의원,,,,,,,,내원,
12529,상쾌한내과의원,내원,,,내원,내원,내원,,,
12530,목뉴방외과의원,내원,,,,,,내원,,
12531,광주주사랑의원,내원,,,내원,내원,내원,,,
12532,코끼리내과의원,내원,,,내원,내원,내원,,,
12533,소문난내과의원,내원,,,내원,내원,내원,내원,,
12534,하나로내과의원,내원,,,내원,내원,내원,,,
12535,최승호내과의원,내원,,,내원,내원,내원,,내원,
12536,서울삼성내과의원,내원,,,내원,내원,내원,내원,내원,
12537,박상훈내과의원,내원,,,내원,내원,내원,내원,내원,
12538,상무드림내과의원,내원,,,내원,내원,내원,내원,내원,
12539,문형철내과의원,내원,,,내원,내원,,,,
12540,장쏙쏙내과의원,내원,,,내원,내원,내원,내원,내원,
12541,풍암탑내과의원,내원,,,내원,내원,내원,,,
12542,키앤아이소아청소년과의원,,내원,,,,,,,
12543,서울갑유외과의원,,,,,,,내원,,
12544,극동사랑의원,내원,,,,,내원,,,
12545,금호우리내과의원,내원,,,내원,내원,내원,,,
12546,화정메트로내과의원,내원,,,내원,내원,내원,,,
12547,더소중한건강의원,내원,,,내원,내원,내원,내원,내원,
12548,삼성바른내과의원,내원,,,내원,내원,내원,내원,내원,
12549,미르치과병원,,,내원,,,,,,
12550,명인치과병원,,,내원,,,,,,
12551,상무스타치과병원,,,내원,,,,,,
12552,예인원치과병원,,,내원,,,,,,
12553,스마트원치과병원,,,내원,,,,,,
12554,노경완치과의원,,,내원,,,,,,
12555,마장선치과의원,,,내원,,,,,,
12556,김재덕치과의원,,,내원,,,,,,
12557,금호보스톤치과의원,,,내원,,,,,,
12558,임영석치과의원,,,내원,,,,,,
12559,대광치과의원,,,내원,,,,,,
12560,김재영치과의원,,,내원,,,,,,
12561,최진영치과의원,,,내원,,,,,,
12562,문태수치과의원,,,내원,,,,,,
12563,이조은치과의원,,,내원,,,,,,
12564,이사랑치과의원,,,내원,,,,,,
12565,버들치과의원,,,내원,,,,,,
12566,새한치과의원,,,내원,,,,,,
12567,온유치과의원,,,내원,,,,,,
12568,미소를드림치과의원,,,내원,,,,,,
12569,이플치과의원,,,내원,,,,,,
12570,즐거운치과의원,,,내원,,,,,,
12571,청아치과의원,,,내원,,,,,,
12572,미래로21치과의원,,,내원,,,,,,
12573,염주치과의원,,,내원,,,,,,
12574,해맑은치과의원,,,내원,,,,,,
12575,휴치과의원,,,내원,,,,,,
12576,온누리치과의원,,,내원,,,,,,
12577,오필교치과의원,,,내원,,,,,,
12578,e-클린치과의원,,,내원,,,,,,
12579,소치과의원,,,내원,,,,,,
12580,두리치과의원,,,내원,,,,,,
12581,샘치과의원,,,내원,,,,,,
12582,류종회치과의원,,,내원,,,,,,
12583,이지치과의원,,,내원,,,,,,
12584,허웅치과의원,,,내원,,,,,,
12585,푸른하늘치과의원,,,내원,,,,,,
12586,장이문치과교정과치과의원,,,내원,,,,,,
12587,지국섭치과의원,,,내원,,,,,,
12588,고우니치과의원,,,내원,,,,,,
12589,한사랑치과의원,,,내원,,,,,,
12590,상무바른이치과의원,,,내원,,,,,,
12591,우승관치과의원,,,내원,,,,,,
12592,다사랑치과의원,,,내원,,,,,,
12593,미플러스치과의원,,,내원,,,,,,
12594,홍익치과의원,,,내원,,,,,,
12595,비손치과의원,,,내원,,,,,,
12596,꼬마이치과의원,,,내원,,,,,,
12597,연세민치과의원,,,내원,,,,,,
12598,정부부치과의원,,,내원,,,,,,
12599,탑치과의원,,,내원,,,,,,
12600,이든치과의원,,,내원,,,,,,
12601,센트럴치과의원,,,내원,,,,,,
12602,조이치과의원,,,내원,,,,,,
12603,자이치과의원,,,내원,,,,,,
12604,김동준치과의원,,,내원,,,,,,
12605,금호꼬마이치과의원,,,내원,,,,,,
12606,이창섭치과의원,,,내원,,,,,,
12607,미소치과의원,,,내원,,,,,,
12608,가지런이치과교정과치과의원,,,내원,,,,,,
12609,동림웰치과의원,,,내원,,,,,,
12610,래미안치과의원,,,내원,,,,,,
12611,뉴욕연합치과의원,,,내원,,,,,,
12612,동림우리치과의원,,,내원,,,,,,
12613,사랑애치과의원,,,내원,,,,,,
12614,상무치과의원,,,내원,,,,,,
12615,향기로운사과나무치과의원,,,내원,,,,,,
12616,선이고운치과교정과치과의원,,,내원,,,,,,
12617,광주이플러스치과의원,,,내원,,,,,,
12618,고른이치과의원,,,내원,,,,,,
12619,권플란트치과의원,,,내원,,,,,,
12620,(사단법인)한국건강관리협회건강증진치과의원,,,내원,,,,,,
12621,동림구구치과의원,,,내원,,,,,,
12622,반석치과교정과구강악안면외과치과의원,,,내원,,,,,,
12623,늘푸른치과의원,,,내원,,,,,,
12624,훈치과의원,,,내원,,,,,,
12625,스페셜치과의원,,,내원,,,,,,
12626,상쾌한치과의원,,,내원,,,,,,
12627,함께웃는치과의원,,,내원,,,,,,
12628,인하루치과의원,,,내원,,,,,,
12629,우리동네치과의원,,,내원,,,,,,
12630,굿모닝치과의원,,,내원,,,,,,
12631,더블엠구강악안면외과치과의원,,,내원,,,,,,
12632,제이탑치과의원,,,내원,,,,,,
12633,치우치과의원(상무점),,,내원,,,,,,
12634,이지플란트치과의원,,,내원,,,,,,
12635,예인치과의원,,,내원,,,,,,
12636,오늘안치과의원,,,내원,,,,,,
12637,에스디치과교정과치과의원,,,내원,,,,,,
12638,한스치과의원,,,내원,,,,,,
12639,뿌리치과의원,,,내원,,,,,,
12640,효치과의원,,,내원,,,,,,
12641,무지개치과의원,,,내원,,,,,,
12642,화정연치과의원,,,내원,,,,,,
12643,서울화이트치과의원,,,내원,,,,,,
12644,상무수치과의원,,,내원+출장,,,,,,
12645,당신의치과의원,,,내원,,,,,,
12646,바른율치과의원,,,내원,,,,,,
12647,유디상무치과의원,,,내원+출장,,,,,,
12648,상무드림치과의원,,,내원,,,,,,
12649,조은미소치과의원,,,내원,,,,,,
12650,화정유치과의원,,,내원,,,,,,
12651,서울니어치과의원,,,내원,,,,,,
12652,가온치과의원,,,내원,,,,,,
12653,광천미서울치과의원,,,내원,,,,,,
12654,바른수치과의원,,,내원,,,,,,
12655,아삭플란트치과의원,,,내원+출장,,,,,,
12656,메디필치과의원,,,내원,,,,,,
12657,화정힐스치과의원,,,내원,,,,,,
12658,튼튼이치과의원,,,내원,,,,,,
12659,리본치과의원,,,내원,,,,,,
12660,광주보훈병원,내원,,내원,,내원,,내원,내원,내원
12661,하남성심병원,내원,내원,내원,내원,내원,내원,내원,내원,내원
12662,신가병원,내원,,,내원,내원,내원,내원,내원,내원
12663,첨단종합병원,내원,내원,내원,내원,내원,내원,내원,내원,내원
12664,KS병원,내원,내원,내원,내원,내원,내원,내원,내원,내원
12665,광주수완병원,내원,,,내원,내원,내원,내원,내원,내원
12666,광주센트럴병원,내원,내원,,내원,내원,내원,내원,내원,내원
12667,한사랑병원,내원,,,내원,내원,내원,내원,내원,
12668,광주열린병원,내원,,,내원,내원,내원,내원,내원,
12669,더블유여성병원,,,,,,,내원,내원,
12670,광주21세기병원,내원,,,내원,내원,내원,,,
12671,하나아동병원,,내원,,,,,,,
12672,한마음병원,,내원,,,,,,,
12673,광산수완미래아동병원,내원,내원,,,,,,,
12674,광주중앙아동병원,,내원,,,,,,,
12675,세계로병원,내원,,,내원,내원,내원,내원,내원,
12676,송정사랑병원,내원,,,내원,내원,내원,내원,내원,
12677,자연요양병원,내원,,,,,,,,
12678,호산내과의원,내원,,,,,,,,
12679,가족건강의원,,내원,,,,,,,
12680,한정렬내과의원,내원,,,내원,내원,내원,,,
12681,퀸즈산부인과의원,,,,,,,,내원,
12682,목화소아청소년과의원,,내원,,,,,,,
12683,연합외과의원,내원,,,내원,내원,내원,,,
12684,월곡고려의원,,내원,,,,,,,
12685,사)대한산업보건협회부설전남의원,내원+출장,,출장,,,,,,
12686,다솜소아청소년과의원,,내원,,,,,,,
12687,소망의원,내원,내원,,,,,,,
12688,첨단연합내과의원,내원,,,내원,내원,내원,,,
12689,목화산부인과의원,,,,,,,,내원,
12690,현대소아청소년과의원,,내원,,,,,,,
12691,오내과의원,내원,,,내원,,내원,,,
12692,박가정의학과의원,,내원,,,,,,,
12693,박가정의학과의원,,내원,,,,,,,
12694,성정희산부인과의원,,,,,,,,내원,
12695,강내과의원,내원,,,내원,내원,내원,,,
12696,양주열내과의원,내원,,,,,내원,,,
12697,박주형내과의원,내원,,,,,,,,
12698,미래여성산부인과의원,,,,,,,,내원,
12699,운남푸른소아청소년과의원,,내원,,,,,,,
12700,하나로이비인후과의원,,내원,,,,,,,
12701,기쁨소아청소년과의원,,내원,,,,,,,
12702,키큰나무소아청소년과의원,,내원,,,,,,,
12703,본내과의원,내원,,,내원,내원,내원,,,
12704,한결내과의원,내원,,,내원,,내원,,,
12705,이지산부인과의원,,,,,,,,내원,
12706,박내과의원,내원,,,내원,,내원,,,
12707,신세화산부인과의원,,,,,,,,내원,
12708,속편한내과의원,내원,,,내원,내원,내원,,,
12709,최성란산부인과의원,,,,,,,,내원,
12710,임현정산부인과의원,,,,,,,,내원,
12711,비쥬여성산부인과의원,,,,,,,,내원,
12712,정해율키즈엔젤소아청소년과의원,,내원,,,,,,,
12713,첨단즐거운내과의원,내원,내원,,내원,내원,내원,내원,내원,
12714,바른내과의원,내원,,,내원,내원,내원,,,
12715,첨단박유환내과의원,내원,,,내원,내원,내원,,,
12716,김정은산부인과의원,,,,,,,,내원,
12717,수내과의원,내원,,,내원,내원,내원,,,
12718,비아연합내과의원,내원,내원,,내원,내원,내원,,,
12719,미래항외과의원,내원,,,내원,내원,,,,
12720,플러스내과영상의학과의원,내원,,,내원,내원,내원,내원,내원,
12721,박지현산부인과의원,,,,,,,,내원,
12722,우리소아청소년과의원,,내원,,,,,,,
12723,드림연합내과의원,내원,,,내원,내원,내원,,,
12724,이지안소아청소년과의원,,내원,,,,,,,
12725,첨단미즈여성의원,,,,,,,,내원,
12726,서울위드유외과의원,,,,,,,내원,,
12727,더드림내과의원,내원,,,내원,내원,내원,,,
12728,첨단은내과의원,내원,내원,,내원,,내원,,,
12729,5튼튼의원,내원,,,내원,내원,내원,,,
12730,늘편한내과의원,내원,,,내원,내원,내원,,,
12731,첨단메디케어의원,내원,내원,,내원,내원,내원,내원,내원,
12732,이봉규내과의원,내원,,,내원,내원,내원,,,
12733,참편한내과의원,내원,,,내원,내원,내원,,,
12734,더블유소아청소년과의원,,내원,,,,,,,
12735,첨단우덕수내과의원,내원,,,내원,내원,내원,,,
12736,서울탑내과의원,내원,,,내원,내원,내원,내원,내원,
12737,수완탑내과의원,내원,,,내원,내원,내원,내원,내원,
12738,그레이트여성의원,,,,,,,,내원,
12739,신가우리내과의원,내원,,,내원,내원,,,,
12740,우리동네의원,내원,,,내원,,내원,,,
12741,스마일내과의원,내원,,,내원,내원,내원,내원,,
12742,가슴튼튼내과의원,내원,,,,,내원,,,
12743,유경완내과의원,내원,,,내원,내원,내원,내원,,
12744,아이마여성의원,,,,,,,,내원,
12745,이현진신경과&김은정내과의원,내원,,,내원,내원,내원,내원,내원,
12746,송정속시원내과의원,내원,,,내원,내원,내원,,,
12747,선운탑내과의원,내원,,,내원,내원,내원,,,
12748,하남안심내과의원,내원,,,내원,내원,내원,,,
12749,에스엠치과병원,,,내원,,,,,,
12750,수완더치과병원,,,내원,,,,,,
12751,곽종하치과의원,,,내원,,,,,,
12752,박정열치과의원,,,내원,,,,,,
12753,첨단퍼스트치과의원,,,내원+출장,,,,,,
12754,김용일치과의원,,,내원,,,,,,
12755,이선희치과의원,,,내원,,,,,,
12756,위민치과의원,,,내원,,,,,,
12757,한강부부치과의원,,,내원,,,,,,
12758,재민치과의원,,,내원,,,,,,
12759,웅치과의원,,,내원,,,,,,
12760,송정부부치과의원,,,내원,,,,,,
12761,첨단노블치과의원,,,내원,,,,,,
12762,두산치과의원,,,내원,,,,,,
12763,최수진치과의원,,,내원,,,,,,
12764,선치과의원,,,내원,,,,,,
12765,2080치과의원,,,내원,,,,,,
12766,밝을明치과의원,,,내원,,,,,,
12767,리더스치과의원,,,내원,,,,,,
12768,신가치과의원,,,내원,,,,,,
12769,수치과의원,,,내원,,,,,,
12770,본치과의원,,,내원,,,,,,
12771,21세기치과의원,,,내원,,,,,,
12772,그린치과의원,,,내원,,,,,,
12773,정성국치과의원,,,내원,,,,,,
12774,편한세상치과의원,,,내원,,,,,,
12775,e푸른치과의원,,,내원,,,,,,
12776,프리미엄치과의원,,,내원,,,,,,
12777,미사랑치과의원,,,내원,,,,,,
12778,이룸치과의원,,,내원,,,,,,
12779,노기표치과의원,,,내원,,,,,,
12780,하나아동치과의원,,,내원,,,,,,
12781,인사랑치과의원,,,내원,,,,,,
12782,세정치과의원,,,내원,,,,,,
12783,올바른치과교정과치과의원,,,내원,,,,,,
12784,우리가족치과의원,,,내원,,,,,,
12785,신화치과의원,,,내원,,,,,,
12786,푸른부부치과의원,,,내원+출장,,,,,,
12787,미소담치과의원,,,내원,,,,,,
12788,대덕치과의원,,,내원,,,,,,
12789,굿모닝치과의원,,,내원,,,,,,
12790,믿음치과의원,,,내원,,,,,,
12791,수완노블치과의원,,,내원,,,,,,
12792,해바라기치과의원,,,내원,,,,,,
12793,미소림치과의원,,,내원,,,,,,
12794,아름드리치과의원,,,내원,,,,,,
12795,오복어린이치과의원,,,내원,,,,,,
12796,으뜸치과의원,,,내원,,,,,,
12797,큰별치과의원,,,내원,,,,,,
12798,광산미래아동치과의원,,,내원,,,,,,
12799,하이치과의원,,,내원,,,,,,
12800,대학치과의원,,,내원,,,,,,
12801,에이스치과의원,,,내원,,,,,,
12802,수완반석치과의원,,,내원,,,,,,
12803,첨단사랑치과의원,,,내원,,,,,,
12804,연세세브란스치과의원,,,내원,,,,,,
12805,진부부치과의원,,,내원,,,,,,
12806,강남웰치과의원,,,내원,,,,,,
12807,캘리포니아치과의원,,,내원+출장,,,,,,
12808,치우치과의원,,,내원,,,,,,
12809,스페셜치과의원,,,내원,,,,,,
12810,미담치과의원,,,내원,,,,,,
12811,자연이사랑치과의원,,,내원,,,,,,
12812,선운치과의원,,,내원,,,,,,
12813,하남노블치과의원,,,내원,,,,,,
12814,퍼스트치과의원,,,내원,,,,,,
12815,아이오치과의원,,,내원,,,,,,
12816,늘푸른미치과의원,,,내원,,,,,,
12817,흰돌치과의원,,,내원,,,,,,
12818,한사랑플란트치과의원,,,내원,,,,,,
12819,송정윤치과의원,,,내원,,,,,,
12820,기분좋은치과의원,,,내원,,,,,,
12821,메디케어치과의원,,,내원,,,,,,
12822,조아영치과의원,,,내원,,,,,,
12823,더편한치과의원,,,내원,,,,,,
12824,뉴욕미래치과의원,,,내원+출장,,,,,,
12825,신창치과의원,,,내원,,,,,,
12826,동그라미치과의원,,,내원,,,,,,
12827,송정아가페치과의원,,,내원,,,,,,
12828,김현우치과의원,,,내원,,,,,,
12829,시원치과의원,,,내원,,,,,,
12830,송정사랑치과의원,,,내원,,,,,,
12831,슬기롭고아름다운치과교정과치과의원,,,내원,,,,,,
12832,참바른치과교정과치과의원,,,내원,,,,,,
12833,더산뜻치과의원,,,내원,,,,,,
12834,청치과의원,,,내원,,,,,,
12835,새신가치과의원,,,내원,,,,,,
12836,송정수치과의원,,,내원,,,,,,
12837,수완미소치과의원,,,내원,,,,,,
12838,지플란트치과의원,,,내원,,,,,,
12839,활짝웃는치과교정과치과의원,,,내원,,,,,,
12840,서울우리아이치과의원,,,내원,,,,,,
12841,수완꾸러기치과의원,,,내원,,,,,,
12842,큰사랑치과의원,,,내원,,,,,,
12843,서울수완치과의원,,,내원,,,,,,
12844,박상훈치과의원,,,내원,,,,,,
12845,본이좋은치과의원,,,내원,,,,,,
12846,자이치과의원,,,내원,,,,,,
12847,세계로탑치과의원,,,내원,,,,,,
12848,비우고채우는치과의원,,,내원,,,,,,
12849,첨단튼튼치과의원,,,내원,,,,,,
12850,오후의치과의원,,,내원,,,,,,
12851,광주마인드원치과의원,,,내원,,,,,,
12852,비전치과의원,,,내원,,,,,,
12853,서울365스마일치과의원,,,내원,,,,,,
12854,내사랑아이치과의원,,,내원,,,,,,
12855,탑스치과의원,,,내원+출장,,,,,,
12856,탑클래스치과의원,,,내원,,,,,,
12857,365바른마음치과의원,,,내원,,,,,,
12858,센텀치과의원,,,내원,,,,,,
12859,서울힐스치과의원,,,내원,,,,,,
12860,하늘수치과의원,,,내원,,,,,,
12861,더아삭치과의원,,,내원,,,,,,
12862,전남대학교병원,내원,,,내원,내원,내원,내원,내원,
12863,조선대학교병원,내원,,,내원,내원,내원,내원,내원,
12864,광주기독병원,내원,내원,내원,내원,내원,내원,내원,내원,내원
12865,광주씨티병원,내원,내원,,내원,내원,내원,내원,,내원
12866,빛고을전남대학교병원,내원,,,내원,내원,내원,내원,내원,
12867,동아병원,내원,,,내원,내원,내원,내원,내원,내원
12868,미래아동병원,내원,내원,,,,,,,
12869,한일병원,내원,,,내원,내원,내원,내원,,
12870,동명병원,내원,,,내원,내원,내원,내원,내원,
12871,대중병원,내원,,,내원,내원,내원,내원,,
12872,모아산부인과병원,,,,,,,내원,내원,
12873,예사랑아동병원,,내원,,,,,,,
12874,사랑샘병원,내원,,,내원,내원,내원,내원,내원,
12875,최춘산부인과의원,,,,,,,,내원,
12876,허경룡소아과의원,,내원,,,,,,,
12877,조내과의원,내원,,,내원,내원,내원,내원,내원,
12878,이덕웅소아청소년과의원,,내원,,,,,,,
12879,사단법인인구보건복지협회광주전남지회가족보건의원,내원,내원,,내원,내원,내원,내원,내원,
12880,복음내과의원,내원,,,내원,내원,내원,,,
12881,자모스프링여성의원,,,,,,,,내원,
12882,이상명내과의원,내원,내원,,내원,내원,내원,내원,내원,
12883,허웅이비인후과의원,,내원,,,,,,,
12884,광주대항외과의원,내원,,,,내원,내원,,,
12885,김강호소아청소년과의원,,내원,,,,,,,
12886,정내과의원,내원,,,내원,내원,내원,,,
12887,양승진내과의원,내원,,,,,내원,,,
12888,이정산부인과의원,,,,,,,,내원,
12889,메디플라워내과의원,내원,,,내원,내원,내원,,,
12890,허경내과의원,내원,내원,,내원,,내원,,,
12891,서울내과의원,내원,,,내원,내원,내원,,,
12892,오재선내과의원,내원,,,내원,내원,내원,,,
12893,조승열내과의원,내원,,,내원,내원,내원,,,
12894,아이원소아청소년과의원,,내원,,,,,,,
12895,학문외과의원,내원,,,내원,내원,,,,
12896,김평남내과의원,내원,,,내원,내원,내원,내원,,
12897,진월연합소아청소년과의원,,내원,,,,,,,
12898,김경호내과의원,내원,,,내원,,내원,,,
12899,봉선드림소아청소년과의원,,내원,,,,,,,
12900,이진희산부인과의원,,,,,,,,내원,
12901,김용주내과의원,내원,,,,,내원,,,
12902,광주중앙영상의학과의원,내원,,,,,내원,,,
12903,굿모닝내과의원,내원,,,내원,내원,내원,내원,,
12904,중앙소아청소년과의원,,내원,,,,,,,
12905,조민석내과의원,내원,,,내원,내원,내원,,,
12906,도담소아청소년과의원,,내원,,,,,,,
12907,복음내과의원,내원,,,내원,,내원,,,
12908,솔가정의학과의원,,내원,,,,,,,
12909,밝은소아청소년과의원,,내원,,,,,,,
12910,러브미여성의원,,,,,,,,내원,
12911,굿모닝소아청소년과의원,,내원,,,,,,,
12912,한화생명(주)광주부속의원,내원,,,,,,,,
12913,하이소아청소년과의원,,내원,,,,,,,
12914,허준이비인후과의원,,내원,,,,,,,
12915,힐링연합의원,내원,,,내원,내원,내원,,,
12916,노벨플러스내과의원,내원,,,내원,내원,내원,,,
12917,리리의원,,내원,,,,,,,
12918,우리아이소아청소년과의원,,내원,,,,,,,
12919,그린여성의원,,,,,,,,내원,
12920,대인연합내과의원,내원,,,내원,내원,내원,내원,내원,
12921,더편한내과의원,내원,,,내원,내원,내원,내원,,
12922,이금수내과의원,내원,,,내원,내원,내원,,,
12923,효천내과의원,내원,,,내원,내원,내원,내원,내원,
12924,위대한내과의원,내원,,,내원,내원,내원,,,
12925,우리건강내과의원,내원,,,내원,내원,내원,내원,내원,
12926,김완혈심내과의원,내원,,,내원,,내원,,,
12927,선형유외과의원,,,,,,,내원,,
12928,봄산부인과의원,,,,,,,,내원,
12929,광주의원,내원,,,내원,내원,내원,,,
12930,스텔라여성의원,,,,,,,,내원,
12931,모든내과의원,내원,,,내원,내원,내원,내원,내원,
12932,엘여성의원,,,,,,,,내원,
12933,위편한내과의원,내원,,,내원,내원,내원,,,
12934,다우리내과의원,내원,,,내원,내원,내원,내원,내원,
12935,계림부부내과의원,내원,,,내원,내원,내원,내원,내원,
12936,삼성장내과의원,내원,,,내원,내원,내원,,,
12937,다온유외과의원,,,,,,,내원,,
12938,아이소리소아청소년과의원,,내원,,,,,,,
12939,장이편한내과의원,내원,,,내원,내원,내원,,,
12940,새봄여성의원,,,,,,,,내원,
12941,학동편한내과의원,내원,,,내원,내원,내원,내원,,
12942,조선대학교치과병원,,,내원+출장,,,,,,
12943,김예란치과의원,,,내원,,,,,,
12944,최치과의원,,,내원,,,,,,
12945,임금치과의원,,,내원,,,,,,
12946,장기영치과의원,,,내원,,,,,,
12947,김치과의원,,,내원,,,,,,
12948,평화치과의원,,,내원,,,,,,
12949,양치과의원,,,내원,,,,,,
12950,한빛치과의원,,,내원,,,,,,
12951,대인치과의원,,,내원,,,,,,
12952,대성치과의원,,,내원,,,,,,
12953,포도나무치과의원,,,내원,,,,,,
12954,김상태치과의원,,,내원,,,,,,
12955,박상윤치과의원,,,내원,,,,,,
12956,정앤양치과의원,,,내원,,,,,,
12957,이안희치과의원,,,내원,,,,,,
12958,하나치과의원,,,내원,,,,,,
12959,이-클린치과의원,,,내원,,,,,,
12960,김광수치과의원,,,내원,,,,,,
12961,광주치과의원,,,내원,,,,,,
12962,하얀이치과의원,,,내원,,,,,,
12963,정은주ㆍ김석치과의원,,,내원+출장,,,,,,
12964,위생치과의원,,,내원,,,,,,
12965,조진우치과의원,,,내원,,,,,,
12966,양재호치과의원,,,내원,,,,,,
12967,고정석치과교정과치과의원,,,내원,,,,,,
12968,드림치과의원,,,내원,,,,,,
12969,센텀치과의원,,,내원,,,,,,
12970,누리치과의원,,,내원,,,,,,
12971,전상운치과의원,,,내원,,,,,,
12972,한길치과의원,,,내원,,,,,,
12973,살구나무치과의원,,,내원,,,,,,
12974,서정치과의원,,,내원,,,,,,
12975,지산치과의원,,,내원,,,,,,
12976,이선아치과의원,,,내원,,,,,,
12977,조치과의원,,,내원,,,,,,
12978,정다운치과의원,,,내원,,,,,,
12979,씨티치과의원,,,내원,,,,,,
12980,안치과의원,,,내원,,,,,,
12981,정선희치과의원,,,내원,,,,,,
12982,노대우리치과의원,,,내원,,,,,,
12983,미래아동치과의원,,,내원,,,,,,
12984,돌고개사랑치과의원,,,내원,,,,,,
12985,치아림치과의원,,,내원,,,,,,
12986,사랑으로치과의원,,,내원,,,,,,
12987,오정석치과의원,,,내원,,,,,,
12988,맑은샘치과의원,,,내원,,,,,,
12989,광주웰치과의원,,,내원,,,,,,
12990,정이든치과의원,,,내원,,,,,,
12991,민치과의원,,,내원,,,,,,
12992,래미안치과의원,,,내원,,,,,,
12993,브니엘치과의원,,,내원,,,,,,
12994,진월허브치과의원,,,내원,,,,,,
12995,소나무치과의원,,,내원,,,,,,
12996,이드림치과의원,,,내원,,,,,,
12997,좋은이치과의원,,,내원,,,,,,
12998,대중치과의원,,,내원,,,,,,
12999,밝은치과의원,,,내원,,,,,,
13000,은석치과의원,,,내원,,,,,,
13001,코스모스치과의원,,,내원,,,,,,
13002,임플러스치과의원,,,내원,,,,,,
13003,이연치과의원,,,내원,,,,,,
13004,다민치과의원,,,내원,,,,,,
13005,이(e)탑치과의원,,,내원,,,,,,
13006,태양치과의원,,,내원,,,,,,
13007,이상국치과의원,,,내원,,,,,,
13008,하늘과바람과별과치과의원,,,내원,,,,,,
13009,금남플란트치과의원,,,내원,,,,,,
13010,미래치과의원,,,내원,,,,,,
13011,효천가족치과의원,,,내원,,,,,,
13012,킹덤치과의원,,,내원,,,,,,
13013,바른생각차승래치과의원,,,내원,,,,,,
13014,조영곤치과의원,,,내원,,,,,,
13015,봉선연합치과의원,,,내원,,,,,,
13016,봉선사랑치과의원,,,내원,,,,,,
13017,전승범치과의원,,,내원,,,,,,
13018,W화이트치과의원,,,내원,,,,,,
13019,양림치과의원,,,내원,,,,,,
13020,진월치과의원,,,내원,,,,,,
13021,스마트치과의원,,,내원,,,,,,
13022,동신치과의원,,,내원,,,,,,
13023,이사금치과의원,,,내원,,,,,,
13024,이사랑치과의원,,,내원,,,,,,
13025,베스트필치과의원,,,내원,,,,,,
13026,마음애치과의원,,,내원,,,,,,
13027,맥스덴치과의원,,,내원,,,,,,
13028,바른플란트치과의원,,,내원,,,,,,
13029,유디치과의원,,,내원,,,,,,
13030,연세수치과의원,,,내원,,,,,,
13031,빛고을치과의원,,,내원,,,,,,
13032,디자인치과의원,,,내원,,,,,,
13033,선플란트치과의원,,,내원,,,,,,
13034,엘치과의원,,,내원,,,,,,
13035,아름다운e치과교정과치과의원,,,내원,,,,,,
13036,봉선e치과의원,,,내원,,,,,,
13037,진월우리치과의원,,,내원,,,,,,
13038,박치과의원,,,내원,,,,,,
13039,굿플란트치과의원,,,내원,,,,,,
13040,새빛치과의원,,,내원,,,,,,
13041,곰돌이소아치과의원,,,내원,,,,,,
13042,김종기치과의원,,,내원,,,,,,
13043,광주라온치과의원,,,내원,,,,,,
13044,모두의미소치과의원,,,내원,,,,,,
13045,스마일치과의원,,,내원,,,,,,
13046,연세강치과의원,,,내원,,,,,,
13047,휴플란트치과의원,,,내원,,,,,,
13048,미쁨치과의원,,,내원,,,,,,
13049,아이온치과의원,,,내원,,,,,,
13050,봄봄아이치과의원,,,내원,,,,,,
13051,강덕화치과의원,,,내원,,,,,,
13052,와온치과의원,,,내원,,,,,,
13053,광주명문치과의원,,,내원,,,,,,
13054,김앤김치과의원,,,내원,,,,,,
13055,열린치과의원,,,내원,,,,,,
13056,동아바른이치과의원,,,내원,,,,,,
13057,반듯한치과의원,,,내원,,,,,,
13058,악어새치과교정과의원,,,내원,,,,,,
13059,원광대학교광주한방병원,내원,,,내원,,내원,,,
13060,재단법인예수병원유지재단예수병원,내원,,내원,내원,내원,내원,내원,내원,내원
13061,의료법인영경의료재단전주병원,내원+출장,내원,내원+출장,내원,내원+출장,내원,내원,내원,내원
13062,전주우석병원,내원,,,내원,내원,내원,내원,내원,
13063,엠마오사랑병원,내원,,,,,내원,,,
13064,전주기독병원,내원,내원,내원,내원,내원,내원,내원,내원,
13065,한양병원,내원,,,내원,내원,내원,내원,내원,
13066,본병원,내원,,,내원,,내원,,,
13067,다사랑병원,내원,내원,,,,,,,
13068,수병원,내원,,,,,,,,
13069,유로병원,내원,,,내원,내원,내원,,내원,
13070,미르피아여성병원,,내원,,,,,내원,내원,
13071,전주다솔아동병원,내원,내원,,,,,,내원,
13072,드림솔병원,내원,,,내원,내원,내원,,,
13073,전주바로병원,내원,,,내원,내원,내원,,,
13074,의료법인인산의료재단자인플러스병원,내원,,,내원,내원,내원,내원,내원,
13075,효사랑가족요양병원,내원,,,내원,,내원,,,
13076,한솔요양병원,내원,,,,,,,,
13077,해맑은연합소아청소년과의원,,내원,,,,,,,
13078,송호신내과의원,내원,,,내원,내원,내원,내원,,
13079,강원택내과의원,내원,,,내원,,내원,,,
13080,미즈웰김영희산부인과의원,,,,,,,,내원,
13081,허원영내과의원,내원,,,내원,,내원,,,
13082,장명규내과의원,내원,,,내원,내원,내원,,,
13083,누가외과연합의원,내원,,,내원,내원,내원,내원,,
13084,장대영소아청소년과의원,,내원,,,,,,,
13085,김종구내과의원,내원,,,내원,내원,내원,,,
13086,차경연산부인과의원,,,,,,,,내원,
13087,오내과의원,내원,,,내원,내원,내원,,,
13088,조수영소아청소년과의원,,내원,,,,,,,
13089,정소아청소년과의원,,내원,,,,,,,
13090,송하숙전북영상의학과내과의원,내원,,,내원,내원,내원,내원,내원,
13091,이홍내과의원,내원,,,내원,,내원,,,
13092,전주항외과의원,내원,,,내원,내원,,,,
13093,김혜영소아청소년과의원,,내원,,,,,,,
13094,황호근내과의원,내원,,,내원,내원,,,,
13095,은혜산부인과의원,,,,,,,,내원,
13096,박은재내과의원,내원,,,내원,내원,내원,,,
13097,복음연합내과의원,내원,,,내원,내원,내원,내원,,
13098,유비내과의원,내원,,,내원,내원,내원,,,
13099,호남누가내과의원,내원,,,내원,,내원,,,
13100,아이리체소아청소년과의원,,내원,,,,,,,
13101,늘푸른소아청소년과의원,,내원,,,,,,,
13102,피노키오소아청소년과의원,,내원,,,,,,,
13103,이승연산부인과의원,,,,,,,,내원,
13104,우리들항외과의원,내원,,,내원,내원,,,,
13105,유앤미외과의원,,,,,,,내원,,
13106,참조은산부인과의원,,,,,,,,내원,
13107,온누리연합내과의원,내원,,,내원,내원,내원,내원,내원,
13108,연세가정의학과내과의원,내원,,,내원,,,,,
13109,푸른산부인과여성의원,,,,,,,,내원,
13110,전주내과영상의학과의원,내원,,,내원,내원,내원,내원,내원,
13111,남부연합의원,내원,,,내원,내원,내원,,내원,
13112,김양호내과의원,내원,,,내원,내원,내원,,,
13113,박용현내과의원,내원,,,내원,,내원,,,
13114,세나유의원,,,,,,,내원,,
13115,우리항맥외과의원,내원,,,내원,내원,내원,,,
13116,유앤장외과의원,내원,,,내원,내원,내원,내원,,
13117,새란산부인과의원,,,,,,,,내원,
13118,위사랑연합내과의원,내원,,내원,내원,내원,내원,내원,,
13119,밝은산부인과의원,,,,,,,,내원,
13120,연세수가정의학과의원,내원,,,,,,,,
13121,전주드림내과의원,내원,,,내원,내원,내원,내원,,
13122,유앤유외과의원,,,,,,,내원,,
13123,서신전주내과의원,내원,,,내원,,내원,,,
13124,양빛나유외과의원,,,,,,,내원,,
13125,위편한내과의원,내원,,,내원,내원,내원,내원,내원,
13126,신경덕내과의원,내원,,,내원,내원,내원,,,
13127,소피아여성의원,,,,,,,,내원,
13128,청춘내과의원,내원,,,내원,내원,내원,내원,,
13129,늘편한내과의원,내원,,,,,,,,
13130,하늘내과의원,내원,,,내원,내원,내원,내원,내원,
13131,미래내과의원,내원,,,내원,내원,내원,내원,내원,
13132,가온의료소비자생활협동조합세나여성의원,내원,,,,,,,내원,
13133,국민내과의원,내원,,,내원,내원,내원,내원,내원,
13134,송민주내과의원,내원,,,,,내원,,,
13135,우리마디의원,내원+출장,,,내원+출장,내원+출장,,내원+출장,,
13136,정한샘내과의원,내원,,,,,내원,,,
13137,효천연합내과의원,내원,,,내원,내원,내원,내원,내원,
13138,서울아산내과의원,내원,,,,,내원,,,
13139,키즈톡스소아청소년과의원,,내원,,,,,,,
13140,한양김영삼내과의원,내원,,,,,,,,
13141,남상우내과의원,내원,,,내원,내원,내원,,,
13142,봄가정의학과의원,내원,,,,,,,,
13143,서신위내과의원,내원,,,내원,내원,내원,,내원,
13144,장영범소아청소년과의원,,내원,,,,,,,
13145,그레이프산부인과의원,,,,,,,,내원,
13146,신통내과의원,내원,,,내원,내원,내원,내원,내원,
13147,미르소아청소년과의원,내원,내원,,,,,,,
13148,박영삼세이유외과의원,,,,,,,내원,,
13149,삼천편안내과의원,내원,,,내원,내원,내원,내원,내원,
13150,강초희유외과의원,,,,,,,내원,,
13151,미르치과병원,,,내원+출장,,,,,,
13152,곽치과의원,,,내원,,,,,,
13153,전치과의원,,,내원,,,,,,
13154,뉴욕치과의원,,,내원,,,,,,
13155,좋은얼굴신종연치과의원,,,내원,,,,,,
13156,조세열치과의원,,,내원,,,,,,
13157,오환용치과의원,,,내원,,,,,,
13158,그린치과의원,,,내원,,,,,,
13159,최화수치과의원,,,내원,,,,,,
13160,박현배치과의원,,,내원,,,,,,
13161,휴먼치과의원,,,내원,,,,,,
13162,효자부부치과의원,,,내원,,,,,,
13163,우리사랑치과의원,,,내원,,,,,,
13164,한길부부치과의원,,,내원,,,,,,
13165,우정치과의원,,,내원,,,,,,
13166,전주엠디치과의원,,,내원,,,,,,
13167,강남치과의원,,,내원,,,,,,
13168,코오롱부부치과의원,,,내원,,,,,,
13169,이철희치과의원,,,내원,,,,,,
13170,장은하치과의원,,,내원,,,,,,
13171,피디치과의원,,,내원,,,,,,
13172,우리치과의원,,,내원,,,,,,
13173,소서영치과의원,,,내원,,,,,,
13174,상산치과의원,,,내원,,,,,,
13175,이건치과의원,,,내원,,,,,,
13176,함께하는치과의원,,,내원,,,,,,
13177,고은이치과의원,,,내원,,,,,,
13178,참사랑부부치과의원,,,내원,,,,,,
13179,행복한치과의원,,,내원,,,,,,
13180,온영석치과의원,,,내원,,,,,,
13181,전주예치과의원,,,내원,,,,,,
13182,미소아름치과의원,,,내원+출장,,,,,,
13183,중원치과의원,,,내원,,,,,,
13184,이경하치과의원,,,내원,,,,,,
13185,이호치과의원,,,내원,,,,,,
13186,선치과의원,,,내원,,,,,,
13187,전일치과의원,,,내원,,,,,,
13188,형치과의원,,,내원,,,,,,
13189,굿모닝치과의원,,,내원,,,,,,
13190,김문영치과의원,,,내원,,,,,,
13191,은치과의원,,,내원,,,,,,
13192,한결치과의원,,,내원,,,,,,
13193,소중한이치과의원,,,내원,,,,,,
13194,이지치과의원,,,내원,,,,,,
13195,연치과의원,,,내원,,,,,,
13196,닥터진치과의원,,,내원,,,,,,
13197,아름다운이치과의원,,,내원,,,,,,
13198,보가치과의원,,,내원,,,,,,
13199,이미지치과의원,,,내원,,,,,,
13200,하루안치과의원,,,내원,,,,,,
13201,수앤미치과의원,,,내원,,,,,,
13202,베스트e치과의원,,,내원,,,,,,
13203,롯데부부치과의원,,,내원,,,,,,
13204,하나로부부치과의원,,,내원,,,,,,
13205,미소심는치과의원,,,내원,,,,,,
13206,퍼스트치과의원,,,내원,,,,,,
13207,서진치과의원,,,내원,,,,,,
13208,프라임치과의원,,,내원,,,,,,
13209,예본치과의원,,,내원,,,,,,
13210,효천이치과의원,,,내원,,,,,,
13211,하늘치과의원,,,내원,,,,,,
13212,노블리안치과의원,,,내원,,,,,,
13213,선부부치과의원,,,내원,,,,,,
13214,참좋은치과의원,,,내원,,,,,,
13215,사람사랑치과의원,,,내원,,,,,,
13216,라인치과의원,,,내원,,,,,,
13217,우리미소치과의원,,,내원,,,,,,
13218,전주탑치과보존과치과의원,,,내원,,,,,,
13219,류치과의원,,,내원,,,,,,
13220,하이플란트치과의원,,,내원,,,,,,
13221,모던치과의원,,,내원,,,,,,
13222,미소안치과의원,,,내원,,,,,,
13223,선한이치과의원,,,내원,,,,,,
13224,이로운치과의원,,,내원,,,,,,
13225,예인치과의원,,,내원,,,,,,
13226,샘물소아치과의원,,,내원,,,,,,
13227,바르미나치과의원,,,내원,,,,,,
13228,정성치과의원,,,내원,,,,,,
13229,서곡치과의원,,,내원,,,,,,
13230,융구강악안면외과치과의원,,,내원,,,,,,
13231,굿닥터김태광치과의원,,,내원,,,,,,
13232,바르다김인주치과의원,,,내원,,,,,,
13233,온고을치과의원,,,내원,,,,,,
13234,열정치과의원,,,내원,,,,,,
13235,이튼튼구강악안면외과치과의원,,,내원,,,,,,
13236,기분좋은치과의원,,,내원,,,,,,
13237,서원부부치과의원,,,내원,,,,,,
13238,휴부부치과의원,,,내원,,,,,,
13239,온가족치과의원,,,내원,,,,,,
13240,연세미소치과의원,,,내원,,,,,,
13241,나란히연합치과의원,,,내원,,,,,,
13242,행복치과의원,,,내원,,,,,,
13243,와이편한치과의원,,,내원,,,,,,
13244,온마음치과의원,,,내원,,,,,,
13245,그랜드치과의원,,,내원,,,,,,
13246,바른이안치과교정과치과의원,,,내원,,,,,,
13247,백제치과의원,,,내원,,,,,,
13248,올곧바른치과의원,,,내원,,,,,,
13249,고은빛치과의원,,,내원,,,,,,
13250,이플러스치과의원,,,내원,,,,,,
13251,바른누리치과의원,,,내원+출장,,,,,,
13252,화이트e치과의원,,,내원,,,,,,
13253,효천탑플란트치과의원,,,내원,,,,,,
13254,미소로치과의원,,,내원,,,,,,
13255,고웰치과의원,,,내원,,,,,,
13256,전주365치과의원,,,내원,,,,,,
13257,전주이든치과의원,,,내원,,,,,,
13258,유디전주효자치과의원,,,내원,,,,,,
13259,효자바른치과의원,,,내원,,,,,,
13260,링크치과의원,,,내원,,,,,,
13261,청아람한방병원,내원,,,,,,,,
13262,원광대학교병원,내원+출장,,내원,내원,내원+출장,내원,내원,내원,내원
13263,익산병원,내원+출장,,내원+출장,내원,내원+출장,내원,내원,내원,내원
13264,익산제일병원,내원+출장,,,내원+출장,내원+출장,내원,내원+출장,내원,
13265,나은병원,내원,,,,,,,,
13266,동산병원,내원,,,내원,내원,내원,내원,내원,
13267,온누리아동병원,,내원,,,,,,,
13268,수사랑병원,내원,,,내원,내원,내원,내원,,
13269,재단법인천주교전주교구유지재단익산성모병원,내원,,,,,,,,
13270,실로암사랑요양병원,내원,,,,,,,,
13271,연세요양병원,내원,,,내원,내원,,내원,,
13272,의료법인원광의료재단익산원광효도요양병원,내원,,,,,,,,
13273,오강렬내과의원,내원,,,내원,내원,내원,,,
13274,신대균내과의원,내원,,,내원,내원,내원,,,
13275,익산중앙영상의학과의원,내원,,,,,내원,내원,,
13276,이방원산부인과의원,,,,,,,,내원,
13277,금마의원,내원,,,,,내원,,,
13278,송헌섭소아청소년과의원,,내원,,,,,,,
13279,정산부인과의원,,,,,,,,내원,
13280,속편한내과영상의학과의원,내원,,,내원,내원,내원,내원,내원,
13281,우리들소아청소년과의원,,내원,,,,,,,
13282,임내과의원,내원,,,내원,,내원,,,
13283,제일산부인과의원,내원,,,,,,내원,내원,
13284,익산연합내과영상의학과의원,내원,,,내원,내원,내원,내원,,
13285,홍내과의원,내원,,,내원,내원,내원,내원,,
13286,오명성내과의원,내원,,,내원,내원,내원,,,
13287,미래와여성산부인과의원,내원,,,,,,내원,내원,
13288,유내과의원,내원,,,내원,내원,내원,,,
13289,사랑내과의원,내원,,,내원,,내원,,,
13290,김경배소아청소년과의원,,내원,,,,,,,
13291,에덴산부인과의원,,,,,,,,내원,
13292,모아산부인과의원,,,,,,,,내원,
13293,추내과의원,내원,,,내원,,,,,
13294,강정성내과의원,내원,,,내원,,내원,,,
13295,예일소아청소년과의원,,내원,,,,,,,
13296,문산부인과의원,,,,,,,,내원,
13297,복음내과의원,내원,,,내원,내원,내원,,,
13298,김경년내과의원,내원,,,내원,,내원,,,
13299,김제형내과의원,내원,,,내원,내원,내원,,,
13300,미래항맥외과의원,내원,,,,내원,,,,
13301,이금신산부인과의원,,,,,,,,내원,
13302,미래영상의학과의원,내원,,,,,내원,내원,,
13303,나은영소아청소년과의원,,내원,,,,,,,
13304,구기선내과의원,내원,,,내원,내원,내원,,,
13305,성모의원,내원,,,내원,내원,내원,,,
13306,맘초이스내과소아청소년과의원,내원,내원,,내원,내원,내원,내원,내원,
13307,김은아유앤유의원,,,,,,,내원,,
13308,호산부인과의원,,,,,,,,내원,
13309,김성국내과의원,내원,,,내원,내원,내원,,,
13310,하나내과의원,내원,,,내원,내원,내원,,내원,
13311,이진아소아청소년과의원,,내원,,,,,,,
13312,나수미산부인과의원,,,,,,,,내원,
13313,박병현내과의원,내원,,,내원,내원,내원,,,
13314,미래와여성소아청소년과의원,,내원,,,,,,,
13315,이기훈내과의원,내원,,,내원,내원,내원,,,
13316,배내과의원,내원,,,내원,내원,내원,,,
13317,삼성의원,,내원,,,,,,,
13318,맑은샘내과의원,내원,,,,,내원,,,
13319,맘외과의원,,,,,,,내원,,
13320,아이세상소아청소년과의원,,내원,,,,,,,
13321,익산내과의원,내원,,,내원,내원,내원,,,
13322,미즈베베산부인과의원,내원,,,,,,내원,내원,
13323,우리내과의원,내원,,,내원,내원,내원,내원,,
13324,위편안내과의원,내원,,,내원,내원,내원,내원,내원,
13325,제일탑내과의원,내원,,,내원,내원,내원,내원,,
13326,주내과의원,내원,,,내원,내원,내원,내원,내원,
13327,삼성내과의원,내원,,,내원,내원,내원,,,
13328,익산행복내과의원,내원,,,내원,내원,내원,내원,내원,
13329,건강한김내과의원,내원,,,내원,내원,내원,,내원,
13330,원광대학교치과병원,,,내원+출장,,,,,,
13331,신치과의원,,,내원,,,,,,
13332,박인성치과의원,,,내원,,,,,,
13333,이경희치과의원,,,내원,,,,,,
13334,바른치과의원,,,내원,,,,,,
13335,이치과의원,,,내원,,,,,,
13336,마동부부치과의원,,,내원,,,,,,
13337,세종치과의원,,,내원,,,,,,
13338,윤치과의원,,,내원,,,,,,
13339,금강치과의원,,,내원,,,,,,
13340,최인호치과의원,,,내원,,,,,,
13341,김종구희망드림치과의원,,,내원,,,,,,
13342,현대치과의원,,,내원,,,,,,
13343,장동호치과의원,,,내원,,,,,,
13344,이장규치과의원,,,내원,,,,,,
13345,현대부부치과의원,,,내원,,,,,,
13346,이영치과의원,,,내원,,,,,,
13347,혜성치과의원,,,내원,,,,,,
13348,조은치과의원,,,내원,,,,,,
13349,이사랑치과의원,,,내원,,,,,,
13350,영등치과의원,,,내원,,,,,,
13351,소문섭치과의원,,,내원,,,,,,
13352,서울치과의원,,,내원,,,,,,
13353,북부치과의원,,,내원,,,,,,
13354,한빛치과의원,,,내원,,,,,,
13355,열린치과의원,,,내원,,,,,,
13356,베스트치과의원,,,내원,,,,,,
13357,모현삼성치과의원,,,내원,,,,,,
13358,청옥치과의원,,,내원,,,,,,
13359,상아치과의원,,,내원,,,,,,
13360,이편한치과의원,,,내원,,,,,,
13361,선치과의원,,,내원,,,,,,
13362,우리들치과의원,,,내원,,,,,,
13363,노블리안치과의원,,,내원,,,,,,
13364,미서울치과의원,,,내원,,,,,,
13365,이미지치과의원,,,내원,,,,,,
13366,행복플러스치과의원,,,내원,,,,,,
13367,아름다운치과의원,,,내원,,,,,,
13368,행복치과의원,,,내원,,,,,,
13369,강남치과의원,,,내원,,,,,,
13370,FM치과의원,,,내원+출장,,,,,,
13371,미담치과의원,,,내원,,,,,,
13372,프라이덴치과의원,,,내원,,,,,,
13373,네이버구강악안면외과치과의원,,,내원,,,,,,
13374,익산현치과의원,,,내원,,,,,,
13375,동부치과의원,,,내원,,,,,,
13376,정승관치과의원,,,내원,,,,,,
13377,닥터홍스치과의원,,,내원,,,,,,
13378,탑플란트치과의원,,,내원,,,,,,
13379,키즈앤어린이치과의원,,,내원,,,,,,
13380,원치과의원,,,내원,,,,,,
13381,그랜드치과의원,,,내원,,,,,,
13382,스마일치과의원,,,내원,,,,,,
13383,준플란트치과의원,,,내원,,,,,,
13384,모현플란트치과의원,,,내원,,,,,,
13385,고래치과의원,,,내원,,,,,,
13386,우유치과의원,,,내원,,,,,,
13387,다온치과의원,,,내원,,,,,,
13388,모현새로이치과의원,,,내원,,,,,,
13389,익산하나어린이치과의원,,,내원,,,,,,
13390,재단법인아산사회복지재단정읍아산병원,내원+출장,내원,,내원,내원+출장,내원,내원,내원,내원
13391,의료법인평화의료재단정읍성신병원,내원,,,,,,,,
13392,정읍사랑병원,내원,,,내원,내원,내원,내원,,
13393,정읍박병원,내원,,,,,,,,
13394,정읍한국병원,내원,,,내원,내원,내원,내원,내원,
13395,참연합의원,내원,,,내원,,내원,,,
13396,현대산부인과의원,,,,,,,,내원,
13397,이충섭내과의원,내원,,,내원,내원,내원,,,
13398,김준식내과의원,내원,,,내원,내원,내원,,,
13399,이가정의학과의원,내원,내원,,,,,,,
13400,임철수연합의원,내원,,,내원,내원,내원,내원,내원,
13401,김형식내과의원,내원,,,,,,,,
13402,미래산부인과의원,,,,,,,,내원,
13403,열린내과의원,내원,,,내원,내원,내원,내원,내원,
13404,장내과의원,내원,,,내원,내원,내원,,,
13405,연세김창훈내과의원,내원,,,내원,내원,내원,내원,내원,
13406,해맑은연합소아청소년과의원,,내원,,,,,,,
13407,튼튼소아청소년과의원,,내원,,,,,,,
13408,팔팔연합의원,내원,,,내원,내원,내원,내원,내원,
13409,정읍항도외과의원,내원,,,내원,내원,내원,,,
13410,새봄의원,내원,,,,,,,,
13411,정읍속편한내과의원,내원,,,내원,내원,내원,,,
13412,안치과의원,,,내원,,,,,,
13413,유종만치과의원,,,내원,,,,,,
13414,유영관치과의원,,,내원,,,,,,
13415,문치과의원,,,내원,,,,,,
13416,송하치과의원,,,내원,,,,,,
13417,김규석치과의원,,,내원,,,,,,
13418,최치과의원,,,내원,,,,,,
13419,김낙은치과의원,,,내원,,,,,,
13420,최정호치과의원,,,내원,,,,,,
13421,정읍치과의원,,,내원,,,,,,
13422,수성치과의원,,,내원,,,,,,
13423,상동치과의원,,,내원,,,,,,
13424,이편한치과의원,,,내원,,,,,,
13425,태인치과의원,,,내원,,,,,,
13426,미플란트치과의원,,,내원,,,,,,
13427,하나로치과의원,,,내원,,,,,,
13428,미소진치과의원,,,내원,,,,,,
13429,조은치과의원,,,내원,,,,,,
13430,한마음부부치과의원,,,내원,,,,,,
13431,하나치과의원,,,내원,,,,,,
13432,중앙치과의원,,,내원,,,,,,
13433,청담연치과의원,,,내원,,,,,,
13434,더심플란트치과의원,,,내원,,,,,,
13435,정읍연합치과의원,,,내원,,,,,,
13436,이사랑부부치과의원,,,내원,,,,,,
13437,전북특별자치도남원의료원,내원,내원,내원,내원,내원,내원,내원,내원,내원
13438,남원병원,내원,,,내원,,내원,,,
13439,전북특별자치도남원노인요양병원,내원,,,,,,,,
13440,서복주내과의원,내원,,,내원,,내원,,,
13441,김진수소아청소년과의원,,내원,,,,,,,
13442,우리가정의학과의원,내원,,,내원,,,내원,내원,
13443,오종용내과의원,내원,,,내원,내원,내원,,,
13444,한마음산부인과의원,,,,,,,,내원,
13445,임내과의원,내원,,,내원,내원,내원,내원,내원,
13446,친절한신경외과의원,내원,,,,,내원,내원,,
13447,이동욱내과의원,내원,,,내원,,내원,,,
13448,미래연합의원,내원,내원,,,,내원,,,
13449,이승현내과의원,내원,,,내원,내원,내원,,,
13450,노암연합의원,내원,,,내원,내원,내원,,내원,
13451,윤일용내과의원,내원,,,내원,,내원,,,
13452,서울건항외과의원,내원,,,,내원,,,,
13453,남원속편한내과의원,내원,,,내원,내원,내원,내원,내원,
13454,남원내과의원,내원,,,내원,내원,내원,,,
13455,참조은산부인과의원,,,,,,,,내원,
13456,김진영치과의원,,,내원,,,,,,
13457,이용승치과의원,,,내원,,,,,,
13458,남원치과의원,,,내원,,,,,,
13459,변지원치과의원,,,내원,,,,,,
13460,해맑은치과의원,,,내원,,,,,,
13461,김귀희치과의원,,,내원,,,,,,
13462,한치과의원,,,내원,,,,,,
13463,김동수치과의원,,,내원,,,,,,
13464,공설치과의원,,,내원+출장,,,,,,
13465,명인치과의원,,,내원,,,,,,
13466,그랜드치과의원,,,내원,,,,,,
13467,남원시보건소,,,내원,,,,,,
13468,희망병원,내원,,,,,,,,
13469,최선영내과의원,내원,,,내원,내원,내원,,,
13470,참조은내과의원,내원,,,,,,,,
13471,명작치과의원,,,내원,,,,,,
13472,우리치과의원,,,내원,,,,,,
13473,순창군보건의료원,내원,내원,내원,,,,내원,내원,
13474,이영승내과의원,내원,,,내원,,내원,,,
13475,푸른내과의원,내원,,,내원,내원,내원,,,
13476,임실군보건의료원,내원+출장,내원,내원+출장,,,,,,
13477,김제우석병원,내원,,,내원,내원,내원,내원,내원,
13478,김제병원,내원,내원,,내원,내원,내원,내원,내원,
13479,믿음병원,내원,내원,,내원,내원,내원,내원,내원,
13480,의료법인백상의료재단가족사랑요양병원,내원,,,,,,,,
13481,김종범소아청소년과의원,,내원,,,,,,,
13482,조용거소아청소년과의원,,내원,,,,,,,
13483,김제장문외과의원,내원,,,내원,내원,,,,
13484,비타민금구의원,내원,,,,,,,,
13485,미래와여성산부인과의원,,,,,,,,내원,
13486,원평연합의원,내원,,,,,내원,,,
13487,참좋은내과의원,내원,,,내원,내원,내원,,,
13488,한사랑산부인과의원,,,,,,,,내원,
13489,김제미래영상의학과의원,내원,,,,,내원,내원,,
13490,푸른가정의학과의원,,내원,,,,,,,
13491,한솔내과의원,내원,,,내원,내원,내원,,,
13492,김기범내과의원,내원,,,내원,,내원,,,
13493,김제속편한내과의원,내원,,,내원,내원,내원,,,
13494,미래소아청소년과의원,,내원,,,,,,,
13495,최동석내과의원,내원,,,내원,내원,,,,
13496,이정환치과의원,,,내원,,,,,,
13497,최용호치과의원,,,내원,,,,,,
13498,건강치과의원,,,내원,,,,,,
13499,하나치과의원,,,내원,,,,,,
13500,양춘호치과의원,,,내원,,,,,,
13501,원평우리치과의원,,,내원,,,,,,
13502,이규갑치과의원,,,내원,,,,,,
13503,아침애치과의원,,,내원,,,,,,
13504,굿닥터김동운치과의원,,,내원,,,,,,
13505,안아파치과의원,,,내원,,,,,,
13506,효자미소치과의원,,,내원,,,,,,
13507,서울민우치과의원,,,내원,,,,,,
13508,진안군의료원,내원,내원,,내원,내원,내원,내원,내원,
13509,구세의원,,내원,,,,,,,
13510,마이외과정형외과의원,내원,,,내원,내원,내원,내원,내원,
13511,우리가정의학과의원,내원,,,내원,내원,,,내원,
13512,서울고은치과의원,,,내원,,,,,,
13513,서울온정치과의원,,,내원,,,,,,
13514,무주군보건의료원,내원,내원,내원,내원,내원,내원,내원,,
13515,연세의원,,내원,,,,,,,
13516,김문철내과의원,내원,,,내원,,내원,,,
13517,장수군보건의료원,내원,내원,내원,내원,,,내원,,
13518,부안성모병원,내원,,,내원,내원,내원,내원,내원,내원
13519,의료법인혜성병원,내원,,,내원,내원,내원,내원,내원,
13520,의료법인힐튼의료재단솔병원,내원,,,내원,내원,내원,내원,,
13521,부안21세기병원,내원,,,,,,,,
13522,엔젤연합소아청소년과의원,,내원,,,,,,,
13523,부안내과의원,내원,,,내원,내원,내원,,,
13524,김의원,,내원,,,,,,,
13525,김용성내과의원,내원,,,내원,내원,내원,내원,,
13526,한사랑산부인과의원,,,,,,,,내원,
13527,속편한강상구내과의원,내원,,,내원,내원,내원,,,
13528,신영근치과의원,,,내원,,,,,,
13529,이흥태치과의원,,,내원,,,,,,
13530,서융치과의원,,,내원,,,,,,
13531,제일치과의원,,,내원,,,,,,
13532,아름다운치과의원,,,내원,,,,,,
13533,하이치과의원,,,내원,,,,,,
13534,정석치과의원,,,내원,,,,,,
13535,마실치과의원,,,내원,,,,,,
13536,의료법인석천재단고창병원,내원,내원,,내원,내원,내원,내원,내원,내원
13537,석정웰파크병원,내원,,내원,내원,내원,내원,내원,내원,
13538,이진홍내과의원,내원,,,내원,,내원,,,
13539,정내과의원,내원,,,내원,,내원,,내원,
13540,임국희내과의원,내원,,,내원,내원,,,,
13541,현대의원,내원,내원,,,,,,,
13542,우리치과의원,,,내원,,,,,,
13543,흥덕치과의원,,,내원,,,,,,
13544,서동국치과의원,,,내원,,,,,,
13545,서원치과의원,,,내원,,,,,,
13546,고창중앙치과의원,,,내원,,,,,,
13547,플란트유치과의원,,,내원,,,,,,
13548,대산치과의원,,,내원,,,,,,
13549,전북대학교병원,내원,내원,내원,내원,내원,내원,내원,내원,내원
13550,전주고려병원,내원,,,내원,내원,내원,내원,내원,
13551,대자인병원,내원+출장,내원,내원+출장,내원,내원+출장,내원,내원,내원,내원
13552,전주21세기병원,내원,,,내원,,내원,,,
13553,의료법인영경의료재단호성전주병원,내원,,,내원,내원,내원,내원,,
13554,더세움병원,내원,,,,,,,,
13555,키즈드림아이엠씨병원,,내원,,,,,,,
13556,박종혁믿음병원,내원,,,내원,,내원,,,
13557,완주요양병원,내원,,,,,,,,
13558,(사)인구보건복지협회전북지회가족보건의원,내원+출장,내원,,내원+출장,내원+출장,내원,내원+출장,내원+출장,
13559,전주복십자의원,내원,,,,,,,,
13560,한호수내과의원,내원,,,내원,내원,내원,,,
13561,(사)한국건강관리협회건강증진의원,내원,,,내원,내원,내원,내원,내원,
13562,홉킨스(HOPKINS)전일내과의원,내원,,,내원,내원,내원,,,
13563,신우종내과의원,내원,,,내원,,내원,,,
13564,해강내과의원,내원,,,내원,,내원,,,
13565,이남심내과정형외과의원,내원,,,내원,,내원,,,
13566,(사)대한산업보건협회전북지역본부전북의원,내원+출장,,내원+출장,내원,내원+출장,내원,내원,내원,
13567,김소아청소년과의원,,내원,,,,,,,
13568,이홍철소아청소년과의원,,내원,,,,,,,
13569,박상배내과의원,내원,,,내원,내원,내원,,,
13570,선한산부인과의원,,,,,,,,내원,
13571,효정내과의원,내원,,,내원,내원,내원,,,
13572,정성산부인과의원,,,,,,,,내원,
13573,이수영내과의원,내원,,,내원,,내원,,,
13574,연세내과의원,내원,,,내원,,내원,,,
13575,현대내과의원,내원,,,내원,,내원,,,
13576,김진홍내과의원,내원,,,내원,,내원,,,
13577,이재현내과의원,내원,,,내원,내원,내원,,,
13578,윤성균내과의원,내원,,,내원,,내원,,,
13579,항도외과의원,내원,,,내원,내원,내원,,,
13580,이순형내과의원,내원,,,내원,내원,내원,내원,내원,
13581,아중산부인과의원,,,,,,,,내원,
13582,항연유외과의원,내원,,,내원,내원,,내원,,
13583,은소아청소년과의원,,내원,,,,,,,
13584,꿈드림소아청소년과의원,,내원,,,,,,,
13585,최수영내과의원,내원,,,내원,,내원,,내원,
13586,한나여성의원,,내원,,,,,내원,내원,
13587,오가닉산부인과의원,,,,,,,,내원,
13588,리앤박소아청소년과의원,,내원,,,,,,,
13589,이덕수내과의원,내원,,,내원,내원,내원,내원,내원,
13590,호성가정의원,,내원,,,,,,,
13591,신봉주내과의원,내원,,,내원,,내원,,,
13592,한별여성의원,,내원,,,,,내원,내원,
13593,이경미소아청소년과의원,,내원,,,,,,,
13594,에덴산부인과의원,,,,,,,,내원,
13595,고려가정의학과의원,내원,,,내원,,내원,,,
13596,임인서내과의원,내원,,,내원,,내원,,,
13597,장성희소아청소년과의원,,내원,,,,,,,
13598,속편한내과의원,내원,,,내원,내원,내원,,,
13599,백인숙산부인과의원,,,,,,,,내원,
13600,송희원산부인과의원,,,,,,,,내원,
13601,아름다운산부인과의원,,,,,,,,내원,
13602,조용범내과의원,내원,,,내원,내원,내원,,,
13603,이태관내과의원,내원,,,내원,내원,내원,,,
13604,김경희소아청소년과의원,,내원,,,,,,,
13605,정주미소아청소년과의원,,내원,,,,,,,
13606,샘물아동소아청소년과의원,,내원,,,,,,,
13607,한신내과의원,내원,,,내원,,내원,,,
13608,은산부인과의원,,,,,,,,내원,
13609,세나산부인과의원,,,,,,,,내원,
13610,늘편한유항외과의원,,,,,,,내원,,
13611,햇님소아청소년과의원,,내원,,,,,,,
13612,참좋은삼례내과의원,내원,,,내원,내원,내원,,,
13613,수소아청소년과의원,,내원,,,,,,,
13614,속좋은내과의원,내원,,,내원,내원,내원,,,
13615,삼봉소아청소년과의원,,내원,,,,,,,
13616,솔빛산부인과의원,,,,,,,,내원,
13617,송천연합내과의원,내원,,,,,,,,
13618,덕진내과의원,내원,,,내원,내원,내원,,,
13619,도담소아청소년과의원,,내원,,,,,,,
13620,첨단미래내과의원,내원,,,내원,내원,내원,,,
13621,키즈온소아청소년과의원,,내원,,,,,,,
13622,참진가정의학과의원,,내원,,,,,,,
13623,모래내피부과의원,,,,,,,,내원,
13624,삼성드림소아청소년과의원,,내원,,,,,,,
13625,서울삼성내과의원,내원,,,내원,내원,내원,,,
13626,전주위앤장내과의원,내원,,,내원,내원,내원,,,
13627,혁신편안내과의원,내원,,,내원,내원,내원,내원,,
13628,우리소아청소년과의원,,내원,,,,,,,
13629,민들레소아청소년과의원,,내원,,,,,,,
13630,클로엔의원,,,,,,,,내원,
13631,참조은신내과의원,내원,,,내원,내원,내원,내원,내원,
13632,삼례속편한내과의원,내원,,,내원,내원,내원,,,
13633,하늘가정의학과의원,내원,,,내원,내원,내원,,,
13634,하가내과의원,내원,내원,,내원,내원,내원,,,
13635,호성내과의원,내원,,,,,,,,
13636,더건강한내과의원,내원,,,내원,내원,내원,,,
13637,이지영소아청소년과의원,,내원,,,,,,,
13638,코뿔소내과의원,내원,,,내원,내원,내원,내원,내원,
13639,편한내과의원,내원,,,내원,내원,내원,내원,,
13640,에코내과의원,내원,,,내원,내원,내원,내원,내원,
13641,만성샘소아청소년과의원,,내원,,,,,,,
13642,만성연합내과산부인과의원,내원,,,내원,내원,내원,내원,내원,
13643,라온소아청소년과의원,,내원,,,,,,,
13644,김재문내과의원,내원,,,내원,내원,내원,,,
13645,아산바른윤내과의원,내원,,,내원,내원,내원,,,
13646,위대한내과의원,내원,,,내원,내원,내원,,,
13647,에코소아청소년과의원,,내원,,,,,,,
13648,고려가정의학과의원,내원,,,,,,,,
13649,송천수내과의원,내원,,,내원,내원,내원,내원,내원,
13650,이화에스여성산부인과의원,내원,,,,,내원,내원,내원,
13651,나영균내과의원,내원,,,내원,내원,내원,,,
13652,에코산부인과의원,,,,,,,,내원,
13653,이앤오내과의원,내원,,,내원,내원,내원,내원,내원,
13654,주내과의원,내원,,,내원,내원,내원,,내원,
13655,삼봉편안내과의원,내원,,,내원,내원,내원,내원,내원,
13656,송천믿음내과의원,내원,,,내원,내원,내원,내원,내원,
13657,우리아이성장의원,,내원,,,,,,,
13658,전북대학교치과병원,,,내원,,,,,,
13659,사랑심는치과의원,,,내원,,,,,,
13660,정승룡치과의원,,,내원,,,,,,
13661,최치과의원,,,내원,,,,,,
13662,하이치과의원,,,내원,,,,,,
13663,윤인영치과의원,,,내원,,,,,,
13664,조주온치과의원,,,내원,,,,,,
13665,비타민치과의원,,,내원,,,,,,
13666,이철상치과의원,,,내원,,,,,,
13667,송천부부치과의원,,,내원,,,,,,
13668,정완규치과의원,,,내원,,,,,,
13669,이현진치과의원,,,내원,,,,,,
13670,고은치과의원,,,내원,,,,,,
13671,상아치과의원,,,내원,,,,,,
13672,한사랑치과의원,,,내원,,,,,,
13673,명성치과의원,,,내원,,,,,,
13674,예쁜얼굴하가치과의원,,,내원,,,,,,
13675,네오치과의원,,,내원,,,,,,
13676,하얀치과의원,,,내원,,,,,,
13677,하얀부부치과의원,,,내원+출장,,,,,,
13678,호성한마음치과의원,,,내원,,,,,,
13679,아름다운치과의원,,,내원,,,,,,
13680,이사랑치과의원,,,내원,,,,,,
13681,이사랑치과의원,,,내원,,,,,,
13682,한솔플란트치과의원,,,내원,,,,,,
13683,이엔미치과의원,,,내원,,,,,,
13684,두리치과의원,,,내원,,,,,,
13685,흰돌치과의원,,,내원,,,,,,
13686,이편한치과의원,,,내원,,,,,,
13687,에이스치과의원,,,내원,,,,,,
13688,민관식치과의원,,,내원,,,,,,
13689,미플러스치과의원,,,내원,,,,,,
13690,한앤강치과의원,,,내원,,,,,,
13691,백치과의원,,,내원,,,,,,
13692,이상현치과의원,,,내원,,,,,,
13693,동산부부치과의원,,,내원,,,,,,
13694,서울미치과의원,,,내원,,,,,,
13695,행복을주는치과의원,,,내원,,,,,,
13696,미소드림치과의원,,,내원,,,,,,
13697,원치과의원,,,내원,,,,,,
13698,우석치과의원,,,내원,,,,,,
13699,미소진치과의원,,,내원,,,,,,
13700,송천자이치과의원,,,내원,,,,,,
13701,나누리치과의원,,,내원,,,,,,
13702,(사)인구보건복지협회전북지회가족치과의원,,,내원+출장,,,,,,
13703,프라이덴치과의원,,,내원,,,,,,
13704,화이트치과의원,,,내원,,,,,,
13705,고산한결치과의원,,,내원,,,,,,
13706,고려치과의원,,,내원,,,,,,
13707,오에스티치과의원,,,내원,,,,,,
13708,예원치과의원,,,내원,,,,,,
13709,밝은미래치과의원,,,내원,,,,,,
13710,환희웃는치과의원,,,내원,,,,,,
13711,좋은사람편한치과의원,,,내원,,,,,,
13712,해맑은치과의원,,,내원,,,,,,
13713,탑플랜트치과의원,,,내원,,,,,,
13714,e-조은치과의원,,,내원,,,,,,
13715,진형치과의원,,,내원,,,,,,
13716,아중이편한치과의원,,,내원,,,,,,
13717,선한우리치과의원,,,내원,,,,,,
13718,(사)한국건강관리협회건강치과의원,,,내원,,,,,,
13719,위드치과의원,,,내원,,,,,,
13720,전주웰치과의원,,,내원,,,,,,
13721,아리수치과의원,,,내원,,,,,,
13722,미소준치과의원,,,내원,,,,,,
13723,하얀이치과의원,,,내원,,,,,,
13724,서울통합치과의원,,,내원,,,,,,
13725,이노탑치과의원,,,내원,,,,,,
13726,따뜻한정치과의원,,,내원,,,,,,
13727,큐치과의원,,,내원,,,,,,
13728,박앤박치과의원,,,내원,,,,,,
13729,스마트치과의원,,,내원,,,,,,
13730,우리가족이사랑치과의원,,,내원,,,,,,
13731,하얀미소치과의원,,,내원,,,,,,
13732,미소찬치과의원,,,내원,,,,,,
13733,조은치과의원,,,내원,,,,,,
13734,바른마음치과의원,,,내원,,,,,,
13735,제일부부치과의원,,,내원,,,,,,
13736,탑클래스치과의원,,,내원,,,,,,
13737,에코천그루치과의원,,,내원,,,,,,
13738,다올치과의원,,,내원,,,,,,
13739,서울준플란트치과의원,,,내원,,,,,,
13740,새봄치과의원,,,내원,,,,,,
13741,서울에코치과의원,,,내원,,,,,,
13742,더편한치과의원,,,내원,,,,,,
13743,미소담치과의원,,,내원,,,,,,
13744,부부치과의원,,,내원,,,,,,
13745,편한미소치과의원,,,내원,,,,,,
13746,스마일센텀치과의원,,,내원,,,,,,
13747,온유치과의원,,,내원,,,,,,
13748,김앤강치과의원,,,내원,,,,,,
13749,차플란트치과의원,,,내원,,,,,,
13750,전주베스트치과의원,,,내원,,,,,,
13751,혁신굿모닝치과의원,,,내원,,,,,,
13752,에코꾸러기소아치과의원,,,내원,,,,,,
13753,리더스엘치과의원,,,내원,,,,,,
13754,서울현대치과의원,,,내원,,,,,,
13755,해바라기치과의원,,,내원,,,,,,
13756,미소하나치과교정과치과의원,,,내원,,,,,,
13757,혁신꿈소아치과의원,,,내원,,,,,,
13758,호플란트치과의원,,,내원,,,,,,
13759,현대치과의원,,,내원,,,,,,
13760,삼봉이치과의원,,,내원,,,,,,
13761,아이브치과의원,,,내원,,,,,,
13762,자인치과의원,,,내원,,,,,,
13763,해성치과의원,,,내원,,,,,,
13764,완주군보건소,,,내원+출장,,,,,,
13765,원광대학교전주한방병원,내원,,,내원,내원,,,내원,
13766,청담한방병원,내원,,,,,,,,
13767,전북특별자치도군산의료원,내원,내원,내원,내원,내원,내원,내원,내원,내원
13768,의료법인오성의료재단동군산병원,내원+출장,,내원+출장,내원,내원+출장,내원,내원,내원,내원
13769,의료법인의인의료재단차병원,내원,,,내원,내원,내원,내원,,
13770,의료법인관주의료재단정다운병원,내원,,,내원,내원,내원,내원,내원,
13771,의료법인유진의료재단동서병원,내원,,,내원,내원,내원,내원,,
13772,의료법인성하의료재단누가병원,내원,,,내원,내원,내원,내원,내원,
13773,의료법인평화의료재단군산성신병원,내원,,,내원,내원,,,내원,
13774,키움병원,내원,내원,,,,,,,
13775,의료법인원광의료재단군산원광효도요양병원,내원,,,,,,,,
13776,에덴산부인과의원,,,,,,,,내원,
13777,군산우리들소아청소년과의원,,내원,,,,,,,
13778,진성호내과의원,내원,,,내원,,내원,,,
13779,김인숙산부인과의원,,,,,,,,내원,
13780,전종율소아청소년과의원,,내원,,,,,,,
13781,군산속편한내과의원,내원,,,내원,내원,내원,내원,,
13782,미래와여성산부인과의원,,,,,,,내원,내원,
13783,김진오내과의원,내원,,,내원,,내원,,,
13784,하늘산부인과의원,,,,,,,,내원,
13785,한양정형외과의원,내원,,,,,,,,
13786,엘소아청소년과의원,내원,내원,,,,,,,
13787,형근영내과의원,내원,,,내원,내원,내원,,,
13788,조이소아청소년과의원,,내원,,,,,,,
13789,은혜산부인과의원,,,,,,,,내원,
13790,심현섭소아과의원,,내원,,,,,,,
13791,군산중앙의원,내원,,,내원,내원,내원,내원,,
13792,안홍석웰빙내과의원,내원,,,내원,내원,내원,,,
13793,양지산부인과의원,,,,,,,,내원,
13794,세유외과의원,,,,,,,내원,,
13795,쑥쑥소아청소년과의원,,내원,,,,,,,
13796,지앤고연합내과의원,내원,,,내원,내원,내원,내원,내원,
13797,해맑은연합소아청소년과의원,,내원,,,,,,,
13798,미듬내과의원,내원,,,내원,내원,내원,내원,내원,
13799,김주완소아청소년과의원,,내원,,,,,,,
13800,박앤박내과외과의원,내원,,,내원,내원,내원,내원,,
13801,위앤장내과의원,내원,,,내원,내원,내원,,,
13802,군산휴내과의원,내원,,,내원,내원,내원,내원,,
13803,미즈아이산부인과의원,,,,,,,,내원,
13804,군산메디베베소아청소년과의원,,내원,,,,,,,
13805,유남진내과의원,내원,,,,,내원,,,
13806,군산척척연합의원,내원,,,,,내원,내원,,
13807,위드소아청소년과의원,,내원,,,,,,,
13808,천상열내과의원,내원,,,내원,내원,내원,내원,내원,
13809,군산바른내과의원,내원,,,내원,내원,내원,,,
13810,최재훈소아청소년과의원,,내원,,,,,,,
13811,조태희소아청소년과의원,,내원,,,,,,,
13812,연세내과의원,내원,,,,,,,,
13813,김수항내과의원,내원,,,내원,내원,내원,내원,내원,
13814,서울다나운연합의원,내원,,,내원,내원,내원,내원,,
13815,항장앤유외과의원,내원,,,내원,내원,,내원,,
13816,모세내과의원,내원,,,내원,내원,내원,내원,내원,
13817,김소희유외과의원,,,,,,,내원,,
13818,홍내과의원,내원,,,내원,내원,내원,,,
13819,장기석치과의원,,,내원,,,,,,
13820,박치과의원,,,내원,,,,,,
13821,김영재치과의원,,,내원,,,,,,
13822,대우치과의원,,,내원,,,,,,
13823,군산예치과의원,,,내원,,,,,,
13824,대야치과의원,,,내원,,,,,,
13825,채영석치과의원,,,내원,,,,,,
13826,홍익치과의원,,,내원,,,,,,
13827,홍기원치과의원,,,내원,,,,,,
13828,이근수치과의원,,,내원,,,,,,
13829,홍성남치과의원,,,내원,,,,,,
13830,한결치과의원,,,내원,,,,,,
13831,예인치과의원,,,내원,,,,,,
13832,우리치과의원,,,내원,,,,,,
13833,행복한치과의원,,,내원,,,,,,
13834,이상건치과의원,,,내원,,,,,,
13835,좋은사람좋은치과의원,,,내원,,,,,,
13836,바른이치과의원,,,내원,,,,,,
13837,슬기로운군산치과의원,,,내원,,,,,,
13838,미소담은치과의원,,,내원,,,,,,
13839,모아치과의원,,,내원,,,,,,
13840,미플러스치과의원,,,내원,,,,,,
13841,탑플란트치과의원,,,내원,,,,,,
13842,믿음치과의원,,,내원,,,,,,
13843,함께하는치과의원,,,내원,,,,,,
13844,에프엠치과의원,,,내원,,,,,,
13845,세종치과의원,,,내원+출장,,,,,,
13846,수송제일치과의원,,,내원,,,,,,
13847,닥터스치과의원,,,내원,,,,,,
13848,연세치과의원,,,내원,,,,,,
13849,군산어린이치과의원,,,내원,,,,,,
13850,노블치과의원,,,내원,,,,,,
13851,시민치과의원,,,내원,,,,,,
13852,이사랑치과의원,,,내원,,,,,,
13853,디오션치과의원,,,내원,,,,,,
13854,미소치과의원,,,내원,,,,,,
13855,이튼튼치과의원,,,내원,,,,,,
13856,가지런이치과교정과의원,,,내원,,,,,,
13857,친절한홍치과의원,,,내원,,,,,,
13858,예미담치과의원,,,내원,,,,,,
13859,하루애드림치과의원,,,내원,,,,,,
13860,소중한이치과의원,,,내원,,,,,,
13861,고운이치과의원,,,내원,,,,,,
13862,군산삼성치과의원,,,내원,,,,,,
13863,정담치과의원,,,내원,,,,,,
13864,춘추치과교정과치과의원,,,내원,,,,,,
13865,보듬치과의원,,,내원,,,,,,
13866,다인치과의원,,,내원,,,,,,
13867,영플란트치과의원,,,내원,,,,,,
13868,백플란트치과의원,,,내원,,,,,,
13869,라인플란트치과의원,,,내원,,,,,,
13870,이루다치과의원,,,내원,,,,,,
13871,군산사람사랑치과의원,,,내원,,,,,,
13872,두치과의원,,,내원,,,,,,
13873,선플란트치과의원,,,내원,,,,,,
13874,다온치과의원,,,내원,,,,,,
13875,서울클리어치과교정과치과의원,,,내원,,,,,,
13876,목포시의료원,내원,내원,내원,내원,내원,내원,내원,내원,내원
13877,목포한국병원,내원+출장,내원,내원+출장,내원,내원,내원,내원,내원,내원
13878,목포기독병원,내원+출장,내원,내원,내원,내원,내원,내원,내원,내원
13879,의료법인해민의료재단세안종합병원,내원,내원,내원,내원,내원,내원,내원,내원,
13880,의료법인목포구암의료재단목포중앙병원,내원+출장,내원,내원,내원,내원,내원,내원,내원,내원
13881,목포한사랑병원,내원,내원,,,,,내원,내원,
13882,목포장문외과병원,내원,,,내원,내원,,,,
13883,의료법인항운의료재단목포노동병원,내원,,,내원,내원,내원,,,
13884,목포미즈아이병원,내원,내원,,,,,내원,내원,
13885,제일내과병원,내원,,,내원,내원,내원,내원,,
13886,목포미래병원,내원,,,,,,,,
13887,목포아동병원,,내원,,,,,,,
13888,의료법인세양의료재단신안병원,내원,,,내원,내원,내원,,내원,
13889,목포예향병원,내원,내원,,내원,내원,내원,내원,내원,
13890,목포현대병원,내원,내원,,내원,내원,내원,내원,내원,
13891,솔튼병원,내원,내원,,내원,내원,내원,내원,,
13892,목포재활요양병원,내원,,,,,내원,,,
13893,정내과의원,내원,,,,,내원,,,
13894,박일종내과의원,내원,,,내원,내원,내원,내원,,
13895,목포복음내과의원,내원,,,내원,내원,내원,,,
13896,삼성미산부인과의원,,,,,,,,내원,
13897,박창현내과의원,내원,,,내원,내원,내원,내원,,
13898,김태균내과의원,내원,,,내원,,내원,,,
13899,기내과의원,내원,,,내원,내원,내원,내원,,
13900,이화산부인과의원,,,,,,,,내원,
13901,백강우내과의원,내원,,,내원,내원,내원,,,
13902,에덴산부인과의원,,,,,,,,내원,
13903,미래산부인과의원,,,,,,,,내원,
13904,21세기하나내과의원,내원,,,내원,내원,내원,내원,,
13905,김대식내과의원,내원,,,내원,내원,내원,,,
13906,정성내과의원,내원,,,내원,,내원,,,
13907,맑은샘내과의원,내원,,,내원,내원,내원,,,
13908,용해미래소아청소년과의원,,내원,,,,,,,
13909,목포항도외과의원,내원,,,내원,내원,내원,내원,,
13910,혜명내과의원,내원,,,내원,내원,내원,내원,,
13911,박석홍가정의학과의원,내원,,,내원,내원,내원,,,
13912,정성일산부인과의원,,,,,,,,내원,
13913,그린소아청소년과의원,,내원,,,,,,,
13914,다윗365내과재활의학과의원,내원,,,내원,내원,내원,내원,내원,
13915,목포더조은내과의원,내원,,,내원,내원,내원,내원,,
13916,미르치과병원,,,내원+출장,,,,,,
13917,예닮치과병원,,,내원+출장,,,,,,
13918,김한성치과의원,,,내원,,,,,,
13919,임치과의원,,,내원,,,,,,
13920,스마일치과의원,,,내원,,,,,,
13921,고광택치과의원,,,내원,,,,,,
13922,서울수치과의원,,,내원,,,,,,
13923,해바라기치과의원,,,내원+출장,,,,,,
13924,목포예치과의원,,,내원+출장,,,,,,
13925,사랑이꽃피는치과의원,,,내원,,,,,,
13926,최선치과의원,,,내원,,,,,,
13927,엄옥철치과의원,,,내원,,,,,,
13928,굿모닝치과의원,,,내원,,,,,,
13929,유앤아이치과의원,,,내원,,,,,,
13930,하당정석치과의원,,,내원,,,,,,
13931,이사랑치과의원,,,내원,,,,,,
13932,미소치과의원,,,내원,,,,,,
13933,상아치과의원,,,내원,,,,,,
13934,미치과의원,,,내원,,,,,,
13935,대성플러스치과의원,,,내원,,,,,,
13936,서강치과의원,,,내원,,,,,,
13937,목포기독치과의원,,,내원,,,,,,
13938,신세계치과의원,,,내원,,,,,,
13939,강동호치과의원,,,내원,,,,,,
13940,이편한치과의원,,,내원,,,,,,
13941,연수치과의원,,,내원,,,,,,
13942,느티나무치과의원,,,내원,,,,,,
13943,하이치과의원,,,내원+출장,,,,,,
13944,심미치과의원,,,내원,,,,,,
13945,목포명인치과의원,,,내원,,,,,,
13946,보스톤연합치과의원,,,내원,,,,,,
13947,확실한강치과의원,,,내원,,,,,,
13948,한결치과의원,,,내원,,,,,,
13949,정치과의원,,,내원,,,,,,
13950,황은경치과의원,,,내원,,,,,,
13951,유형치과의원,,,내원,,,,,,
13952,이튼치과의원,,,내원,,,,,,
13953,명인치과의원,,,내원,,,,,,
13954,현대윤치과의원,,,내원,,,,,,
13955,우리치과의원,,,내원,,,,,,
13956,정아나치과의원,,,내원,,,,,,
13957,베스트e치과의원,,,내원,,,,,,
13958,백세치과의원,,,내원,,,,,,
13959,공감치과의원,,,내원,,,,,,
13960,박성용치과의원,,,내원,,,,,,
13961,주플란트치과의원,,,내원,,,,,,
13962,유민기한마음치과의원,,,내원,,,,,,
13963,모두플란트치과의원,,,내원,,,,,,
13964,하당탑치과의원,,,내원,,,,,,
13965,동신대학교부속목포한방병원,내원,,,,,,,,
13966,여수전남병원,내원+출장,내원,내원+출장,내원,내원,내원,내원,내원,내원
13967,의료법인한마음의료재단여수제일병원,내원+출장,내원,내원+출장,내원,내원,내원,내원,내원,내원
13968,여천전남병원,내원+출장,내원,내원+출장,내원,내원,내원,내원,내원,내원
13969,사회복지법인여수애양병원,내원,,,내원,내원,내원,,,
13970,의료법인미나의료재단여수문화병원,내원,내원,,내원,내원,내원,내원,내원,
13971,씨에스나무병원,내원,내원,,,,,,,
13972,예울병원,,내원,,,,,내원,내원,
13973,여수한국병원,내원,,,내원,내원,내원,내원,내원,
13974,여수중앙병원,내원,내원,내원,내원,내원,내원,내원,내원,
13975,여수가온병원,내원,,,내원,내원,내원,내원,내원,
13976,의료법인주영의료재단동인요양병원,내원,,,,,,,,
13977,이건영소아청소년과의원,,내원,,,,,,,
13978,홍순갑소아청소년과의원,,내원,,,,,,,
13979,돌산성심의원,,내원,,,,,,,
13980,김진호내과의원,내원,,,내원,,내원,,,
13981,여수연합의원,내원,,,내원,내원,내원,내원,,
13982,여수산부인과의원,,,,,,,,내원,
13983,한사랑의원,내원,,,내원,내원,내원,,,
13984,박상진내과의원,내원,,,내원,,내원,,,
13985,안재수내과의원,내원,,,내원,,내원,,,
13986,참조은소아청소년과의원,,내원,,,,,,,
13987,모성환내과의원,내원,,,내원,내원,내원,,,
13988,윤철승내과의원,내원,,,내원,내원,내원,,,
13989,연세소아청소년과의원,,내원,,,,,,,
13990,무선제일의원,,내원,,,,,,,
13991,행복한의원,내원,,,,,,,,
13992,박영배내과의원,내원,,,내원,내원,내원,,,
13993,미즈산부인과의원,,,,,,,,내원,
13994,민소아청소년과의원,,내원,,,,,,,
13995,탑내과가정의학과의원,내원,,,내원,,내원,,내원,
13996,여도연합의원,,내원,,,,,,,
13997,신통은혜의원,,내원,,,,,,,
13998,편안마취통증의학과의원,내원,,,,,,,,
13999,밝은내과21의원,내원,,,내원,내원,내원,,,
14000,여수항장외과의원,내원,,,,내원,,,,
14001,여수속편한내과의원,내원,,,내원,내원,내원,,,
14002,여수드림내과의원,내원,,,내원,내원,내원,내원,,
14003,이화내과의원,내원,내원,,내원,내원,내원,내원,내원,
14004,소문난내과의원,내원,,,내원,내원,내원,,,
14005,장이편한내과의원,내원,,,내원,내원,내원,,,
14006,참조은연합의원,,내원,,,,,,,
14007,틔움가정의학과의원,내원,,,내원,내원,내원,,,
14008,365연합의원,내원,,,,,,,,
14009,서연합의원,내원,,,내원,내원,내원,,,
14010,속튼튼박내과의원,내원,,,내원,내원,내원,내원,내원,
14011,튼튼소아청소년과의원,,내원,,,,,,,
14012,갑앤유외과의원,,,,,,,내원,,
14013,강마리아산부인과의원,,,,,,,,내원,
14014,의료법인모아의료재단모아치과병원,,,내원+출장,,,,,,
14015,뉴욕치과의원,,,내원,,,,,,
14016,부부치과의원,,,내원,,,,,,
14017,여수연합치과의원,,,내원,,,,,,
14018,윤치과의원,,,내원,,,,,,
14019,e-편한치과의원,,,내원,,,,,,
14020,심재환치과의원,,,내원,,,,,,
14021,동백치과의원,,,내원,,,,,,
14022,김문홍치과의원,,,내원,,,,,,
14023,박치과의원,,,내원,,,,,,
14024,예치과의원,,,내원,,,,,,
14025,희망부부치과의원,,,내원,,,,,,
14026,이석진치과의원,,,내원,,,,,,
14027,예인치과의원,,,내원,,,,,,
14028,함께하는치과의원,,,내원+출장,,,,,,
14029,즐거운치과의원,,,내원,,,,,,
14030,스마일치과의원,,,내원,,,,,,
14031,문치과의원,,,내원,,,,,,
14032,이튼튼치과의원,,,내원,,,,,,
14033,연세치과의원,,,내원,,,,,,
14034,서울연합치과의원,,,내원,,,,,,
14035,예담치과의원,,,내원,,,,,,
14036,하얀나무치과의원,,,내원,,,,,,
14037,이미지치과의원,,,내원,,,,,,
14038,프라임치과의원,,,내원,,,,,,
14039,손치과의원,,,내원,,,,,,
14040,친구들치과의원,,,내원,,,,,,
14041,꼬마이치과의원,,,내원,,,,,,
14042,확실한강치과의원,,,내원,,,,,,
14043,보스턴치과의원,,,내원,,,,,,
14044,사랑치과의원,,,내원,,,,,,
14045,신세계치과의원,,,내원,,,,,,
14046,명치과의원,,,내원,,,,,,
14047,돌산이건치과의원,,,내원,,,,,,
14048,죽림치과의원,,,내원,,,,,,
14049,조은치과의원,,,내원,,,,,,
14050,탑치과의원,,,내원,,,,,,
14051,센트럴치과의원,,,내원,,,,,,
14052,예울치과의원,,,내원,,,,,,
14053,오케이송치과의원,,,내원,,,,,,
14054,여도치과의원,,,내원,,,,,,
14055,서울웅천치과의원,,,내원,,,,,,
14056,더편한치과의원,,,내원,,,,,,
14057,바른플란트치과의원,,,내원,,,,,,
14058,서지현치과의원,,,내원,,,,,,
14059,드림치과의원,,,내원,,,,,,
14060,여수시보건소,내원,,내원,,,,,,
14061,순천중앙병원,내원,내원,,내원,내원,내원,내원,,내원
14062,성가롤로병원,내원,내원,내원,내원,내원,내원,내원,내원,내원
14063,의료법인한국의료재단순천한국병원,내원,내원,내원,내원,내원,내원,내원,내원,내원
14064,의료법인청언의료재단순천제일병원,내원+출장,,,내원,내원,내원,내원,내원,내원
14065,근로복지공단순천병원,내원+출장,,내원+출장,내원,내원,내원,내원,내원,내원
14066,전라남도순천의료원,내원,내원,내원,내원,내원,내원,내원,내원,내원
14067,의료법인진의료재단순천평화병원,내원,,,내원,내원,내원,내원,,
14068,미즈여성아동병원,,내원,,,,,내원,내원,
14069,순천희망병원,내원,,,내원,내원,내원,내원,내원,
14070,의료법인내일의료재단현대여성아동병원,내원,내원,,,,,내원,내원,
14071,플러스아이미코병원,내원,내원,,,,,,,
14072,신대온누리병원,내원,,,내원,내원,내원,내원,,
14073,순천에스병원,내원,,,내원,내원,내원,내원,내원,
14074,순정병원,내원,,,내원,내원,내원,내원,,
14075,순천하나병원,내원,,,내원,내원,내원,,,
14076,메디팜요양병원,내원,,,,,,,,
14077,남순천의원,내원,,,내원,,내원,,,
14078,희망의원,,내원,,,,,,,
14079,나산부인과의원,,,,,,,,내원,
14080,손산부인과의원,,,,,,,,내원,
14081,세종의원,,내원,,,,,,,
14082,임종채내과의원,내원,,,내원,내원,내원,내원,,
14083,누가의원,,내원,,,,,,,
14084,한빛산부인과의원,,,,,,,,내원,
14085,미래로소아청소년과의원,,내원,,,,,,,
14086,드림내과의원,내원,,,내원,내원,내원,내원,내원,
14087,동순천내과의원,내원,,,내원,내원,내원,,,
14088,현소아과의원,,내원,,,,,,,
14089,한사랑의원,,내원,,,,,,,
14090,참조은우리내과의원,내원,,,내원,내원,내원,내원,,
14091,위앤장서내과의원,내원,내원,,내원,내원,내원,내원,내원,
14092,굿소아청소년과의원,,내원,,,,,,,
14093,아이튼튼연합소아청소년과의원,,내원,,,,,,,
14094,순천탑의원,내원,,,내원,내원,내원,,,
14095,최윤정이혜은산부인과의원,,,,,,,,내원,
14096,온내과의원,내원,,,내원,내원,내원,내원,,
14097,더힐연합의원,내원,내원,,,,,,,
14098,숨이편한내과의원,내원,,,내원,내원,내원,내원,내원,
14099,모두편한내과방사선과의원,내원,,,내원,내원,내원,내원,내원,
14100,플러스내과의원,내원,,,내원,내원,내원,내원,,
14101,순천365여성의원,,,,,,,내원,내원,
14102,최진수소아청소년과의원,,내원,,,,,,,
14103,라온소아청소년과의원,,내원,,,,,,,
14104,상아치과의원,,,내원,,,,,,
14105,손치과의원,,,내원,,,,,,
14106,모아치과의원,,,내원,,,,,,
14107,이광호치과의원,,,내원,,,,,,
14108,정건치과의원,,,내원,,,,,,
14109,순천사랑치과의원,,,내원,,,,,,
14110,별량치과의원,,,내원,,,,,,
14111,밀알치과의원,,,내원,,,,,,
14112,강승원치과의원,,,내원,,,,,,
14113,백형모치과의원,,,내원,,,,,,
14114,현대치과의원,,,내원,,,,,,
14115,즐거운치과의원,,,내원,,,,,,
14116,이백희치과의원,,,내원,,,,,,
14117,소망치과의원,,,내원,,,,,,
14118,김미정치과의원,,,내원,,,,,,
14119,치아림치과의원,,,내원,,,,,,
14120,박기정치과의원,,,내원,,,,,,
14121,박석환치과의원,,,내원,,,,,,
14122,프롬치과의원,,,내원,,,,,,
14123,옥플란트치과의원,,,내원,,,,,,
14124,순천드림치과의원,,,내원,,,,,,
14125,순천미르치과의원,,,내원,,,,,,
14126,에벤에셀치과의원,,,내원,,,,,,
14127,아이비치과의원,,,내원,,,,,,
14128,프라임치과의원,,,내원,,,,,,
14129,나래치과의원,,,내원,,,,,,
14130,흰돌치과의원,,,내원,,,,,,
14131,꼬마치과의원,,,내원,,,,,,
14132,대한치과의원,,,내원,,,,,,
14133,허브치과의원,,,내원,,,,,,
14134,이사랑치과의원,,,내원,,,,,,
14135,이조은치과의원,,,내원,,,,,,
14136,서울미치과의원,,,내원,,,,,,
14137,순천원치과의원,,,내원,,,,,,
14138,하나연치과의원,,,내원,,,,,,
14139,순천다인치과의원,,,내원,,,,,,
14140,서울순치과의원,,,내원,,,,,,
14141,사랑이가득한치과의원,,,내원,,,,,,
14142,순천탑치과의원,,,내원,,,,,,
14143,수부부치과의원,,,내원,,,,,,
14144,신대치과의원,,,내원,,,,,,
14145,미치과의원,,,내원,,,,,,
14146,한결치과의원,,,내원,,,,,,
14147,닥터송치과의원,,,내원,,,,,,
14148,파머스치과의원,,,내원,,,,,,
14149,정치과의원,,,내원,,,,,,
14150,서울바른이치과교정과치과의원,,,내원,,,,,,
14151,편한이치과의원,,,내원,,,,,,
14152,이바른치과의원,,,내원,,,,,,
14153,오천치과의원,,,내원,,,,,,
14154,가지런이치과의원,,,내원,,,,,,
14155,채움치과의원,,,내원,,,,,,
14156,연세치과의원,,,내원,,,,,,
14157,순천킴치과의원,,,내원,,,,,,
14158,아이틴주니어치과의원,,,내원,,,,,,
14159,연세플랜치과의원,,,내원,,,,,,
14160,이튼치과의원,,,내원,,,,,,
14161,새로이치과의원,,,내원,,,,,,
14162,새늘치과의원,,,내원,,,,,,
14163,스마일치과의원,,,내원,,,,,,
14164,순천스마트치과의원,,,내원,,,,,,
14165,강남더밝은치과의원,,,내원,,,,,,
14166,오천하나로치과의원,,,내원,,,,,,
14167,플러스치과의원,,,내원,,,,,,
14168,의료법인대송의료재단곡성사랑병원,내원,내원,,내원,내원,내원,내원,내원,
14169,성심의원,,내원,,,,,,,
14170,최성식재활의학과의원,내원,,,내원,,내원,,,
14171,박치과의원,,,내원,,,,,,
14172,김치과의원,,,내원,,,,,,
14173,보배치과의원,,,내원,,,,,,
14174,우리치과의원,,,내원,,,,,,
14175,옥과박치과의원,,,내원,,,,,,
14176,옥과치과의원,,,내원,,,,,,
14177,곡성군보건의료원,내원,내원,내원,,,,,,
14178,나주종합병원,내원,내원,내원,내원,내원,내원,내원,내원,내원
14179,빛가람종합병원,내원,,,내원,내원,내원,내원,내원,내원
14180,엔에이치미래아동병원,내원,내원,,,,,,,
14181,이상곤연합내과의원,내원,,,내원,내원,내원,,,
14182,박용선내과의원,내원,내원,,내원,내원,내원,내원,,
14183,참소아청소년과의원,,내원,,,,,,,
14184,우리산부인과의원,,,,,,,,내원,
14185,나주산부인과의원,,,,,,,,내원,
14186,남평연합의원,내원,,,내원,내원,내원,내원,,
14187,한가람내과의원,내원,,,내원,내원,내원,내원,내원,
14188,센트럴내과의원,내원,,,내원,내원,내원,내원,,
14189,연세애플소아청소년과의원,,내원,,,,,,,
14190,마리엠산부인과의원,,,,,,,,내원,
14191,나주한국의원,내원,,,,,,,,
14192,나주속편한내과의원,내원,,,내원,내원,내원,,,
14193,염영신치과의원,,,내원,,,,,,
14194,성심치과의원,,,내원,,,,,,
14195,나주모아치과의원,,,내원,,,,,,
14196,정용환치과의원,,,내원,,,,,,
14197,이튼튼치과의원,,,내원,,,,,,
14198,시엘행복한치과의원,,,내원,,,,,,
14199,중앙치과의원,,,내원,,,,,,
14200,튼튼치과의원,,,내원,,,,,,
14201,즐거운치과의원,,,내원,,,,,,
14202,중흥가족치과의원,,,내원,,,,,,
14203,서울훈치과의원,,,내원,,,,,,
14204,준치과의원,,,내원,,,,,,
14205,박지우플란트치과의원,,,내원,,,,,,
14206,산들치과의원,,,내원,,,,,,
14207,하나로치과의원,,,내원,,,,,,
14208,해와달치과의원,,,내원,,,,,,
14209,라스어린이치과의원,,,내원,,,,,,
14210,가지런이치과교정과치과의원,,,내원,,,,,,
14211,홍플란트치과의원,,,내원,,,,,,
14212,명문플란트치과의원,,,내원,,,,,,
14213,나주동신대학교한방병원,내원,,,내원,내원,내원,,,
14214,의료법인영성의료재단고흥종합병원,내원,내원,,내원,내원,내원,내원,내원,내원
14215,의료법인장호의료재단녹동현대병원,내원,내원,,내원,내원,내원,내원,내원,
14216,고흥윤호21병원,내원,내원,,내원,내원,내원,내원,내원,
14217,즐거운내과의원,내원,,,내원,내원,내원,,,
14218,손치과의원,,,내원,,,,,,
14219,유치과의원,,,내원,,,,,,
14220,정형주치과의원,,,내원,,,,,,
14221,김현철치과의원,,,내원,,,,,,
14222,동강치과의원,,,내원,,,,,,
14223,의료법인삼호의료재단삼호병원,내원,내원,,내원,내원,내원,내원,내원,
14224,아산사회복지재단보성아산병원,내원,내원,,내원,내원,내원,내원,내원,
14225,서병기내과의원,내원,,,내원,내원,내원,내원,내원,
14226,전남연합의원,내원,,,,,내원,,,
14227,벌교김내과의원,내원,,,내원,내원,내원,,,
14228,설광치과의원,,,내원,,,,,,
14229,보성치과의원,,,내원,,,,,,
14230,벌교사랑치과의원,,,내원,,,,,,
14231,보일치과의원,,,내원,,,,,,
14232,굿플랜치과의원,,,내원,,,,,,
14233,보성군보건소,,내원,내원,,,,,,
14234,화순전남대학교병원,내원+출장,,내원,내원,내원,내원,내원,내원,내원
14235,화순성심병원,내원,,,내원,내원,내원,내원,내원,
14236,화순고려병원,내원,,,내원,내원,내원,,,
14237,화순중앙병원,내원,,,내원,내원,내원,내원,,
14238,한양내과의원,내원,내원,,내원,내원,내원,내원,내원,
14239,이동규소아과의원,,내원,,,,,,,
14240,푸른소아청소년과의원,,내원,,,,,,,
14241,천석배내과의원,내원,,,내원,내원,내원,,,
14242,차산부인과의원,,,,,,,내원,내원,
14243,박내과의원,내원,,,내원,내원,내원,,,
14244,화순탑내과의원,내원,,,내원,내원,내원,,,
14245,속플러스내과의원,내원,,,내원,내원,내원,내원,내원,
14246,연합치과의원,,,내원,,,,,,
14247,화순미래치과의원,,,내원,,,,,,
14248,정치과의원,,,내원,,,,,,
14249,원치과의원,,,내원,,,,,,
14250,일이삼플란트치과의원,,,내원,,,,,,
14251,현대치과의원,,,내원,,,,,,
14252,더바른치과의원,,,내원,,,,,,
14253,한양화이트치과의원,,,내원,,,,,,
14254,화순치과의원,,,내원,,,,,,
14255,화순중앙치과의원,,,내원,,,,,,
14256,의료법인행촌의료재단해남종합병원,내원,내원,내원,내원,내원,내원,내원,내원,내원
14257,해남우리종합병원,내원,내원,내원,내원,내원,내원,내원,내원,내원
14258,해남한국병원,내원,,,내원,내원,내원,내원,,
14259,김만중내과의원,내원,,,내원,내원,내원,,,
14260,중앙내과의원,내원,,,내원,내원,,,,
14261,해남복음내과의원,내원,,,내원,내원,내원,,,
14262,해남치과의원,,,내원,,,,,,
14263,오성재치과의원,,,내원,,,,,,
14264,청치과의원,,,내원,,,,,,
14265,김동주부부치과의원,,,내원,,,,,,
14266,유치과의원,,,내원,,,,,,
14267,해남군보건소,,,내원+출장,,,,,,
14268,진도한국병원,내원,내원,,내원,내원,내원,내원,내원,
14269,속편한곽내과의원,내원,,,내원,내원,내원,,,
14270,수치과의원,,,내원,,,,,,
14271,미소치과의원,,,내원,,,,,,
14272,삼호제일병원,내원,내원,,내원,내원,내원,,,
14273,영암한국병원,내원,,내원,내원,내원,내원,내원,내원,
14274,김승관내과의원,내원,,,,,내원,,,
14275,현대의원,,내원,,,,,,,
14276,한마음가정의원,,내원,,,,,,,
14277,독천한국의원,,내원,,,,,,,
14278,대불제일의원,,내원,,,,,,,
14279,영암내과의원,내원,,,내원,내원,내원,,,
14280,최용진치과의원,,,내원,,,,,,
14281,삼호제일치과의원,,,내원,,,,,,
14282,윤지현치과의원,,,내원,,,,,,
14283,한마음서울치과의원,,,내원,,,,,,
14284,삼호힐링치과의원,,,내원,,,,,,
14285,하나치과의원,,,내원,,,,,,
14286,삼호명인치과의원,,,내원,,,,,,
14287,삼호치과의원,,,내원,,,,,,
14288,삼호준치과의원,,,내원,,,,,,
14289,영암군보건소,,내원,내원,,,,,,
14290,의료법인우범의료재단장흥종합병원,내원,내원,,내원,내원,내원,내원,내원,내원
14291,장흥우리병원,내원,내원,내원,내원,내원,내원,내원,,
14292,장흥통합의료병원,내원,,,,,,,,
14293,한마음내과의원,내원,,,내원,내원,내원,,,
14294,이상준내과의원,내원,,,내원,내원,내원,,,
14295,장흥베스트의원,,내원,,,,,,,
14296,정진호치과의원,,,내원,,,,,,
14297,이한영치과의원,,,내원,,,,,,
14298,김치과의원,,,내원,,,,,,
14299,김산치과의원,,,내원,,,,,,
14300,장흥군보건소,,내원,내원,,,,,,
14301,영광종합병원,내원+출장,내원,내원,내원,내원,내원,내원,내원,내원
14302,의료법인거명의료재단영광기독병원,내원+출장,내원,,내원,내원,내원,내원,내원,내원
14303,서울여성의원,,,,,,,,내원,
14304,복음내과의원,내원,,,내원,내원,내원,내원,내원,
14305,박석채내과의원,내원,,,내원,내원,내원,,,
14306,센트럴이만재내과의원,내원,,,내원,,내원,,,
14307,김용욱치과의원,,,내원,,,,,,
14308,백제치과의원,,,내원,,,,,,
14309,영광치과의원,,,내원,,,,,,
14310,기독치과의원,,,내원,,,,,,
14311,닥터봉치과의원,,,내원,,,,,,
14312,연세탑치과의원,,,내원,,,,,,
14313,의료법인인성의료재단함평성심병원,내원,내원,,내원,내원,내원,내원,내원,
14314,국군함평병원,내원,,내원,,,,,,
14315,함평하나내과의원,내원,,,내원,내원,내원,,,
14316,함평천지의원,내원,,,내원,내원,내원,,내원,
14317,우리연합의원,내원,,,내원,내원,내원,,,
14318,함평치과의원,,,내원,,,,,,
14319,하치과의원,,,내원,,,,,,
14320,월야치과의원,,,내원,,,,,,
14321,하나로플란트치과의원,,,내원,,,,,,
14322,함평군보건소,,내원,,,,,,,
14323,장성혜원병원,내원,,,내원,내원,내원,내원,내원,
14324,의료법인행복나눔의료재단장성병원,내원,,,내원,내원,내원,내원,내원,
14325,전대가정의원,,내원,,,,,,,
14326,한솔의원,,내원,,,,,,,
14327,장성중앙내과의원,내원,,,내원,내원,내원,내원,내원,
14328,장성기독의원,내원,,,내원,내원,내원,내원,내원,
14329,김재성치과의원,,,내원,,,,,,
14330,이양호치과의원,,,내원,,,,,,
14331,한사랑치과의원,,,내원,,,,,,
14332,김치과의원,,,내원,,,,,,
14333,민치과의원,,,내원,,,,,,
14334,대원플란트치과의원,,,내원,,,,,,
14335,서울바른치과의원,,,내원,,,,,,
14336,담양사랑병원,내원,내원,,내원,내원,내원,내원,내원,
14337,나눔내과의원,내원,내원,,내원,내원,내원,내원,,
14338,김치과의원,,,내원,,,,,,
14339,이치과의원,,,내원,,,,,,
14340,아루카치과의원,,,내원,,,,,,
14341,대전치과의원,,,내원,,,,,,
14342,바른길치과의원,,,내원,,,,,,
14343,신우치과의원,,,내원,,,,,,
14344,담양군보건소,,,내원,,,,,,
14345,담양군가사문학보건지소,,,내원,,,,,,
14346,담양군수북면보건지소,,,내원,,,,,,
14347,담양군금성면보건지소,,,내원,,,,,,
14348,전라남도강진의료원,내원,내원,,내원,내원,내원,내원,내원,
14349,오케이내과의원,내원,내원,,내원,내원,내원,내원,,
14350,강진88정형외과의원,내원,,,,,,,,
14351,우리들내과의원,내원,,,내원,내원,내원,,,
14352,김치과의원,,,내원,,,,,,
14353,중앙치과의원,,,내원,,,,,,
14354,바른이치과의원,,,내원,,,,,,
14355,강진군보건소,,,내원+출장,,,,,,
14356,완도대성병원,내원,내원,,내원,내원,내원,내원,내원,
14357,금일마취통증의학과의원,내원,내원,,,,,,,
14358,박종춘치과의원,,,내원,,,,,,
14359,김학주치과의원,,,내원,,,,,,
14360,완도치과의원,,,내원,,,,,,
14361,흥일치과의원,,,내원,,,,,,
14362,이동주치과의원,,,내원,,,,,,
14363,노화흥일치과의원,,,내원,,,,,,
14364,완도군금일읍보건지소,,,내원,,,,,,
14365,완도군청산면보건지소,,,내원,,,,,,
14366,완도군소안면보건지소,,,내원,,,,,,
14367,완도군노화읍보건지소,,내원,,,,,,,
14368,완도군금당면보건지소,,,내원,,,,,,
14369,완도군보길면보건지소,,,내원,,,,,,
14370,완도군생일면보건지소,,,내원,,,,,,
14371,완도군노화읍넙도보건지소,,,내원,,,,,,
14372,완도군보건의료원,내원,내원,내원,,,,,,
14373,의료법인대송의료재단무안병원,내원,내원,,내원,내원,내원,내원,내원,
14374,남악아동병원,,내원,,,,,,,
14375,남악복음내과의원,내원,,,내원,내원,내원,,,
14376,김태원내과의원,내원,,,내원,내원,내원,,,
14377,남악하나내과의원,내원,,,내원,내원,내원,내원,내원,
14378,양내과의원,,내원,,,,,,,
14379,남악온누리내과의원,내원,,,내원,내원,내원,내원,,
14380,다솜의원,,내원,,,,,,,
14381,스위트플로리스산부인과의원,,,,,,,,내원,
14382,목포소아청소년과의원,,내원,,,,,,,
14383,신우치과병원,,,내원+출장,,,,,,
14384,목포스마트원치과병원,,,내원,,,,,,
14385,박찬호치과의원,,,내원,,,,,,
14386,e플란트치과의원,,,내원,,,,,,
14387,이치과의원,,,내원,,,,,,
14388,중앙치과의원,,,내원,,,,,,
14389,열린치과의원,,,내원,,,,,,
14390,한치과의원,,,내원,,,,,,
14391,남악치과의원,,,내원+출장,,,,,,
14392,명인치과의원,,,내원,,,,,,
14393,세움치과의원,,,내원,,,,,,
14394,남악이엠치과의원,,,내원,,,,,,
14395,고운치과의원,,,내원,,,,,,
14396,무안탑플란트치과의원,,,내원,,,,,,
14397,연세가지런e치과의원,,,내원+출장,,,,,,
14398,퍼스트치과의원,,,내원,,,,,,
14399,무안치과의원,,,내원,,,,,,
14400,키즈빌치과의원,,,내원,,,,,,
14401,365에이스치과의원,,,내원,,,,,,
14402,밝은미소치과의원,,,내원,,,,,,
14403,오룡서울아이치과의원,,,내원,,,,,,
14404,의료법인신안대우의료재단신안대우병원,내원,,,,내원,내원,,,
14405,서울의원,내원,,,내원,내원,내원,,,
14406,압해치과의원,,,내원,,,,,,
14407,신안군보건소,,내원,내원,,,,,,
14408,임자면보건지소,,,내원,,,,,,
14409,자은면보건지소,,,내원,,,,,,
14410,도초면보건지소,,,내원,,,,,,
14411,하의면보건지소,,,내원,,,,,,
14412,장산면보건지소,,,내원,,,,,,
14413,안좌면보건지소,,,내원,,,,,,
14414,암태면보건지소,,,내원,,,,,,
14415,증도면보건지소,,,내원,,,,,,
14416,신의면보건지소,,,내원,,,,,,
14417,팔금면보건지소,,,내원,,,,,,
14418,흑산면보건지소,,,내원,,,,,,
14419,비금면보건지소,,,내원,,,,,,
14420,광양사랑병원,내원+출장,내원,,내원,내원,내원,내원,내원,내원
14421,의료법인현경의료재단광양서울병원,내원+출장,내원,내원,내원,내원+출장,내원,내원,내원,내원
14422,의료법인광양의료재단광양병원,내원,내원,,,,,,,
14423,강남병원,내원,,,내원,내원,내원,내원,내원,
14424,탑요양병원,,,,,,,,내원,
14425,향기나는의원,,,,,,,,내원,
14426,자모의원,,내원,,,,,,내원,
14427,연합의원,내원,,,,내원,내원,,,
14428,큰사랑소아청소년과의원,,내원,,,,,,,
14429,신현대연합의원,내원,,,,,,,,
14430,하나로의원,내원,내원,,내원,내원,내원,,내원,
14431,다나소아과의원,,내원,,,,,,,
14432,선린의원,,내원,,,,,,,
14433,류여성의원,,,,,,,,내원,
14434,우리들연합의원,내원,,,내원,내원,내원,,,
14435,광양조은내과의원,내원,,,내원,내원,내원,내원,,
14436,모든아이소아청소년과의원,,내원,,,,,,,
14437,수연합의원,,내원,,,,,,,
14438,미래여성의원,,내원,,,,,,내원,
14439,광양제철소부속의원,내원,,,,,,,,
14440,따뜻한가족의원,,내원,,,,,,,
14441,이치과의원,,,내원,,,,,,
14442,함께하는치과의원,,,내원,,,,,,
14443,홍치과의원,,,내원,,,,,,
14444,김옥희치과의원,,,내원,,,,,,
14445,한사랑치과의원,,,내원,,,,,,
14446,광양연합치과의원,,,내원,,,,,,
14447,황성호치과의원,,,내원,,,,,,
14448,탑치과의원,,,내원,,,,,,
14449,서울치과의원,,,내원,,,,,,
14450,미소치과의원,,,내원,,,,,,
14451,열린치과의원,,,내원,,,,,,
14452,광양웰치과의원,,,내원,,,,,,
14453,우리치과의원,,,내원,,,,,,
14454,광양더사랑치과의원,,,내원,,,,,,
14455,온누리치과의원,,,내원+출장,,,,,,
14456,드림아이치과의원,,,내원,,,,,,
14457,소담치과의원,,,내원,,,,,,
14458,행복나눔치과의원,,,내원,,,,,,
14459,샘치과의원,,,내원,,,,,,
14460,미래치과의원,,,내원,,,,,,
14461,이화치과의원,,,내원,,,,,,
14462,베스트치과의원,,,내원,,,,,,
14463,행복한최치과의원,,,내원,,,,,,
14464,조은치과의원,,,내원,,,,,,
14465,제철다나치과의원,,,내원,,,,,,
14466,이나치과의원,,,내원,,,,,,
14467,스마트유치과의원,,,내원,,,,,,
14468,이사랑치과의원,,,내원,,,,,,
14469,하얀치과의원,,,내원,,,,,,
14470,유디치과의원,,,내원,,,,,,
14471,아이빛나어린이치과의원,,,내원,,,,,,
14472,광양시보건소,내원,,내원,,,,,,
14473,구례병원,내원,내원,,내원,내원,내원,내원,,
14474,구례군보건의료원,내원,내원,내원,,,,,내원,
14475,제주한라병원,내원+출장,내원,,내원,내원+출장,내원,내원,내원,내원
14476,제주대학교병원,내원,내원,내원,내원,내원,내원,내원,내원,내원
14477,의료법인혜인의료재단한국병원,내원,내원,,내원,내원,내원,내원,내원,내원
14478,의료법인중앙의료재단중앙병원,내원,내원,내원,내원,내원,내원,내원,내원,내원
14479,한마음병원,내원,내원,내원,내원,내원,내원,내원,내원,내원
14480,제주특별자치도제주의료원,내원+출장,내원,,내원,내원,내원+출장,내원,내원,
14481,제주우리병원,내원,,,,,내원,,,
14482,제주푸른병원,내원,,,내원,내원,,,,
14483,홍소아청소년과의원,,내원,,,,,,,
14484,한국건강관리협회건강증진의원,내원,,,내원,내원,내원,내원,내원,
14485,정소아청소년과의원,,내원,,,,,,,
14486,제일내과의원,내원,,,내원,,내원,,,
14487,혜민내과의원,내원,,,,,내원,,,
14488,이화소아청소년과의원,,내원,,,,,,,
14489,임소아과의원,,내원,,,,,,,
14490,마리산부인과의원,,,,,,,,내원,
14491,고순희내과의원,내원,,,내원,내원,내원,내원,내원,
14492,동일내과의원,내원,,,,,,,,
14493,함내과의원,내원,,,내원,내원,내원,내원,,
14494,해맑은소아과의원,,내원,,,,,,,
14495,제주필의원,,내원,,,,,,,
14496,김명식내과의원,내원,,,,,내원,,,
14497,튼튼소아청소년과의원,,내원,,,,,,,
14498,예나산부인과의원,,,,,,,,내원,
14499,다나산부인과의원,,,,,,,,내원,
14500,미래산부인과의원,,,,,,,,내원,
14501,강미정소아청소년과의원,,내원,,,,,,,
14502,민소아청소년과의원,,내원,,,,,,,
14503,문앤송소아청소년과의원,,내원,,,,,,,
14504,현용준내과의원,내원,,,,,내원,,,
14505,참사랑소아과의원,,내원,,,,,,,
14506,김세희소아과의원,,내원,,,,,,,
14507,속편한내과의원,내원,,,내원,내원,내원,,,
14508,에덴산부인과의원,,,,,,,,내원,
14509,행복한가정의학과의원,,내원,,,,,,,
14510,서해산부인과의원,,,,,,,,내원,
14511,우리소아청소년과의원,,내원,,,,,,,
14512,한수풀의원,내원,,,내원,,내원,,,
14513,아이세상소아청소년과의원,,내원,,,,,,,
14514,현동효내과의원,내원,,,내원,내원,내원,,,
14515,상쾌한속내과의원,내원,,,내원,내원,내원,내원,내원,
14516,인구보건복지협회제주지회가족보건의원,내원,내원,,,,,,,
14517,애월정의원,내원,,,,,내원,,,
14518,꾸러기소아청소년과의원,,내원,,,,,,,
14519,서울내과의원,내원,,,내원,내원,내원,,,
14520,제이산부인과의원,,,,,,,,내원,
14521,우리들소아청소년과의원,,내원,,,,,,,
14522,모딜리아니의원,내원,,,,,,,,
14523,애플소아청소년과의원,,내원,,,,,,,
14524,시원의원,,내원,,,,,,,
14525,하나가정의학과의원,내원,내원,,,,,,,
14526,맘편한산부인과의원,,,,,,,,내원,
14527,정내과의원,내원,,,내원,내원,내원,,,
14528,제주맘모아외과의원,,,,,,,내원,,
14529,제주새로운내과의원,내원,,,내원,내원,내원,내원,내원,
14530,삼화내과의원,내원,,,내원,내원,내원,,,
14531,고산의원,,내원,,,,,,,
14532,건강100세의원,내원,,,내원,내원,내원,,,
14533,작은성모의원,내원,,,,,,,,
14534,이순재내과의원,내원,,,내원,내원,내원,,,
14535,반딧불의원,,내원,,,,,,,
14536,서울탑외과의원,내원,,,내원,내원,내원,,,
14537,오나정산부인과의원,,,,,,,,내원,
14538,주소아청소년과의원,,내원,,,,,,,
14539,좋은이웃내과의원,내원,,,,,,,,
14540,동산내과의원,내원,,,내원,내원,내원,내원,내원,
14541,이룸내과의원,내원,,,내원,내원,,,,
14542,더편한오동훈내과의원,내원,,,내원,내원,내원,내원,내원,
14543,한라속시원내과의원,내원,,,내원,내원,내원,내원,,
14544,위소아청소년과의원,,내원,,,,,,,
14545,소리나소아청소년과의원,,내원,,,,,,,
14546,로즈앤의원,,,,,,,,내원,
14547,드림포레산부인과의원,,,,,,,,내원,
14548,타임소아청소년과의원,,내원,,,,,,,
14549,삼성드림소아청소년과의원,,내원,,,,,,,
14550,연세차내과의원,내원,,,내원,내원,내원,,내원,
14551,건강한한림연합내과의원,내원,내원,,내원,내원,내원,내원,내원,
14552,봉개영웅의원,내원,,,내원,내원,내원,,,
14553,권대헌내과의원,내원,,,내원,내원,내원,,,
14554,속편한드림내과의원,내원,,,내원,내원,내원,내원,내원,
14555,서울아산내과의원,내원,,,내원,내원,내원,내원,내원,
14556,서정소아청소년과의원,,내원,,,,,,,
14557,선유외과의원,,,,,,,내원,,
14558,서울삼성내과의원,내원,,,내원,내원,내원,내원,내원,
14559,효재의원,내원,,,,,,,,
14560,제주복십자의원,내원+출장,,,,,,,,
14561,강형길유외과의원,,,,,,,내원,,
14562,건강해소아청소년과의원,,내원,,,,,,,
14563,두유외과의원,,,,,,,내원,,
14564,성모자인내과의원,내원,,,내원,내원,내원,내원,내원,
14565,그랜드치과병원,,,내원,,,,,,
14566,e(이)-편한치과의원,,,내원,,,,,,
14567,장원석치과의원,,,내원,,,,,,
14568,오용덕치과의원,,,내원,,,,,,
14569,김경락치과의원,,,내원,,,,,,
14570,김정학치과의원,,,내원,,,,,,
14571,부기은치과의원,,,내원,,,,,,
14572,양경필치과의원,,,내원,,,,,,
14573,"현용휴,채승원치과의원",,,내원,,,,,,
14574,김명환치과의원,,,내원,,,,,,
14575,양경흠치과의원,,,내원,,,,,,
14576,고성은치과의원,,,내원,,,,,,
14577,김윤희치과의원,,,내원,,,,,,
14578,드림치과의원,,,내원,,,,,,
14579,문성영치과의원,,,내원,,,,,,
14580,김양근치과의원,,,내원,,,,,,
14581,이중철치과의원,,,내원,,,,,,
14582,동구치과의원,,,내원,,,,,,
14583,하귀치과의원,,,내원,,,,,,
14584,윤치과의원,,,내원,,,,,,
14585,서해치과의원,,,내원,,,,,,
14586,세화치과의원,,,내원,,,,,,
14587,푸른치과의원,,,내원,,,,,,
14588,이엔이치과의원,,,내원,,,,,,
14589,장은식치과의원,,,내원,,,,,,
14590,이철승치과의원,,,내원,,,,,,
14591,연세치과의원,,,내원,,,,,,
14592,제일치과의원,,,내원,,,,,,
14593,램브란트치과의원,,,내원,,,,,,
14594,박태영치과의원,,,내원,,,,,,
14595,사랑의치과의원,,,내원,,,,,,
14596,그린치과의원,,,내원,,,,,,
14597,김형섭치과의원,,,내원,,,,,,
14598,청아치과의원,,,내원,,,,,,
14599,양택상치과의원,,,내원,,,,,,
14600,다음치과의원,,,내원,,,,,,
14601,함덕치과의원,,,내원,,,,,,
14602,이사랑치과의원,,,내원,,,,,,
14603,미소치과의원,,,내원+출장,,,,,,
14604,행복한치과의원,,,내원,,,,,,
14605,한국건강관리협회건강증진치과의원,,,내원,,,,,,
14606,이아름다운치과의원,,,내원,,,,,,
14607,김원플란트치과의원,,,내원,,,,,,
14608,미소하나치과의원,,,내원,,,,,,
14609,e-스마일치과의원,,,내원,,,,,,
14610,보스톤치과의원,,,내원,,,,,,
14611,정다운치과의원,,,내원,,,,,,
14612,연동필치과의원,,,내원,,,,,,
14613,하나치과의원,,,내원,,,,,,
14614,탑치과의원,,,내원,,,,,,
14615,연세엘치과의원,,,내원,,,,,,
14616,다음플러스치과의원,,,내원,,,,,,
14617,화이트치과의원,,,내원,,,,,,
14618,구좌치과의원,,,내원,,,,,,
14619,아이틴즈치과의원,,,내원,,,,,,
14620,서울삼성치과의원,,,내원,,,,,,
14621,하이치과의원,,,내원,,,,,,
14622,힐링치과의원,,,내원,,,,,,
14623,브이아이피(VIP)치과의원,,,내원,,,,,,
14624,찬치과의원,,,내원,,,,,,
14625,미소아치과치과의원,,,내원,,,,,,
14626,연세알막툼치과보철과치과의원,,,내원,,,,,,
14627,문치과의원,,,내원,,,,,,
14628,채움치과의원,,,내원,,,,,,
14629,이튼치과의원,,,내원,,,,,,
14630,신세계치과의원,,,내원,,,,,,
14631,조천치과의원,,,내원,,,,,,
14632,연세수목화치과의원,,,내원,,,,,,
14633,외도행복치과의원,,,내원,,,,,,
14634,노형치과의원,,,내원,,,,,,
14635,더조은치과의원,,,내원,,,,,,
14636,노형유디치과의원,,,내원,,,,,,
14637,삼화치과의원,,,내원,,,,,,
14638,제주클라인치과의원,,,내원,,,,,,
14639,노형그랜드치과의원,,,내원,,,,,,
14640,오복류치과의원,,,내원,,,,,,
14641,서울휴치과의원,,,내원,,,,,,
14642,예쁜아이치과의원,,,내원,,,,,,
14643,원치과의원,,,내원,,,,,,
14644,루아치과의원,,,내원+출장,,,,,,
14645,서울미소치과의원,,,내원,,,,,,
14646,연세세브란스치과의원,,,내원,,,,,,
14647,샌프란시스코치과의원,,,내원,,,,,,
14648,수목원소아치과치과의원,,,내원,,,,,,
14649,에이플러스치과의원,,,내원,,,,,,
14650,서울차앤김치과의원,,,내원,,,,,,
14651,유디치과의원,,,내원,,,,,,
14652,제주아나픈치과의원,,,내원,,,,,,
14653,연세하루치과의원,,,내원,,,,,,
14654,연세우리동네치과의원,,,내원,,,,,,
14655,연세마음편한치과의원,,,내원,,,,,,
14656,한림산치과의원,,,내원,,,,,,
14657,매일미소치과의원,,,내원,,,,,,
14658,이치과의원,,,내원,,,,,,
14659,스탠다드치과의원,,,내원,,,,,,
14660,율치과의원,,,내원,,,,,,
14661,제주아이치과의원,,,내원,,,,,,
14662,고운이치과교정과치과의원,,,내원,,,,,,
14663,킴스플란트치과의원,,,내원,,,,,,
14664,제주탑플란트치과의원,,,내원,,,,,,
14665,연세중앙치과의원,,,내원,,,,,,
14666,머물고싶은치과의원,,,내원,,,,,,
14667,서울동그라미치과의원,,,내원,,,,,,
14668,애월치과의원,,,내원,,,,,,
14669,꿈바당소아치과의원,,,내원,,,,,,
14670,이도조은소아치과의원,,,내원,,,,,,
14671,코코치과의원,,,내원,,,,,,
14672,제주365치과의원,,,내원,,,,,,
14673,더지안치과의원,,,내원,,,,,,
14674,오라치과의원,,,내원,,,,,,
14675,제주시서부보건소,내원,,내원,,,,,,
14676,제주시동부보건소,내원,,내원,,,,,,
14677,제주시제주보건소추자지소,내원,,내원,,,,,,
14678,제주특별자치도서귀포의료원,내원,내원,내원,내원,내원,내원,내원,내원+출장,내원
14679,서귀포열린병원,내원,,,내원,내원,내원,내원,,
14680,고은희산부인과의원,,,,,,,,내원,
14681,제일산부인과의원,,,,,,,,내원,
14682,유소아과의원,,내원,,,,,,,
14683,현대산부인과의원,,,,,,,,내원,
14684,우리들소아과의원,,내원,,,,,,,
14685,서귀포내과의원,내원,,,내원,내원,내원,,,
14686,중문의원,내원,,,,내원,내원,,,
14687,양승철소아청소년과의원,,내원,,,,,,,
14688,고은의원,,내원,,,,,,,
14689,표선연세의원,내원,내원,,,,,,내원,
14690,우리의원,,,,,,,,내원,
14691,하나의원,,내원,,,,,,,
14692,푸른소아청소년과의원,,내원,,,,,,,
14693,엔젤산부인과의원,,,,,,,,내원,
14694,양재식내과의원,내원,,,내원,내원,,,,
14695,한라힘내과의원,내원,,,내원,,,,,
14696,삼성탑내과의원,내원,,,내원,내원,내원,내원,내원,
14697,서귀포제일속내과의원,내원,,,내원,내원,내원,,,
14698,새론의원,내원,,,내원,내원,내원,내원,내원,
14699,허용가정의학과의원,,내원,,,,,,,
14700,아이맘소아청소년과의원,,내원,,,,,,,
14701,바로내과의원,내원,,,내원,내원,내원,,,
14702,해랑소아청소년과의원,,내원,,,,,,,
14703,엘라여성의원,,,,,,,,내원,
14704,생생가정의학과의원,내원,,,,,내원,,,
14705,(재)한국의학연구소제주의원,내원,,,내원,내원,내원,내원,내원,
14706,바움소아청소년과의원,,내원,,,,,,,
14707,센트럴스타의원,내원,내원,,,,,,,
14708,루카산부인과의원,,,,,,,,내원,
14709,365플러스내과의원,내원,,,내원,내원,내원,내원,내원,
14710,튼튼연합의원,,내원,,,,,,,
14711,문장봉치과의원,,,내원,,,,,,
14712,장정훈치과의원,,,내원,,,,,,
14713,김성국치과의원,,,내원,,,,,,
14714,한용환치과의원,,,내원,,,,,,
14715,노벨치과의원,,,내원,,,,,,
14716,백상치과의원,,,내원,,,,,,
14717,강성백치과의원,,,내원,,,,,,
14718,김의신치과의원,,,내원,,,,,,
14719,이승훈치과의원,,,내원,,,,,,
14720,바다보임치과의원,,,내원,,,,,,
14721,선치과의원,,,내원,,,,,,
14722,서울치과의원,,,내원,,,,,,
14723,성수치과의원,,,내원,,,,,,
14724,형제치과의원,,,내원,,,,,,
14725,이사랑치과의원,,,내원,,,,,,
14726,리더스치과의원,,,내원,,,,,,
14727,서울미치과의원,,,내원,,,,,,
14728,위미연세치과의원,,,내원,,,,,,
14729,더치과의원,,,내원,,,,,,
14730,미소를찾는치과의원,,,내원,,,,,,
14731,대정하나로치과의원,,,내원,,,,,,
14732,제라진치과의원,,,내원,,,,,,
14733,이편한치과의원,,,내원,,,,,,
14734,그랜드치과의원,,,내원,,,,,,
14735,연합치과의원,,,내원,,,,,,
14736,새별치과의원,,,내원,,,,,,
14737,한국건강치과의원,,,내원,,,,,,
14738,서귀포시동부보건소,내원,,내원,,,,,,
14739,서귀포보건소,내원,,내원,,,,,,
14740,서귀포시서부보건소,내원,,내원,,,,,,
14741,대전보훈병원,내원,내원,내원,내원,내원,내원,내원,내원,내원
14742,근로복지공단대전병원,내원+출장,,출장,내원,내원+출장,내원,내원,내원,내원
14743,대전한국병원,내원,내원,내원,내원,내원,내원,내원,내원,내원
14744,의료법인의명의료재단대전병원,내원,,,내원,내원,내원,내원,내원,
14745,사회복지법인천성원신탄진한일병원,내원,,,내원,내원,내원,내원,,
14746,대전웰니스병원,내원,,,,내원,내원,,,
14747,글로벌튼튼병원,내원,,,내원,내원,내원,내원,내원,
14748,을지소아청소년과병원,,내원,,,,,,,
14749,이안병원,내원,내원,,,,,,,
14750,한남요양병원,내원,,,,,,,,
14751,홍제요양병원,내원,,,,,,,,
14752,사회복지법인천성원대전한일병원,내원,,,,,,,,
14753,전창렬소아청소년과의원,,내원,,,,,,,
14754,은산부인과의원,,,,,,,,내원,
14755,김주병제통의원,,,,,,,,내원,
14756,명내과의원,내원,,,,,내원,,,
14757,연세포유의원,,,,,,,,내원,
14758,한가족내과의원,내원,,,내원,내원,내원,내원,,
14759,제일내과의원,내원,,,내원,내원,내원,내원,,
14760,덕인의원,내원,,,,,내원,,,
14761,사)대한산업보건협회부설충남의원,내원+출장,,내원+출장,,,,,,
14762,김명숙소아청소년과의원,,내원,,,,,,,
14763,참좋은소아청소년과의원,,내원,,,,,,,
14764,고려내과의원,내원,,,내원,내원,내원,,내원,
14765,가양산부인과의원,,,,,,,,내원,
14766,연세의원,내원,내원,,내원,,내원,,,
14767,유소미산부인과의원,,,,,,,,내원,
14768,경소아청소년과의원,,내원,,,,,,,
14769,이화산부인과의원,,,,,,,,내원,
14770,새일의원,,내원,,,,,,,
14771,가양성모의원,내원,,,내원,,내원,,,
14772,한우리의원,내원,,,,,,,,
14773,임상복내과의원,내원,,,내원,내원,내원,,,
14774,성모영상의학과의원,내원+출장,,,내원,내원+출장,내원,내원,내원,
14775,법동한빛소아과의원,,내원,,,,,,,
14776,동아영상의학과의원,내원,,,내원,내원,내원,내원,내원,
14777,제일편안의원,내원,내원,,,,내원,,,
14778,새아산부인과의원,,,,,,,,내원,
14779,성모자애산부인과의원,,,,,,,,내원,
14780,예일내과영상의학과의원,내원,내원,,내원,내원,내원,내원,내원,
14781,한길내과의원,,내원,,,,,,,
14782,대전의원의료법인선인의료재단,내원,,,,,,,,
14783,문현웅내과의원,내원,,,내원,내원,내원,,,
14784,튼튼소아청소년과의원,,내원,,,,,,,
14785,근화내과의원,내원,,,내원,,내원,,,
14786,용운내과의원,내원,,,내원,,내원,,,
14787,비엠엘의원,내원+출장,,내원+출장,,,,,,
14788,민들레의료복지사회적협동조합민들레의원,내원,내원,,내원,내원,내원,내원,내원,
14789,청담내과의원,내원,,,내원,내원,내원,내원,,
14790,윤내과의원,내원,,,내원,,내원,,,
14791,우리가정의학과의원,,내원,,,,,,,
14792,방도석내과의원,내원,내원,,내원,,내원,,,
14793,행복한내과의원,내원,,,,,내원,,,
14794,올리브내과의원,내원,,,내원,내원,내원,내원,내원,
14795,가오플러스산부인과의원,,,,,,,,내원,
14796,가오아이소아청소년과의원,,내원,,,,,,,
14797,고은소아청소년과의원,,내원,,,,,,,
14798,하나내과의원,내원,,,내원,내원,내원,,,
14799,조성현가정의학과의원,,내원,,,,,,,
14800,김영소아청소년과의원,,내원,,,,,,,
14801,서울내과의원,내원,,,,,,,,
14802,하나로내과의원,내원,,,내원,내원,내원,내원,내원,
14803,플러스연합내과의원,내원,,,내원,내원,내원,내원,내원,
14804,본이비인후과의원,,내원,,,,,,,
14805,하나로영상의학과의원,,,,,,,내원,,
14806,무지개홈닥터의원,,내원,,,,,,,
14807,민가정의학과의원,,내원,,,,,,,
14808,김종현내과의원,내원,,,내원,내원,내원,,내원,
14809,꿈소아청소년과의원,,내원,,,,,,,
14810,제이엔제이연합의원,,내원,,,,,,,
14811,소중한배내과의원,내원,,,내원,내원,내원,내원,내원,
14812,강남내과의원,내원,,,내원,내원,내원,내원,내원,
14813,속튼튼내과의원,내원,,,내원,내원,내원,내원,내원,
14814,연세나음샘내과.마취통증의학과의원,내원,,,,,내원,,,
14815,좋은날내과의원,내원,,,내원,내원,내원,내원,내원,
14816,속편한윤내과의원,내원,,,내원,내원,내원,내원,내원,
14817,길태환소아청소년과의원,,내원,,,,,,,
14818,라온산부인과의원,,내원,,,,,,내원,
14819,엠허브미의원,내원,,,내원,내원,내원,내원,내원,
14820,리더스장내과의원,내원,,,내원,내원,내원,내원,내원,
14821,란가정의학과의원,내원,,,,,,,,
14822,위앤장성모내과의원,내원,,,내원,내원,내원,내원,내원,
14823,이엘치과병원,,,내원,,,,,,
14824,서울치과병원,,,내원,,,,,,
14825,김홍기치과의원,,,내원,,,,,,
14826,대동치과의원,,,내원,,,,,,
14827,박성규치과의원,,,내원,,,,,,
14828,구본석치과의원,,,내원,,,,,,
14829,박윤혁치과의원,,,내원,,,,,,
14830,서울치과의원,,,내원,,,,,,
14831,편한치과의원,,,내원+출장,,,,,,
14832,경로치과의원,,,내원,,,,,,
14833,프라임한빛치과의원,,,내원,,,,,,
14834,윤일송치과의원,,,내원,,,,,,
14835,청솔치과의원,,,내원,,,,,,
14836,홍예기치과의원,,,내원,,,,,,
14837,윤종삼치과의원,,,내원,,,,,,
14838,성남치과의원,,,내원,,,,,,
14839,유재성치과의원,,,내원,,,,,,
14840,강석만치과의원,,,내원,,,,,,
14841,조영진치과의원,,,내원,,,,,,
14842,철도타워김현태치과의원,,,내원,,,,,,
14843,한빛치과의원,,,내원,,,,,,
14844,고려치과의원,,,내원,,,,,,
14845,송은면치과의원,,,내원,,,,,,
14846,다인치과의원,,,내원,,,,,,
14847,이욱재치과의원,,,내원,,,,,,
14848,박치과의원,,,내원,,,,,,
14849,미플란트치과의원,,,내원,,,,,,
14850,해맑은치과의원,,,내원,,,,,,
14851,한남치과의원,,,내원,,,,,,
14852,김지웅치과의원,,,내원,,,,,,
14853,김경훈치과의원,,,내원,,,,,,
14854,한가족치과의원,,,내원,,,,,,
14855,이상대치과의원,,,내원,,,,,,
14856,조경엽치과의원,,,내원,,,,,,
14857,우리들치과의원,,,내원,,,,,,
14858,와이제이플란트치과의원,,,내원,,,,,,
14859,필치과의원,,,내원,,,,,,
14860,세인치과의원,,,내원,,,,,,
14861,오케이치과의원,,,내원,,,,,,
14862,백승석치과의원,,,내원,,,,,,
14863,더바른치과의원,,,내원,,,,,,
14864,비래플러스치과의원,,,내원,,,,,,
14865,에이스치과의원,,,내원,,,,,,
14866,이고은치과의원,,,내원,,,,,,
14867,다인치과의원,,,내원,,,,,,
14868,민들레의료복지사회적협동조합민들레치과의원,,,내원,,,,,,
14869,은어송치과의원,,,내원,,,,,,
14870,심미연합치과의원,,,내원,,,,,,
14871,위드치과의원,,,내원,,,,,,
14872,100플란트치과의원,,,내원,,,,,,
14873,연세미치과의원,,,내원,,,,,,
14874,중앙치과의원,,,내원,,,,,,
14875,김봉석치과의원,,,내원,,,,,,
14876,이조은치과의원,,,내원,,,,,,
14877,선부부치과의원,,,내원,,,,,,
14878,행복한미소치과의원,,,내원,,,,,,
14879,서울뉴플란트치과의원,,,내원,,,,,,
14880,당신이웃는치과의원,,,내원,,,,,,
14881,가양탑치과의원,,,내원,,,,,,
14882,제일연합치과의원,,,내원,,,,,,
14883,리더스장치과의원,,,내원,,,,,,
14884,바른마음치과의원,,,내원,,,,,,
14885,정다운치과의원,,,내원,,,,,,
14886,에이케이플란트치과의원,,,내원+출장,,,,,,
14887,예스덴치과의원,,,내원,,,,,,
14888,스마트치과의원,,,내원,,,,,,
14889,탑치과의원,,,내원,,,,,,
14890,유니나치과의원,,,내원,,,,,,
14891,더편한치과의원,,,내원,,,,,,
14892,산내서울치과의원,,,내원,,,,,,
14893,이정석치과의원,,,내원,,,,,,
14894,퍼스트원치과의원,,,내원,,,,,,
14895,연합치과의원,,,내원,,,,,,
14896,올소치과의원,,,내원,,,,,,
14897,미소담은치과의원,,,내원+출장,,,,,,
14898,판암본치과의원,,,내원,,,,,,
14899,나비온치과의원,,,내원,,,,,,
14900,채움치과의원,,,내원,,,,,,
14901,연세치과의원,,,내원,,,,,,
14902,탑클래스치과의원,,,내원,,,,,,
14903,서울로하스치과의원,,,내원,,,,,,
14904,큰숲맑은샘치과의원,,,내원,,,,,,
14905,미소로치과의원,,,내원,,,,,,
14906,이이공치과의원,,,내원,,,,,,
14907,한치과의원,,,내원,,,,,,
14908,이로움치과의원,,,내원,,,,,,
14909,365성심플란트치과의원,,,내원,,,,,,
14910,새여울플란트치과의원,,,내원,,,,,,
14911,수플란트치과의원,,,내원,,,,,,
14912,온마음치과의원,,,내원,,,,,,
14913,의료법인영훈의료재단유성선병원,내원+출장,내원,내원+출장,내원,내원,내원,내원,내원,내원
14914,국군대전병원,내원,,내원,내원,,,,,
14915,사회복지법인성재원성세병원,내원,,,,,,,,
14916,의료법인밝은마음의료재단워크런재활병원,내원,,,,,,,,
14917,미즈제일여성병원,,내원,,,,,내원,내원,
14918,대전본병원,내원,,,,,,,,
14919,대전코젤병원,내원,내원,,,,,,,
14920,봉키병원,,내원,,,,,,,
14921,의료법인리노의료재단유성웰니스재활병원,내원,,,,,,,,
14922,사회복지법인성화대전재활병원,내원,,,,,,,,
14923,코젤병원,내원,내원,,,,,,,
14924,엠블병원,,내원,,,,,,,
14925,이호성소아청소년과의원,,내원,,,,,,,
14926,선산부인과의원,,,,,,,,내원,
14927,권오균소아과의원,,내원,,,,,,,
14928,박붕연내과의원,내원,,,내원,내원,내원,,,
14929,늘편한내과의원,내원,,,내원,내원,내원,내원,내원,
14930,연세소아과의원,,내원,,,,,,,
14931,한빛소아청소년과의원,,내원,,,,,,,
14932,중앙내과의원,내원,,,내원,내원,내원,,,
14933,이상두소아과의원,,내원,,,,,,,
14934,자운가정의원,,내원,,,,,,,
14935,아리따운여성의원,,,,,,,,내원,
14936,강창규내과의원,내원,내원,,내원,내원,내원,,내원,
14937,송강내과의원,내원,,,내원,내원,내원,내원,,
14938,우리들내과의원,내원,,,내원,내원,내원,,,
14939,스마트내과의원,내원,,,내원,,내원,,,
14940,엔젤소아청소년과의원,,내원,,,,,,,
14941,새봄산부인과의원,,,,,,,,내원,
14942,송강복음내과의원,내원,,,내원,내원,내원,내원,내원,
14943,연합내과의원,내원,내원,,내원,내원,내원,내원,,
14944,노은산부인과의원,,,,,,,,내원,
14945,김정식내과의원,내원,,,내원,,,,,
14946,미소소아청소년과의원,,내원,,,,,,,
14947,이국희산부인과의원,,,,,,,,내원,
14948,분도내과의원,내원,,,내원,내원,내원,,,
14949,가인연합내과신경과의원,내원,,,내원,내원,,,,
14950,테크노산부인과의원,,,,,,,,내원,
14951,유성연세의원,내원,,,,,,,,
14952,명쾌한내과의원,내원,,,내원,내원,내원,,,
14953,현대의원,,내원,,,,,,,
14954,아가페의원,,내원,,,,,,,
14955,하나로의원,내원,,,내원,내원,내원,내원,내원,
14956,배내과의원,내원,,,내원,,내원,,,
14957,주생명의원,내원,,,내원,내원,내원,내원,내원,
14958,수산부인과의원,,,,,,,,내원,
14959,연세라온의원,,내원,,,,,,,
14960,테크노키즈소아과의원,,내원,,,,,,,
14961,테크노내과의원,내원,,,내원,내원,내원,내원,,
14962,닥터황여성의원,,,,,,,,내원,
14963,반석내과영상의학과의원,내원,내원,,내원,내원,내원,내원,내원,
14964,메디안내과의원,내원,,,내원,내원,내원,,,
14965,현대우리들의원,,내원,,,,,,,
14966,노은한사랑가정의학과의원,,내원,,,,,,,
14967,루크소아청소년과의원,,내원,,,,,,,
14968,하나연합의원,내원,,,내원,내원,내원,,,
14969,노은예소아청소년과의원,,내원,,,,,,,
14970,퍼스트365소아청소년과의원,,내원,,,,,,,
14971,씨앤유내과의원,내원,,,,,내원,,,
14972,삼성우리내과의원,내원,,,,,,,,
14973,김남재내과의원,내원,,,,,내원,,,
14974,건강한소화내과의원,내원,,,내원,내원,내원,,,
14975,김기영영심내과의원,내원,,,,,,,,
14976,노은아이소아청소년과의원,,내원,,,,,,,
14977,도안내과의원,내원,,,내원,내원,내원,내원,내원,
14978,올굿소아청소년과의원,내원,내원,,,,,,,
14979,유성언니여성의원,,,,,,,,내원,
14980,편한내과의원,내원,,,내원,내원,내원,내원,내원,
14981,송강미소내과의원,내원,,,내원,내원,내원,내원,내원,
14982,바로엘내과의원,내원,,,내원,내원,내원,,,
14983,장바른내과의원,내원,,,내원,내원,내원,내원,내원,
14984,베스트내과의원,내원,,,내원,내원,내원,내원,내원,
14985,엑스포의원,내원,,,,,,,,
14986,세림소아청소년과의원,,내원,,,,,,,
14987,오늘산부인과의원,,,,,,,,내원,
14988,도안누리여성의원,,,,,,,,내원,
14989,의료복지사협)디딤돌유성의원,내원,,,,,,,,
14990,아이비내과의원,내원,,,내원,내원,내원,내원,내원,
14991,더베스트내과의원,내원,,,내원,내원,내원,내원,내원,
14992,다온소아청소년과의원,,내원,,,,,,,
14993,연세호반내과의원,내원,,,내원,내원,내원,내원,내원,
14994,우리들소아청소년과의원,,내원,,,,,,,
14995,에이스마일치과병원,,,내원,,,,,,
14996,의료법인성전의료재단온스타치과병원,,,내원,,,,,,
14997,윤치과의원,,,내원,,,,,,
14998,하얀이치과의원,,,내원,,,,,,
14999,금성치과의원,,,내원,,,,,,
15000,지성연합치과의원,,,내원,,,,,,
15001,사과나무치과의원,,,내원,,,,,,
15002,미소앤치과의원,,,내원,,,,,,
15003,미치과의원,,,내원,,,,,,
15004,이미령치과의원,,,내원,,,,,,
15005,달라스연합치과의원,,,내원,,,,,,
15006,김창년치과의원,,,내원,,,,,,
15007,이상훈치과의원,,,내원,,,,,,
15008,덴티치과의원,,,내원,,,,,,
15009,김응학치과의원,,,내원,,,,,,
15010,플랜트치과의원,,,내원+출장,,,,,,
15011,행복한치과의원,,,내원,,,,,,
15012,신선섭치과의원,,,내원,,,,,,
15013,한광현치과의원,,,내원,,,,,,
15014,박준상치과의원,,,내원,,,,,,
15015,서울명문치과의원,,,내원,,,,,,
15016,아름다운치과의원,,,내원,,,,,,
15017,임동진치과의원,,,내원,,,,,,
15018,다니엘치과의원,,,내원,,,,,,
15019,비타민치과의원,,,내원,,,,,,
15020,노은부부치과의원,,,내원,,,,,,
15021,리더스치과의원,,,내원,,,,,,
15022,인플란트치과의원,,,내원,,,,,,
15023,우리미치과의원,,,내원,,,,,,
15024,손님반석미치과의원,,,내원+출장,,,,,,
15025,이사랑치과의원,,,내원,,,,,,
15026,시카고플란트치과의원,,,내원,,,,,,
15027,테크노연세치과의원,,,내원,,,,,,
15028,교촌플란트치과의원,,,내원,,,,,,
15029,앞선치과의원,,,내원,,,,,,
15030,새로운부부치과의원,,,내원+출장,,,,,,
15031,소망치과의원,,,내원,,,,,,
15032,이길준플란트치과의원,,,내원,,,,,,
15033,전진용뿌리깊은치과의원,,,내원,,,,,,
15034,금강부부치과의원,,,내원,,,,,,
15035,노은연합치과의원,,,내원,,,,,,
15036,엑스포치과의원,,,내원,,,,,,
15037,다나치과의원,,,내원,,,,,,
15038,미소안치과의원,,,내원,,,,,,
15039,키엘치과의원,,,내원,,,,,,
15040,예미담치과의원,,,내원,,,,,,
15041,덴타피아치과의원,,,내원,,,,,,
15042,카이스트부속치과의원,,,내원,,,,,,
15043,리덴치과의원,,,내원,,,,,,
15044,노은어린이치과의원,,,내원,,,,,,
15045,한치과의원,,,내원,,,,,,
15046,본치과의원,,,내원,,,,,,
15047,더스마트치과의원,,,내원,,,,,,
15048,우리치과의원,,,내원,,,,,,
15049,이건강치과의원,,,내원,,,,,,
15050,노은사랑치과의원,,,내원,,,,,,
15051,365연세치과의원,,,내원,,,,,,
15052,호반감동치과의원,,,내원,,,,,,
15053,노은김앤장치과의원,,,내원,,,,,,
15054,서울연치과의원,,,내원,,,,,,
15055,밝은마음치과의원,,,내원,,,,,,
15056,굿초이스치과의원,,,내원,,,,,,
15057,뉴본치과의원,,,내원,,,,,,
15058,바른이김치과의원,,,내원,,,,,,
15059,나이스치과의원,,,내원,,,,,,
15060,도안소아치과의원,,,내원,,,,,,
15061,반석위치과의원,,,내원,,,,,,
15062,차성빈치과의원,,,내원,,,,,,
15063,풀잎치과의원,,,내원,,,,,,
15064,현치과의원,,,내원,,,,,,
15065,연세올데이치과의원대전,,,내원+출장,,,,,,
15066,이편한치과의원,,,내원,,,,,,
15067,아침을여는치과의원,,,내원,,,,,,
15068,바른손치과의원,,,내원+출장,,,,,,
15069,클라리티치과의원,,,내원,,,,,,
15070,아름다운신성치과의원,,,내원,,,,,,
15071,더정다운치과의원,,,내원,,,,,,
15072,성심49플란트치과의원,,,내원,,,,,,
15073,봄빛치과의원,,,내원,,,,,,
15074,유성온치과의원,,,내원,,,,,,
15075,스마일리소아치과의원,,,내원,,,,,,
15076,애플치과의원,,,내원,,,,,,
15077,이앤와이치과의원,,,내원,,,,,,
15078,미소가득치과의원,,,내원,,,,,,
15079,나음치과의원,,,내원,,,,,,
15080,더오래치과의원,,,내원,,,,,,
15081,동행어린이치과의원,,,내원,,,,,,
15082,연세정원치과의원,,,내원,,,,,,
15083,든든플란트치과의원,,,내원,,,,,,
15084,서울뷰치과의원,,,내원,,,,,,
15085,서울정석치과의원,,,내원,,,,,,
15086,바른인성치과의원,,,내원,,,,,,
15087,연세맘편한치과의원,,,내원,,,,,,
15088,충남대학교병원,내원,내원,,내원,내원,내원,내원,내원,
15089,학교법인가톨릭학원가톨릭대학교대전성모병원,내원,,내원,내원,내원,내원,내원,내원,내원
15090,의료법인영훈의료재단대전선병원,내원,내원,내원,내원,내원,내원,내원,내원,내원
15091,새손병원,내원,,,내원,내원,내원,내원,내원,
15092,청춘병원,내원,,,,,,,,
15093,의료법인한일의료재단패밀리요양병원,내원,,,,,,,,
15094,보건의원,내원+출장,,내원+출장,,,,,,
15095,대전복십자의원,내원+출장,,,,,,,,
15096,인구보건복지협회대전충남지회가족보건의원,내원+출장,내원,,내원+출장,내원+출장,내원+출장,내원+출장,내원+출장,
15097,박인수내과의원,내원,,,,,내원,,,
15098,용산부인과의원,,,,,,,,내원,
15099,새서울내과영상의학과의원,내원,,,내원,내원,내원,내원,내원,
15100,예인의원,,내원,,,,,,,
15101,방문권내과의원,내원,,,,,,,,
15102,푸른의원,내원,,,내원,내원,내원,,,
15103,서재형내과의원,내원,,,내원,내원,내원,내원,내원,
15104,송도외과의원,내원,,,내원,내원,,내원,,
15105,로고내과의원,내원,,,내원,,,,,
15106,한스소아청소년과의원,,내원,,,,,,,
15107,현대가정의원,내원,내원,,,,내원,,,
15108,수내과의원,내원,,,,,내원,,,
15109,을지소아청소년과의원,,내원,,,,,,,
15110,홍석철내과의원,내원,,,내원,,,,,
15111,류진희산부인과의원,,,,,,,,내원,
15112,장소아청소년과의원,,내원,,,,,,,
15113,상쾌한내과의원,내원,,,내원,내원,내원,,,
15114,태평드림내과의원,내원,,,내원,내원,,,,
15115,미소담의원,,,,,,,,내원,
15116,대전헬스케어의원,내원,,,,,,,,
15117,계룡내과의원,내원,,,내원,내원,내원,내원,,
15118,한사랑의원,,내원,,,,,,,
15119,두리하나소아청소년과의원,,내원,,,,,,,
15120,참내과의원,내원,내원,,내원,내원,내원,내원,내원,
15121,참조은내과의원,내원,,,내원,내원,내원,,,
15122,세이연합내과의원,내원,,,내원,내원,내원,,,
15123,맑음내과의원,내원,,,내원,내원,내원,내원,내원,
15124,척신경과의원,내원,,,,,,,,
15125,서대전튼튼내과의원,내원,,,내원,내원,내원,내원,내원,
15126,아이든소아청소년과의원,내원,내원,,,,,,,
15127,코스모내과의원,내원,,,내원,내원,내원,내원,내원,
15128,케이소아청소년과의원,,내원,,,,,,,
15129,서대전속편한내과의원,내원,,,내원,내원,내원,내원,내원,
15130,본투비내과의원,내원,,,내원,내원,내원,내원,내원,
15131,연합소아청소년과의원,,내원,,,,,,,
15132,세계영상의학과의원,내원,,,내원,내원,내원,내원,내원,
15133,의료법인영훈의료재단선치과병원,,,내원+출장,,,,,,
15134,장수일치과의원,,,내원,,,,,,
15135,금강치과의원,,,내원,,,,,,
15136,기태석치과의원,,,내원,,,,,,
15137,대흥치과의원,,,내원,,,,,,
15138,이강봉치과의원,,,내원,,,,,,
15139,현대치과의원,,,내원,,,,,,
15140,제이플란트치과의원,,,내원,,,,,,
15141,조운행치과의원,,,내원,,,,,,
15142,안준관치과의원,,,내원,,,,,,
15143,하늘치과의원,,,내원,,,,,,
15144,글꽃치과의원,,,내원,,,,,,
15145,성치과의원,,,내원,,,,,,
15146,임진완치과의원,,,내원,,,,,,
15147,래오치과의원,,,내원,,,,,,
15148,임마누엘치과의원,,,내원,,,,,,
15149,하늘플란트치과의원,,,내원,,,,,,
15150,라파엘플랜트치과의원,,,내원,,,,,,
15151,김상학치과의원,,,내원,,,,,,
15152,푸른이미지연합치과의원,,,내원,,,,,,
15153,조병옥치과의원,,,내원,,,,,,
15154,밝은치과의원,,,내원,,,,,,
15155,화이트서울치과의원,,,내원,,,,,,
15156,준치과의원,,,내원,,,,,,
15157,참플란트치과의원,,,내원,,,,,,
15158,예원치과의원,,,내원,,,,,,
15159,예강치과의원,,,내원,,,,,,
15160,한결치과의원,,,내원,,,,,,
15161,호산치과의원,,,내원,,,,,,
15162,미소담치과의원,,,내원,,,,,,
15163,갤러리치과의원,,,내원,,,,,,
15164,오복치과의원,,,내원,,,,,,
15165,병아리소아치과의원,,,내원,,,,,,
15166,세강치과의원,,,내원,,,,,,
15167,세상에하나뿐인치과의원,,,내원,,,,,,
15168,드림치과의원,,,내원,,,,,,
15169,본치과의원,,,내원,,,,,,
15170,이안치과의원,,,내원,,,,,,
15171,서대전미치과의원,,,내원,,,,,,
15172,즐거운치과의원,,,내원,,,,,,
15173,정담치과의원,,,내원,,,,,,
15174,서울센트럴치과의원,,,내원,,,,,,
15175,서울예일치과의원,,,내원,,,,,,
15176,정들치과의원,,,내원,,,,,,
15177,민치과의원,,,내원,,,,,,
15178,서울삼성치과의원,,,내원,,,,,,
15179,소망부부치과의원,,,내원,,,,,,
15180,한밭제일치과의원,,,내원,,,,,,
15181,서울본치과의원,,,내원,,,,,,
15182,김명수치과의원,,,내원,,,,,,
15183,스마트치과의원,,,내원,,,,,,
15184,클린디치과의원,,,내원,,,,,,
15185,청담플란트치과의원,,,내원,,,,,,
15186,유천플란트치과의원,,,내원,,,,,,
15187,코스모연세치과의원,,,내원,,,,,,
15188,다은치과의원,,,내원,,,,,,
15189,새금산병원,내원,,,내원,내원,내원,,,
15190,조산부인과의원,,,,,,,,내원,
15191,성모의원,내원,,,내원,내원,내원,내원,내원,
15192,우리소아과의원,,내원,,,,,,,
15193,고태영내과의원,내원,,,내원,내원,내원,내원,,
15194,금산365의원,내원,,,내원,내원,내원,내원,내원,
15195,진산건강의원,내원,,,,,,,,
15196,속편한내과의원,내원,,,내원,내원,내원,내원,내원,
15197,금산우리의원,내원,,,내원,내원,내원,내원,내원,
15198,현치과의원,,,내원,,,,,,
15199,서울수치과의원,,,내원,,,,,,
15200,참좋은치과의원,,,내원,,,,,,
15201,서울으뜸치과의원,,,내원,,,,,,
15202,하나치과의원,,,내원,,,,,,
15203,추부효치과의원,,,내원,,,,,,
15204,학교법인을지학원대전을지대학교병원,내원,내원,내원,내원,내원,내원,내원,내원,내원
15205,학교법인건양교육재단건양대학교병원,내원,내원,내원,내원,내원,내원,내원,내원,내원
15206,대청병원,내원,,내원,내원,내원,내원,내원,내원,내원
15207,대전세종충남·넥슨후원공공어린이재활병원,,내원,내원,,,,,,
15208,의료법인삼영의료재단둔산병원,내원,,내원,내원,내원,내원,내원,내원,
15209,가톨릭병원,내원,,,내원,내원,내원,,,
15210,조이병원,,내원,,,,,,,
15211,미즈여성병원,,,,,,,내원,내원,
15212,바른생각병원,내원,,,내원,내원,내원,내원,내원,
15213,탄탄병원,내원,,,내원,내원,내원,,,
15214,다빈치병원,내원,,,내원,내원,내원,내원,,
15215,탄방엠블병원,,내원,,,,,,,
15216,더블유여성병원,내원,내원,,,,,내원,내원,
15217,더젠병원,내원,,,내원,내원,내원,내원,내원,
15218,서울여성병원,,,,,,,,내원,
15219,이김병원,내원,,,,,,,,
15220,의료법인선사인혜요양병원,내원,,,,,내원,,,
15221,성심요양병원,내원,,,,,,,,
15222,홍산부인과의원,,,,,,,,내원,
15223,서울삼성내과의원,내원,,,내원,내원,내원,내원,내원,
15224,박훈영내과의원,내원,,,내원,내원,내원,,,
15225,최금숙산부인과의원,,,,,,,,내원,
15226,세란의원,,내원,,,,,,,
15227,세브란스소아청소년과의원,,내원,,,,,,,
15228,사)한국건강관리협회건강증진의원,내원,,,내원,내원,내원,내원,내원,
15229,김용석소아청소년과의원,,내원,,,,,,,
15230,선사내과의원,내원,,,내원,내원,,,,
15231,동양내과의원,내원,,,,,내원,,,
15232,선내과의원,내원,,,내원,내원,내원,,,
15233,연세내과의원,내원,,,,,,,,
15234,둔산내과의원,내원,,,내원,,내원,,,
15235,유철재내과의원,내원,,,내원,,내원,,,
15236,한사랑365의원,내원,,,내원,내원,내원,내원,내원,
15237,청담여성의원,,,,,,,,내원,
15238,복음내과의원,내원,,,내원,내원,내원,,,
15239,광명의원,내원,,,,,,,,
15240,동양굿모닝영상의학과의원,내원,,,내원,내원,내원,내원,내원,
15241,세종영상의학과의원,내원,,,,,내원,,,
15242,김봉천정형외과의원,내원,,,,,,,,
15243,튼튼소아청소년과의원,,내원,,,,,,,
15244,의료법인중앙의료재단씨엠아이의원,내원+출장,,내원+출장,내원,내원+출장,내원+출장,내원,내원,
15245,김병호내과의원,내원,,,내원,,내원,,,
15246,세브란스산부인과의원,,,,,,,,내원,
15247,미애로여성의원,,,,,,,,내원,
15248,삼성송암내과의원,내원,,,내원,,내원,내원,,
15249,샘머리성모소아청소년과의원,,내원,,,,,,,
15250,건강미내과의원,내원,,,,,내원,,,
15251,이종미산부인과의원,,,,,,,,내원,
15252,나우내과의원,내원,,,내원,,내원,,,
15253,둔산한빛내과의원,내원,,,내원,내원,내원,,,
15254,관저성모의원,내원,내원,,,,,,,
15255,현대내과의원,내원,,,내원,,내원,,,
15256,미래여성의원,내원,,,,,,내원,내원,
15257,최용석내과의원,내원,,,내원,내원,내원,내원,내원,
15258,임현순산부인과의원,,,,,,,,내원,
15259,벨라쥬여성의원,,,,,,,,내원,
15260,온누리수의원,내원+출장,,내원+출장,내원,내원+출장,내원,내원,내원,
15261,둔산속편한내과영상의학과의원,내원,,,내원,내원,내원,내원,내원,
15262,을지의원,,내원,,,,,,,
15263,시크릿산부인과의원,,,,,,,,내원,
15264,초원의원,,내원,,,,,,,
15265,관저내과의원,내원,,,,,,,,
15266,관저참소아청소년과의원,,내원,,,,,,,
15267,김영운내과의원,내원,,,내원,,내원,,,
15268,은혜산부인과의원,,,,,,,,내원,
15269,속편한내과의원,내원,,,내원,내원,내원,내원,내원,
15270,아이맘소아청소년과의원,,내원,,,,,,,
15271,미즈의원,,,,,,,,내원,
15272,하나내과의원,내원,,,내원,내원,내원,내원,내원,
15273,킴스의원,,내원,,,,,,,
15274,꾸러기소아청소년과의원,,내원,,,,,,,
15275,키즈웰소아청소년과의원,,내원,,,,,,,
15276,유앤유산부인과의원,,,,,,,,내원,
15277,좋은이웃내과의원,내원,,,내원,내원,,,,
15278,둔산배사랑내과의원,내원,,,내원,내원,내원,,,
15279,미즈모아산부인과의원,,,,,,,,내원,
15280,신아웰니스의원,,,,,,,,내원,
15281,세이유외과의원,내원,,,내원,내원,내원,내원,내원,
15282,선사영상의학과의원,내원,,,,,내원,내원,내원,
15283,초록내과의원,,내원,,,,,,,
15284,리라산부인과여성의원,,,,,,,,내원,
15285,우리수내과의원,내원,,,내원,내원,내원,,,
15286,우리내과의원,내원,,,,,,,,
15287,미즈소아청소년과의원,,내원,,,,,,,
15288,미소가득한내과의원,내원,,,내원,내원,내원,내원,내원,
15289,예담산부인과의원,,,,,,,,내원,
15290,연세한사랑의원,,내원,,,,,,,
15291,서울영상의학과의원,내원,,,,,내원,내원,,
15292,유소아청소년과의원,,내원,,,,,,,
15293,아름다운여성의원,,,,,,,,내원,
15294,국소아청소년과의원,,내원,,,,,,,
15295,똑똑가정의학과의원,내원,내원,,내원,내원,내원,내원,내원,
15296,예쁜아이소아청소년과의원,,내원,,,,,,,
15297,한화생명대전부속의원,내원,,,,,,,,
15298,스마트내과의원,내원,,,,,,,,
15299,둔산송도외과의원,내원,,,내원,내원,,,,
15300,세종가정의학과의원,내원,,,,,,,,
15301,수목토연합의원,,내원,,,,,,,
15302,성심의원,,내원,,,,,,,
15303,365최재혁가정의학과의원,,내원,,,,,,,
15304,서울예사랑내과의원,내원,,,내원,내원,내원,내원,내원,
15305,세느산부인과의원,,,,,,,,내원,
15306,시온연합내과의원,내원,,,내원,내원,내원,내원,내원,
15307,소망연합내과의원,내원,,,내원,내원,내원,,,
15308,미즈아이소아청소년과의원,,내원,,,,,,,
15309,이경민소아청소년과의원,,내원,,,,,,,
15310,선사소아청소년과의원,,내원,,,,,,,
15311,대전엔도내과의원,내원,,,내원,,내원,,,
15312,좋은날신경과의원,내원,,,,,,,,
15313,상쾌한장사랑내과의원,내원,,,내원,내원,내원,내원,내원,
15314,모태산부인과의원,,내원,,,,,내원,내원,
15315,선사여성의원,,,,,,,,내원,
15316,생명사랑산부인과의원,,,,,,,,내원,
15317,밝은햇살내과의원,내원,,,내원,내원,내원,내원,내원,
15318,김미연아임산부인과의원,,,,,,,,내원,
15319,더편한내과의원,내원,,,내원,내원,내원,내원,내원,
15320,배사랑내과의원,내원,,,내원,내원,내원,,,
15321,데일리연합의원,내원,,,내원,내원,내원,내원,,
15322,조일영소아청소년과의원,,내원,,,,,,,
15323,굿모닝위앤장내과의원,내원,,,내원,내원,내원,,,
15324,속속봄내과의원,내원,,,내원,내원,내원,,내원,
15325,한솔내과의원,내원,,,내원,내원,내원,내원,내원,
15326,그레이스유외과의원,,,,,,,내원,,
15327,리더스내과영상의학과의원,내원,,,내원,내원,내원,내원,내원,
15328,둔산엔도내과의원,내원,,,,,,,,
15329,바른길내과의원,내원,,,내원,내원,내원,내원,내원,
15330,유사랑영상의학과의원,,,,,,,내원,,
15331,시티내과외과의원,내원,,,내원,내원,내원,내원,내원,
15332,콩콩팥팥내과의원,내원,,,,,,,,
15333,라임나무소아청소년과의원,,내원,,,,,,,
15334,제이산부인과의원,,,,,,,,내원,
15335,삼성서울내과의원,내원,,,내원,내원,내원,내원,내원,
15336,생명의정원여성의원,,,,,,,,내원,
15337,포커스엘여성의원,,,,,,,,내원,
15338,에이스내과의원,내원,,,내원,내원,내원,내원,내원,
15339,대전이손내과의원,내원,,,,,내원,,,
15340,성모더퍼스트내과의원,내원,,,내원,내원,내원,내원,내원,
15341,원광대학교대전치과병원,,,내원+출장,,,,,,
15342,김상훈치과의원,,,내원,,,,,,
15343,서구치과의원,,,내원,,,,,,
15344,임종갑치과의원,,,내원,,,,,,
15345,바르게치과의원,,,내원,,,,,,
15346,이즈치과의원,,,내원,,,,,,
15347,청아치과의원,,,내원,,,,,,
15348,이광우치과의원,,,내원,,,,,,
15349,김형조치과의원,,,내원,,,,,,
15350,예담치과의원,,,내원,,,,,,
15351,도안엠치과의원,,,내원,,,,,,
15352,초록치과의원,,,내원,,,,,,
15353,백두치과의원,,,내원,,,,,,
15354,준치과의원,,,내원,,,,,,
15355,조석원치과의원,,,내원,,,,,,
15356,램브란트치과의원,,,내원,,,,,,
15357,김양중치과의원,,,내원,,,,,,
15358,강인호치과의원,,,내원,,,,,,
15359,이지치과의원,,,내원,,,,,,
15360,BM(비엠)백문치과의원,,,내원,,,,,,
15361,한홍치과의원,,,내원,,,,,,
15362,조이플치과의원,,,내원,,,,,,
15363,이용배치과의원,,,내원,,,,,,
15364,권병하치과의원,,,내원,,,,,,
15365,김응태치과의원,,,내원,,,,,,
15366,홍치과의원,,,내원,,,,,,
15367,시카고치과의원,,,내원,,,,,,
15368,둔산연세치과의원,,,내원,,,,,,
15369,금미연치과의원,,,내원,,,,,,
15370,송민재치과의원,,,내원,,,,,,
15371,안치과의원,,,내원,,,,,,
15372,박재구치과의원,,,내원,,,,,,
15373,이진용치과의원,,,내원,,,,,,
15374,조성희치과의원,,,내원,,,,,,
15375,녹원리빙웰치과의원,,,내원,,,,,,
15376,즐거운치과의원,,,내원,,,,,,
15377,김기종치과의원,,,내원,,,,,,
15378,이병훈치과의원,,,내원,,,,,,
15379,김희진치과의원,,,내원,,,,,,
15380,늘푸른치과의원,,,내원,,,,,,
15381,유플랜트치과의원,,,내원,,,,,,
15382,비앤에스치과의원,,,내원,,,,,,
15383,조연희치과의원,,,내원,,,,,,
15384,서울플란트치과의원,,,내원+출장,,,,,,
15385,차앤정치과의원,,,내원,,,,,,
15386,최연석치과의원,,,내원,,,,,,
15387,김.류.박치과의원,,,내원,,,,,,
15388,시티치과의원,,,내원,,,,,,
15389,365핵심플러스치과의원,,,내원,,,,,,
15390,비엘치과의원,,,내원,,,,,,
15391,개구장이치과의원,,,내원,,,,,,
15392,청사치과의원,,,내원,,,,,,
15393,소망치과의원,,,내원,,,,,,
15394,대전로얄플란트치과의원,,,내원,,,,,,
15395,샘머리치과의원,,,내원,,,,,,
15396,최.박치과의원,,,내원+출장,,,,,,
15397,소리소플러스치과의원,,,내원,,,,,,
15398,대건치과의원,,,내원,,,,,,
15399,백세튼튼김도형치과의원,,,내원,,,,,,
15400,박치과의원,,,내원,,,,,,
15401,이형순치과의원,,,내원,,,,,,
15402,스마일치과의원,,,내원,,,,,,
15403,아름다운치과의원,,,내원,,,,,,
15404,유엔아이치과의원,,,내원,,,,,,
15405,건강한치과의원,,,내원,,,,,,
15406,도안프라임치과의원,,,내원,,,,,,
15407,행복을주는치과의원,,,내원,,,,,,
15408,정플란트치과의원,,,내원,,,,,,
15409,탑치과의원,,,내원,,,,,,
15410,둔산이편한치과의원,,,내원,,,,,,
15411,신세계치과의원,,,내원,,,,,,
15412,조앤이치과의원,,,내원,,,,,,
15413,건강치과의원,,,내원+출장,,,,,,
15414,버클리치과의원,,,내원,,,,,,
15415,애덴치과의원,,,내원,,,,,,
15416,굿모닝치과의원,,,내원,,,,,,
15417,피노키오치과의원,,,내원,,,,,,
15418,워싱턴치과의원,,,내원+출장,,,,,,
15419,훈치과의원,,,내원,,,,,,
15420,디앤에이치과의원,,,내원,,,,,,
15421,서울나우치과의원,,,내원,,,,,,
15422,예스덴치과의원둔산점,,,내원,,,,,,
15423,연세본치과의원,,,내원,,,,,,
15424,미소드림치과의원,,,내원,,,,,,
15425,디에르치과의원,,,내원,,,,,,
15426,복수이안치과의원,,,내원,,,,,,
15427,덴탈스파치과의원,,,내원,,,,,,
15428,이미지연합치과의원,,,내원,,,,,,
15429,연세해맑은치과의원,,,내원,,,,,,
15430,이엘아이스타치과의원,,,내원,,,,,,
15431,확실한치과의원,,,내원,,,,,,
15432,예치과의원,,,내원,,,,,,
15433,흑석임치과의원,,,내원,,,,,,
15434,아이앤조이치과의원,,,내원,,,,,,
15435,대전365센텀치과의원,,,내원,,,,,,
15436,이지킴연합치과의원,,,내원,,,,,,
15437,연세민치과의원,,,내원,,,,,,
15438,미엔느치과의원,,,내원,,,,,,
15439,가톨릭치과의원,,,내원,,,,,,
15440,노블리안치과의원,,,내원,,,,,,
15441,민승기브이라인치과의원,,,내원,,,,,,
15442,행복한수치과의원,,,내원,,,,,,
15443,사)한국건강관리협회치과의원,,,내원,,,,,,
15444,준플란트치과의원,,,내원,,,,,,
15445,더편한치과의원,,,내원,,,,,,
15446,편한석치과의원,,,내원,,,,,,
15447,서울굿모닝치과의원,,,내원,,,,,,
15448,세상에하나뿐인치과의원,,,내원,,,,,,
15449,오페라치과의원,,,내원,,,,,,
15450,남스힐링치과의원,,,내원,,,,,,
15451,바른이치과의원,,,내원,,,,,,
15452,서울퍼스트치과의원,,,내원,,,,,,
15453,도솔치과의원,,,내원,,,,,,
15454,명인치과의원,,,내원,,,,,,
15455,서울오라클치과교정과치과의원,,,내원,,,,,,
15456,연세바로치과의원,,,내원,,,,,,
15457,서울브라운치과의원,,,내원,,,,,,
15458,프리미어치과의원,,,내원,,,,,,
15459,도안베스트치과의원,,,내원,,,,,,
15460,바른길치과의원,,,내원,,,,,,
15461,관저키즈치과의원,,,내원,,,,,,
15462,유디치과의원,,,내원,,,,,,
15463,365디지털치과의원,,,내원,,,,,,
15464,이동근김형민치과의원,,,내원,,,,,,
15465,올바른치과의원,,,내원,,,,,,
15466,서울다정치과의원,,,내원,,,,,,
15467,미소현치과의원,,,내원,,,,,,
15468,비케이소아치과치과의원,,,내원,,,,,,
15469,두루미치과의원,,,내원,,,,,,
15470,장호열치과의원,,,내원,,,,,,
15471,조이치과의원관저점,,,내원,,,,,,
15472,정림탑치과의원,,,내원,,,,,,
15473,대전더봄구강악안면외과치과의원,,,내원,,,,,,
15474,서울메이치과의원,,,내원,,,,,,
15475,엘치과의원,,,내원,,,,,,
15476,아이비치과의원,,,내원,,,,,,
15477,서울새로이치과의원,,,내원,,,,,,
15478,베스트미소치과의원,,,내원,,,,,,
15479,라온치과의원,,,내원,,,,,,
15480,미소라인치과의원,,,내원,,,,,,
15481,빈스치과의원,,,내원,,,,,,
15482,비케이치과의원,,,내원,,,,,,
15483,탁월한치과교정과치과의원,,,내원,,,,,,
15484,수연합치과의원,,,내원,,,,,,
15485,연세이안치과의원,,,내원,,,,,,
15486,서울이로운치과의원,,,내원,,,,,,
15487,바른이치치과의원,,,내원,,,,,,
15488,오늘바로플란트치과의원,,,내원,,,,,,
15489,엠케이치과의원,,,내원,,,,,,
15490,바른정플란트치과의원,,,내원,,,,,,
15491,연세진정한치과의원,,,내원,,,,,,
15492,서울다나을치과의원,,,내원,,,,,,
15493,정이가는치과의원,,,내원,,,,,,
15494,대전대학교대전한방병원,내원,,,,,,,,
15495,대전자생한방병원,내원,,,,,,,,
15496,청주성모병원,내원,내원,,내원,내원,내원,내원,내원,내원
15497,의료법인한마음의료재단하나병원,내원+출장,내원,내원+출장,내원,내원+출장,내원,내원,내원,내원
15498,재단법인베스티안재단베스티안병원,내원+출장,내원,,내원,내원+출장,내원,내원,내원,
15499,의료법인송암의료재단마이크로병원,내원,,,내원,내원,내원,내원,내원,
15500,오창중앙병원,내원,,,내원,내원,내원,내원,내원,
15501,의료법인한미의료재단김숙자소아청소년병원,내원,내원,,,,,,,
15502,서울아동병원,,내원,,,,,,,
15503,청주현대병원,내원,,,내원,,내원,,,
15504,씨엔씨푸른병원,내원+출장,,내원,내원,내원,내원,내원,내원,
15505,청주프라임병원,내원,,,내원,내원,내원,내원,내원,
15506,뿌리병원,내원,,,내원,내원,내원,내원,내원,
15507,첼로병원,내원,,,내원,내원,내원,내원,내원,
15508,의료법인라온의료재단오창호수병원,내원,,,내원,내원,내원,내원,,
15509,다나여성병원,,,,,,,,내원,
15510,의료법인원광의료재단청주원광효도요양병원,내원,,,,,,,,
15511,(사)인구보건복지협회충북세종지회가족보건의원,내원+출장,내원,,내원+출장,내원+출장,내원+출장,내원+출장,내원+출장,
15512,양내과의원,내원,,,내원,내원,내원,,,
15513,프리모산부인과의원,,,,,,,,내원,
15514,한국건강관리협회충북세종지부건강증진의원,내원,,,내원,내원,내원,내원,내원,
15515,녹십자외과의원,내원,,,내원,내원,내원,,,
15516,미래여성산부인과의원,,,,,,,,내원,
15517,이영희외과의원,내원,,,내원,내원,내원,,,
15518,아이맘심소아청소년과의원,,내원,,,,,,,
15519,대한산업보건협회부설충북의원,내원+출장,,출장,내원,내원+출장,내원,내원,,
15520,정덕용의원,,내원,,,,,,,
15521,주성의원,내원,,,내원,내원,,내원,,
15522,자모산부인과의원,,,,,,,,내원,
15523,정진영내과의원,내원,,,내원,,내원,,,
15524,청주미즈맘산부인과의원,,,,,,,,내원,
15525,김앤박내과의원,내원,,,내원,내원,내원,내원,,
15526,해피맘산부인과의원,,,,,,,,내원,
15527,성누가의원,,내원,,,,,,,
15528,아름다운성서찬호산부인과의원,,,,,,,,내원,
15529,우리아이소아청소년과의원,,내원,,,,,,,
15530,지웰신경외과의원,내원,,,내원,,내원,,,
15531,이경은소아청소년과의원,,내원,,,,,,,
15532,다솜소아청소년과의원,,내원,,,,,,,
15533,청주기독의원,내원,내원,,,,내원,,,
15534,조엘소아청소년과의원,,내원,,,,,,,
15535,새롬내과의원,내원,,,내원,내원,내원,내원,내원,
15536,윤가정의학과의원,,내원,,,,,,,
15537,미래산부인과의원,,,,,,,,내원,
15538,한미내과의원,내원,,,내원,,내원,,,
15539,미래소아청소년과의원,,내원,,,,,,,
15540,오세진내과의원,내원,,,,,내원,,,
15541,엔젤연합내과의원,내원,,,내원,내원,내원,내원,,
15542,미즈산부인과의원,,,,,,,,내원,
15543,쉬즈산부인과의원,,,,,,,,내원,
15544,장사랑박종범내과의원,내원,,,내원,내원,내원,내원,,
15545,유성곤가정의학과의원,,내원,,,,,,,
15546,아름다운여성의원,,,,,,,,내원,
15547,속편한내과의원,내원,,,내원,내원,내원,내원,내원,
15548,율량유항외과의원,내원,,,내원,내원,내원,내원,,
15549,성심의원,,내원,,,,,,,
15550,조은소아청소년과의원,내원,내원,,내원,내원,내원,,,
15551,김메디컬의원,내원,,,내원,내원,내원,내원,내원,
15552,이내과의원,내원,,,내원,내원,내원,,,
15553,미소산부인과의원,,,,,,,,내원,
15554,참편한내과통증재활의학의원,내원,,,내원,내원,내원,,,
15555,준소아청소년과의원,,내원,,,,,,,
15556,굿모닝소아청소년과의원,,내원,,,,,,,
15557,아이안소아청소년과의원,,내원,,,,,,,
15558,늘푸른연합의원,내원,내원,,내원,내원,내원,,내원,
15559,미소소아청소년과의원,,내원,,,,,,,
15560,행복드림내과의원,내원,,,,,내원,,,
15561,더웰연합내과의원,내원,,,내원,내원,내원,내원,내원,
15562,삼성서울연합의원,,내원,,,,,,,
15563,키즈웰소아청소년과의원,,내원,,,,,,,
15564,청주엔도내과의원,내원,,,내원,내원,내원,내원,내원,
15565,아가페내과의원,내원,,,내원,,내원,,,
15566,다올내과의원,내원,,,내원,내원,내원,,,
15567,정희석내과의원,내원,,,내원,내원,내원,내원,내원,
15568,유항외과의원,내원,,,내원,내원,,내원,,
15569,소화잘되는내과의원,내원,,,내원,내원,내원,내원,,
15570,청주항도외과의원,내원,,,내원,내원,내원,내원,,
15571,하나소아청소년과의원,,내원,,,,,,,
15572,삼성제일의원,,내원,,,,,,,
15573,속시원한내과의원,내원,,,내원,내원,내원,내원,내원,
15574,늘조은가정의학과의원,내원,,,내원,내원,,,,
15575,바른속내과의원,내원,,,내원,내원,내원,내원,내원,
15576,성모갑유정외과의원,내원,,,내원,내원,내원,,,
15577,속튼튼내과의원,내원,,,내원,내원,내원,내원,,
15578,권대현소아청소년과의원,,내원,,,,,,,
15579,율량미즈닥터여성의원,,,,,,,,내원,
15580,도담소아청소년과의원,,내원,,,,,,,
15581,오송역연합의원,내원,,,내원,내원,내원,내원,내원,
15582,바른숨이비인후과의원,,내원,,,,,,,
15583,속이상쾌한내과의원,내원,,,내원,내원,내원,내원,내원,
15584,오케이(OK)옥내과의원,내원,,,내원,내원,내원,내원,내원,
15585,아이성모소아청소년과의원,,내원,,,,,,,
15586,로사여성의원,,,,,,,,내원,
15587,에이라인치과병원,,,내원,,,,,,
15588,서울좋은치과병원,,,내원+출장,,,,,,
15589,상아치과의원,,,내원,,,,,,
15590,성치과의원,,,내원,,,,,,
15591,신종섭치과의원,,,내원,,,,,,
15592,민치과의원,,,내원,,,,,,
15593,연합치과의원,,,내원,,,,,,
15594,연세홈치과의원,,,내원,,,,,,
15595,오복치과의원,,,내원,,,,,,
15596,크리스마스치과의원,,,내원,,,,,,
15597,연세치과의원,,,내원,,,,,,
15598,박성운치과의원,,,내원,,,,,,
15599,제일치과의원,,,내원,,,,,,
15600,예안치과의원,,,내원,,,,,,
15601,포도나무치과의원,,,내원,,,,,,
15602,신효철치과의원,,,내원,,,,,,
15603,옥산치과의원,,,내원,,,,,,
15604,미주치과의원,,,내원,,,,,,
15605,비전치과의원,,,내원,,,,,,
15606,김기훈치과의원,,,내원,,,,,,
15607,한마음치과의원,,,내원,,,,,,
15608,에이원치과의원,,,내원,,,,,,
15609,조규찬치과의원,,,내원,,,,,,
15610,신세계치과의원,,,내원,,,,,,
15611,하나치과의원,,,내원,,,,,,
15612,미소치과의원,,,내원,,,,,,
15613,수석치과교정과치과의원,,,내원,,,,,,
15614,스마일치과의원,,,내원,,,,,,
15615,한재형치과의원,,,내원,,,,,,
15616,리더스치과의원,,,내원,,,,,,
15617,이병호치과의원,,,내원,,,,,,
15618,사랑이꽃피는치과의원,,,내원,,,,,,
15619,미소드림치과의원,,,내원,,,,,,
15620,가나치과의원,,,내원,,,,,,
15621,키즈웰치과의원,,,내원,,,,,,
15622,BK치과의원,,,내원,,,,,,
15623,서울곽치과의원,,,내원,,,,,,
15624,열린치과의원,,,내원,,,,,,
15625,꿈이있는치과의원,,,내원,,,,,,
15626,오창수치과의원,,,내원,,,,,,
15627,미소치과의원,,,내원,,,,,,
15628,해맑은치과의원,,,내원,,,,,,
15629,오렌지나무치과의원,,,내원,,,,,,
15630,청주아미치과의원,,,내원,,,,,,
15631,아인플러스치과의원,,,내원,,,,,,
15632,정승화치과의원,,,내원,,,,,,
15633,서울치과의원,,,내원,,,,,,
15634,수연합치과의원,,,내원,,,,,,
15635,아인치과의원,,,내원,,,,,,
15636,백세치과의원,,,내원,,,,,,
15637,청주쥬니어소아치과의원,,,내원,,,,,,
15638,2디자인치과의원,,,내원,,,,,,
15639,치과다움치과의원,,,내원,,,,,,
15640,엔젤미치과의원,,,내원,,,,,,
15641,믿음치과의원,,,내원,,,,,,
15642,제일치과의원,,,내원,,,,,,
15643,오송주치과의원,,,내원,,,,,,
15644,박하치과의원,,,내원,,,,,,
15645,맑은샘치과의원,,,내원,,,,,,
15646,연세사랑치과의원,,,내원,,,,,,
15647,수플러스치과의원,,,내원,,,,,,
15648,서울갤러리치과의원,,,내원,,,,,,
15649,건강증진치과의원,,,내원,,,,,,
15650,엘튼치과의원,,,내원,,,,,,
15651,행복한웰스치과의원,,,내원,,,,,,
15652,연세프라임치과의원,,,내원,,,,,,
15653,푸른치과의원,,,내원,,,,,,
15654,다인치과의원,,,내원,,,,,,
15655,에이탑치과의원,,,내원,,,,,,
15656,이끌림치과의원,,,내원,,,,,,
15657,이(e)편한치과의원,,,내원,,,,,,
15658,새롬탑치과의원,,,내원,,,,,,
15659,우리아이치과의원,,,내원,,,,,,
15660,김지용치과의원,,,내원,,,,,,
15661,굿스마일치과교정과치과의원,,,내원,,,,,,
15662,민들레치과의원,,,내원,,,,,,
15663,율량연세치과의원,,,내원,,,,,,
15664,하나플란트치과의원,,,내원,,,,,,
15665,예쁜미소치과의원,,,내원,,,,,,
15666,서울착한치과의원,,,내원,,,,,,
15667,서울탑치과의원,,,내원,,,,,,
15668,우리편한치과의원,,,내원,,,,,,
15669,에이스치과의원,,,내원,,,,,,
15670,오송미소치과의원,,,내원,,,,,,
15671,연세튼튼치과의원,,,내원,,,,,,
15672,더바른플란트치과의원,,,내원,,,,,,
15673,연세영훈치과교정과치과의원,,,내원,,,,,,
15674,청주연치과의원,,,내원,,,,,,
15675,청주웰치과의원,,,내원+출장,,,,,,
15676,굿닥터치과의원,,,내원,,,,,,
15677,지웰DS치과의원,,,내원,,,,,,
15678,율치과의원,,,내원,,,,,,
15679,더나눔치과의원,,,내원,,,,,,
15680,엘치과의원,,,내원,,,,,,
15681,인플란트치과의원,,,내원,,,,,,
15682,오창어린이치과의원,,,내원,,,,,,
15683,생생치과의원,,,내원,,,,,,
15684,송재근치과의원,,,내원,,,,,,
15685,송치과의원,,,내원,,,,,,
15686,이센치과의원,,,내원,,,,,,
15687,드림연치과의원,,,내원,,,,,,
15688,자인치과의원,,,내원,,,,,,
15689,오창다온치과의원,,,내원,,,,,,
15690,서울탑플란트치과의원,,,내원,,,,,,
15691,바른기준치과의원,,,내원,,,,,,
15692,굿플란트치과의원,,,내원,,,,,,
15693,하얀드림치과의원,,,내원,,,,,,
15694,청주1등치과의원,,,내원,,,,,,
15695,연세이탑치과의원,,,내원,,,,,,
15696,중앙치과의원,,,내원,,,,,,
15697,오송다온치과의원,,,내원,,,,,,
15698,연세수치과의원,,,내원,,,,,,
15699,연세라온치과의원,,,내원,,,,,,
15700,온마음치과의원,,,내원,,,,,,
15701,바로온치과의원,,,내원,,,,,,
15702,오송플란트치과의원,,,내원,,,,,,
15703,아름다운플란트치과의원,,,내원+출장,,,,,,
15704,서울수치과의원,,,내원,,,,,,
15705,오창더센트럴치과의원,,,내원,,,,,,
15706,청주지웰유디치과의원,,,내원,,,,,,
15707,한양플란트치과의원,,,내원,,,,,,
15708,충청북도충주의료원,내원+출장,내원,내원+출장,내원,내원+출장,내원,내원,내원+출장,내원
15709,건국대학교충주병원,내원,,내원,내원,내원,내원,내원,내원,내원
15710,김앤권병원,내원,,,내원,내원,내원,내원,내원,
15711,충주미래병원,내원+출장,,,내원,내원,내원,,내원,
15712,의료법인문화의료재단문화실버요양병원,내원,,,,,,,,
15713,윤호배내과의원,내원,,,내원,,내원,,,
15714,제중내과의원,내원,,,내원,내원,내원,내원,내원,
15715,반기석소아청소년과의원,,내원,,,,,,,
15716,남재만내과의원,내원,,,내원,,내원,,,
15717,치항고려외과의원,내원,,,내원,내원,,,,
15718,이승민내과의원,내원,,,내원,내원,내원,내원,,
15719,최혁소아청소년과의원,,내원,,,,,,,
15720,신승준내과의원,내원,,,내원,내원,내원,,,
15721,서울이비인후과의원,,내원,,,,,,,
15722,연세산부인과의원,,,,,,,,내원,
15723,최경남산부인과의원,,,,,,,,내원,
15724,오미희내과의원,내원,,,내원,,내원,,,
15725,장정형외과의원,내원,내원,,,,,,,
15726,권향미소아과의원,,내원,,,,,,,
15727,학교법인대원교육재단세명의원,내원,,,,,,,,
15728,권재봉소아과의원,,내원,,,,,,,
15729,충주부부영상의학과의원,내원,,,내원,내원,내원,내원,내원,
15730,세브란스산부인과의원,,,,,,,,내원,
15731,충주삼성의원,내원,,,내원,내원,내원,내원,내원,
15732,충주최내과의원,내원,,,내원,내원,내원,내원,내원,
15733,서울가정의학과의원,내원,,,내원,내원,내원,내원,내원,
15734,김진수내과의원,내원,,,내원,내원,내원,,,
15735,정연무내과의원,내원,,,내원,내원,내원,내원,내원,
15736,삼성정형외과의원,,,,,,,,내원,
15737,굿모닝연합의원,,내원,,,,,,,
15738,최관용내과의원,내원,,,,,내원,,,
15739,샘여성산부인과의원,,,,,,,,내원,
15740,김재권내과의원,내원,,,내원,내원,내원,내원,내원,
15741,이성주내과의원,내원,,,내원,내원,내원,내원,내원,
15742,현대연합의원,내원,내원,,내원,내원,내원,내원,내원,
15743,베스트의원,내원,,,내원,내원,내원,,,
15744,김주완내과의원,내원,,,내원,내원,내원,내원,내원,
15745,심희준내과의원,내원,,,내원,내원,내원,내원,내원,
15746,박운식내과의원,내원,,,내원,내원,내원,,,
15747,늘푸른소아청소년과의원,,내원,,,,,,,
15748,박봉안내과의원,내원,,,내원,내원,내원,내원,내원,
15749,탑조은의원,내원,,,,,,,,
15750,충주별산부인과의원,,,,,,,내원,내원,
15751,충주유외과의원,,,,,,,내원,,
15752,서울바른의원,내원,,,내원,내원,내원,내원,내원,
15753,온소아청소년과의원,,내원,,,,,,,
15754,서울더블유치과병원,,,내원+출장,,,,,,
15755,부부치과의원,,,내원,,,,,,
15756,중앙치과의원,,,내원,,,,,,
15757,새한치과의원,,,내원,,,,,,
15758,호암탑치과의원,,,내원,,,,,,
15759,연세치과의원,,,내원,,,,,,
15760,윤용환치과의원,,,내원,,,,,,
15761,이치과의원,,,내원,,,,,,
15762,상아치과의원,,,내원,,,,,,
15763,로젠치과의원,,,내원,,,,,,
15764,성모치과의원,,,내원+출장,,,,,,
15765,중원치과의원,,,내원+출장,,,,,,
15766,윤세섭치과의원,,,내원,,,,,,
15767,이즈치과의원,,,내원+출장,,,,,,
15768,이편한치과의원,,,내원,,,,,,
15769,효치과의원,,,내원,,,,,,
15770,향기나는치과의원,,,내원,,,,,,
15771,봄치과의원,,,내원,,,,,,
15772,토미치과의원,,,내원,,,,,,
15773,다솜연합치과의원,,,내원,,,,,,
15774,충주치과의원,,,내원,,,,,,
15775,충주타임치과의원,,,내원,,,,,,
15776,작은나무치과의원,,,내원,,,,,,
15777,제일치과의원,,,내원,,,,,,
15778,베스트치과의원,,,내원,,,,,,
15779,연세미소치과의원,,,내원,,,,,,
15780,센트럴치과의원,,,내원,,,,,,
15781,충주서울연세치과의원,,,내원+출장,,,,,,
15782,청담연세휴치과의원,,,내원,,,,,,
15783,충주열린치과의원,,,내원,,,,,,
15784,유디치과의원,,,내원,,,,,,
15785,호암e좋은치과의원,,,내원,,,,,,
15786,인플란트치과의원,,,내원,,,,,,
15787,충주하나치과의원,,,내원,,,,,,
15788,두리하얀이치과의원,,,내원,,,,,,
15789,굿모닝치과의원,,,내원,,,,,,
15790,서울더바른치과의원,,,내원,,,,,,
15791,연세세브란스치과의원,,,내원,,,,,,
15792,베리굿플란트치과의원충주점,,,내원,,,,,,
15793,의료법인자산의료재단제천서울병원,내원+출장,내원,내원+출장,내원,내원,내원,내원,내원,내원
15794,의료법인명지의료재단명지병원,내원+출장,,내원,내원,내원+출장,내원,내원,내원,내원
15795,의료법인성지의료재단제천성지병원,내원,,,내원,내원,내원,내원,,
15796,서울소아청소년과의원,,내원,,,,,,,
15797,모아산부인과의원,내원,내원,,내원,내원,,내원,내원,
15798,제천영상의학과의원,내원,,,내원,내원,내원,내원,내원,
15799,엄기명산부인과의원,,내원,,,,,,내원,
15800,학교법인대원교육재단세명의원,내원,,,,,,,,
15801,한기정산부인과의원,,,,,,,,내원,
15802,강신구내과의원,내원,,,내원,,내원,,,
15803,튼튼소아청소년과의원,,내원,,,,,,,
15804,이록윤내과의원,내원,,,내원,내원,내원,내원,,
15805,김태웅산부인과의원,,,,,,,,내원,
15806,제천밝은미래영상의학과의원,내원,,,내원,내원,내원,내원,내원,
15807,푸른소아청소년과의원,,내원,,,,,,,
15808,연세미즈산부인과의원,,,,,,,,내원,
15809,미래산부인과의원,,,,,,,,내원,
15810,아빠맘소아청소년과의원,,내원,,,,,,,
15811,박철민내과의원,내원,,,내원,내원,내원,내원,내원,
15812,노병연내과의원,내원,,,내원,내원,내원,,,
15813,이원재내과의원,내원,,,내원,내원,내원,내원,내원,
15814,최상현내과의원,내원,,,내원,내원,내원,,,
15815,정다운내과의원,내원,,,내원,내원,내원,내원,내원,
15816,서울연합내과의원,내원,,,내원,내원,내원,내원,내원,
15817,부부치과의원,,,내원,,,,,,
15818,현대치과의원,,,내원,,,,,,
15819,플란트임치과의원,,,내원,,,,,,
15820,허창재치과의원,,,내원,,,,,,
15821,우리치과의원,,,내원,,,,,,
15822,행복이가득한치과의원,,,내원,,,,,,
15823,이치과의원,,,내원,,,,,,
15824,하나치과의원,,,내원,,,,,,
15825,오치과의원,,,내원,,,,,,
15826,두리연치과의원,,,내원,,,,,,
15827,최유정치과의원,,,내원,,,,,,
15828,탑치과의원,,,내원,,,,,,
15829,채치과의원,,,내원,,,,,,
15830,스타치과의원,,,내원,,,,,,
15831,튼튼치과의원,,,내원,,,,,,
15832,두손치과의원,,,내원,,,,,,
15833,베스트치과의원,,,내원,,,,,,
15834,스마일치과의원,,,내원,,,,,,
15835,원플란트치과의원,,,내원,,,,,,
15836,엄윤섭구강악안면외과치과의원,,,내원,,,,,,
15837,터미널민치과의원,,,내원,,,,,,
15838,건치과의원,,,내원,,,,,,
15839,서울미소플란트치과의원,,,내원,,,,,,
15840,로이스치과의원,,,내원,,,,,,
15841,라온치과의원,,,내원,,,,,,
15842,연세e좋은치과의원,,,내원,,,,,,
15843,중앙내과연합의원,,내원,,,,,,,
15844,서울삼성의원,내원,,,내원,내원,내원,,,
15845,서울치과의원,,,내원,,,,,,
15846,연세드림치과의원,,,내원,,,,,,
15847,단양밝은미소치과의원,,,내원,,,,,,
15848,의료법인힐링의료재단옥천성모병원,내원,,,내원,내원,내원,내원,내원,내원
15849,중앙의원,내원,,,,,,,,
15850,이산부인과의원,,,,,,,,내원,
15851,옥천제일의원,내원,,,내원,내원,내원,내원,,
15852,김내과의원,내원,,,내원,내원,내원,내원,내원,
15853,장내과의원,내원,,,내원,내원,내원,내원,,
15854,송내과의원,내원,내원,,내원,내원,내원,내원,내원,
15855,서울연합정형외과의원,내원,,,내원,내원,내원,,,
15856,정소아청소년과의원,,내원,,,,,,,
15857,정내과의원,내원,,,,,,,,
15858,열린가정의학과의원,,내원,,,,,,,
15859,예인의원,,내원,,,,,,,
15860,삼성서울내과의원,내원,,,내원,내원,내원,내원,,
15861,연세편한내과의원,내원,,,내원,내원,내원,내원,내원,
15862,정근식치과의원,,,내원,,,,,,
15863,박치과의원,,,내원,,,,,,
15864,장치과의원,,,내원,,,,,,
15865,이한규치과의원,,,내원,,,,,,
15866,이진옥치과의원,,,내원,,,,,,
15867,김앤정치과의원,,,내원+출장,,,,,,
15868,본치과의원,,,내원,,,,,,
15869,옥천탑치과의원,,,내원,,,,,,
15870,김플란트치과의원,,,내원,,,,,,
15871,서울백세치과의원,,,내원,,,,,,
15872,바른현치과의원,,,내원,,,,,,
15873,의료법인정민의료재단보은한양병원,내원,내원,,내원,내원,내원,내원,내원,
15874,손산부인과의원,,,,,,,,내원,
15875,명성치과의원,,,내원,,,,,,
15876,보은연합치과의원,,,내원,,,,,,
15877,미소치과의원,,,내원,,,,,,
15878,의료법인조윤의료재단영동병원,내원,내원,,내원,내원,내원,내원,내원,
15879,서외과의원,내원,,,,,,,,
15880,한내과의원,내원,,,내원,내원,내원,,,
15881,아이랑온가족의원,,내원,,,,,,,
15882,노상필내과의원,내원,,,내원,내원,내원,,,
15883,속편한신내과의원,내원,,,내원,내원,내원,내원,내원,
15884,오치과의원,,,내원,,,,,,
15885,허치과의원,,,내원,,,,,,
15886,중앙치과의원,,,내원,,,,,,
15887,미래치과의원,,,내원,,,,,,
15888,영동치과의원,,,내원,,,,,,
15889,임플라인치과의원,,,내원,,,,,,
15890,서울더편한치과의원,,,내원,,,,,,
15891,김선생치과의원,,,내원,,,,,,
15892,영동군보건소,,,내원,,,,,,
15893,의료법인건명의료재단중앙제일병원,내원,내원,,내원,내원,내원,내원,내원,내원
15894,의료법인가은의료재단혁신성모병원,내원,,,내원,내원,내원,내원,내원,
15895,성심흉부외과의원,내원,,,내원,,,,,
15896,준소아청소년과의원,,내원,,,,,,,
15897,미래산부인과의원,,,,,,,,내원,
15898,장사랑연합내과의원,내원,,,내원,내원,내원,내원,내원,
15899,우리가정의학과의원,,내원,,,,,,,
15900,다솜소아청소년과의원,,내원,,,,,,,
15901,조이소아청소년과의원,,내원,,,,,,,
15902,속시원내과의원,내원,,,내원,내원,내원,내원,,
15903,서울바른내과의원,내원,,,내원,내원,내원,내원,내원,
15904,박소아청소년과의원,,내원,,,,,,,
15905,연세좋은의원,내원,,,내원,내원,내원,내원,내원,
15906,서울치과의원,,,내원,,,,,,
15907,성모100플란트치과의원,,,내원,,,,,,
15908,365선플란트치과의원,,,내원,,,,,,
15909,혜원치과의원,,,내원,,,,,,
15910,보스톤치과의원,,,내원,,,,,,
15911,제일치과의원,,,내원,,,,,,
15912,진천서울치과의원,,,내원,,,,,,
15913,미앤미치과의원,,,내원,,,,,,
15914,더퍼스트치과의원,,,내원,,,,,,
15915,중앙치과의원,,,내원,,,,,,
15916,맘편한치과의원,,,내원,,,,,,
15917,온아치과의원,,,내원,,,,,,
15918,푸른치과의원,,,내원,,,,,,
15919,혁신탑치과의원,,,내원,,,,,,
15920,한앤손부부치과의원,,,내원,,,,,,
15921,우리치과의원,,,내원,,,,,,
15922,세상에서제일빛나는치과의원,,,내원,,,,,,
15923,더감동치과의원,,,내원,,,,,,
15924,의료법인대광의료재단괴산성모병원,내원,내원,내원,내원,내원,내원,내원,내원,
15925,의료법인명신의료재단괴산서부병원,내원,,,내원,내원,내원,내원,내원,
15926,장안의원,,내원,,,,,,,
15927,괴산연합치과의원,,,내원,,,,,,
15928,서울홍바른치과의원,,,내원,,,,,,
15929,의료법인여덕의료재단증평요양병원,내원,,,,,,,,
15930,우외과의원,내원,내원,,,,,,,
15931,아름다운산부인과의원,,,,,,,,내원,
15932,최종성소아청소년과의원,,내원,,,,,,,
15933,속시원한내과의원,내원,,,내원,내원,내원,,,
15934,성모이안내과의원,내원,,,내원,내원,내원,내원,내원,
15935,김영기치과의원,,,내원,,,,,,
15936,박치과의원,,,내원,,,,,,
15937,밝은미소치과의원,,,내원,,,,,,
15938,연세에이스치과의원,,,내원,,,,,,
15939,이탑치과의원,,,내원,,,,,,
15940,더튼튼플란트치과의원,,,내원,,,,,,
15941,충청북도청주의료원,내원+출장,내원,내원+출장,내원,내원+출장,내원,내원,내원,내원
15942,충북대학교병원,내원,,,내원,내원,내원,내원,내원,내원
15943,의료법인인화재단한국병원,내원+출장,내원,내원+출장,내원,내원+출장,내원,내원,내원,내원
15944,의료법인정산의료재단효성병원,내원+출장,내원,내원+출장,내원,내원+출장,내원,내원,내원,내원
15945,웰니스어린이병원,내원,내원,,,,,,,
15946,공군항공우주의료원,내원,,,내원,내원,,,,
15947,새빛병원,내원,,,내원,내원,내원,내원,내원,
15948,의료법인샘의료재단청주복음병원,내원,,내원,,,,,,
15949,모태안여성병원,내원,,,,,,내원,내원,
15950,청주삼성병원,내원,,,,,,,,
15951,의료법인하람의료재단청주탑요양병원,내원,,,,,,,,
15952,정내과의원,내원,,,내원,,내원,,,
15953,오정진내과의원,내원,,,내원,,내원,,,
15954,김내과의원,내원,,,내원,내원,내원,내원,내원,
15955,엠에스여성의원,내원,,,,,,내원,내원,
15956,이영두소아청소년과의원,,내원,,,,,,,
15957,김성철내과의원,내원,,,내원,,내원,,,
15958,진산부인과의원,,,,,,,,내원,
15959,우리소아청소년과의원,,내원,,,,,,,
15960,백석기내과의원,내원,,,내원,내원,내원,,,
15961,세종내과의원,내원,,,내원,내원,내원,,,
15962,이재수내과의원,내원,,,내원,내원,내원,내원,내원,
15963,김명수내과의원,내원,,,내원,,내원,,,
15964,이규영소아청소년과의원,,내원,,,,,,,
15965,이화벨라여성의원,,,,,,,내원,내원,
15966,제일내과의원,내원,,,내원,내원,내원,,,
15967,연세유정산부인과의원,,,,,,,,내원,
15968,유림가정의학과의원,,내원,,,,,,,
15969,서울연합항외과의원,내원,,,내원,내원,내원,,,
15970,최내과의원,내원,,,내원,,내원,,,
15971,삼성연합소아청소년과의원,,내원,,,,,,,
15972,길소아청소년과의원,,내원,,,,,,,
15973,안치석봄여성의원,,,,,,,,내원,
15974,튼튼소아청소년과의원,,내원,,,,,,,
15975,이광래소아과의원,,내원,,,,,,,
15976,현대가정의학과의원,내원,,,내원,,내원,,,
15977,늘푸른소아청소년과의원,,내원,,,,,,,
15978,서울소아청소년과의원,,내원,,,,,,,
15979,속편한김대수내과의원,내원,,,내원,내원,,,,
15980,박정현소아과의원,,내원,,,,,,,
15981,서울영상의학과의원,내원,,,내원,내원,내원,내원,내원,
15982,김영태신경외과의원,내원,,,내원,내원,내원,,내원,
15983,고은소아과의원,,내원,,,,,,,
15984,하안유산부인과의원,,,,,,,,내원,
15985,성화고운가정의학과의원,,내원,,,,,,,
15986,프라우삼성산부인과의원,,,,,,,,내원,
15987,드림소아청소년과의원,,내원,,,,,,,
15988,굿모닝소아청소년과의원,,내원,,,,,,,
15989,정동호소아과의원,,내원,,,,,,,
15990,고운산부인과의원,,,,,,,,내원,
15991,속플러스내과의원,내원,,,내원,내원,내원,내원,내원,
15992,햇살가정의학과의원,,내원,,,,,,,
15993,속시원한연합의원,내원,,,,,내원,,,
15994,행복가정의학과의원,,내원,,,,,,,
15995,장쾌한내과의원,내원,,,내원,내원,내원,내원,내원,
15996,서울연합메디컬의원,내원,,,내원,내원,내원,내원,내원,
15997,편한내과의원,내원,,,내원,내원,내원,내원,,
15998,열린이비인후과의원,,내원,,,,,,,
15999,기운찬연합의원,내원,내원,,,,내원,,,
16000,굿모닝의원,내원,,,내원,내원,내원,,,
16001,장튼튼내과의원,내원,,,내원,내원,내원,내원,내원,
16002,연세연합의원,,내원,,,,,,,
16003,장편한내과의원,내원,,,내원,내원,내원,내원,내원,
16004,방서미즈닥터여성의원,,,,,,,내원,내원,
16005,성화마루의원,내원,내원,,내원,내원,내원,,내원,
16006,창문연합의원,내원,,,내원,내원,내원,내원,내원,
16007,유앤샘외과의원,,,,,,,내원,,
16008,더나은내과의원,내원,,,내원,내원,내원,내원,내원,
16009,아이튼튼소아청소년과의원,,내원,,,,,,,
16010,속시원내과의원,내원,,,내원,내원,내원,내원,내원,
16011,더웰속편한내과의원,내원,,,내원,내원,내원,내원,,
16012,세광연합의원,,내원,,,,,,,
16013,늘편한장사랑의원,내원,,,내원,내원,내원,내원,내원,
16014,플레이소아청소년과의원,,내원,,,,,,,
16015,닥터연여성의원,,,,,,,,내원,
16016,청주이음내과의원,내원,,,내원,내원,내원,내원,내원,
16017,속편한우리의원,내원,,,내원,내원,내원,,,
16018,참조은치과병원,,,내원+출장,,,,,,
16019,김태일치과의원,,,내원,,,,,,
16020,홍치과의원,,,내원,,,,,,
16021,서경덕치과의원,,,내원,,,,,,
16022,허정치과의원,,,내원,,,,,,
16023,이용희치과의원,,,내원,,,,,,
16024,김관모치과의원,,,내원,,,,,,
16025,구본욱치과의원,,,내원,,,,,,
16026,최치과의원,,,내원,,,,,,
16027,정동호콤치과의원,,,내원,,,,,,
16028,유승한치과의원,,,내원,,,,,,
16029,이성규치과의원,,,내원,,,,,,
16030,손원영치과의원,,,내원,,,,,,
16031,더블루체어치과의원,,,내원+출장,,,,,,
16032,이윤섭치과의원,,,내원,,,,,,
16033,조성환치과의원,,,내원,,,,,,
16034,손치과의원,,,내원,,,,,,
16035,오성플란트치과의원,,,내원,,,,,,
16036,세종치과의원,,,내원,,,,,,
16037,이철우치과의원,,,내원,,,,,,
16038,LA치과의원,,,내원,,,,,,
16039,탑치과의원,,,내원,,,,,,
16040,심치과의원,,,내원,,,,,,
16041,조은이치과의원,,,내원,,,,,,
16042,굿모닝이치과의원,,,내원,,,,,,
16043,고치과의원,,,내원,,,,,,
16044,명인치과의원,,,내원,,,,,,
16045,바른주니어소아치과의원,,,내원,,,,,,
16046,명치과의원,,,내원,,,,,,
16047,청주용암치과의원,,,내원,,,,,,
16048,화이트치과의원,,,내원,,,,,,
16049,행복한권치과의원,,,내원,,,,,,
16050,베스트치과의원,,,내원,,,,,,
16051,비발디치과의원,,,내원,,,,,,
16052,미래치과의원,,,내원,,,,,,
16053,박종균치과의원,,,내원,,,,,,
16054,조은미소치과의원,,,내원,,,,,,
16055,본치과의원,,,내원,,,,,,
16056,굿모닝CU치과의원,,,내원,,,,,,
16057,진플란트치과의원,,,내원,,,,,,
16058,바른미소치과교정과치과의원,,,내원,,,,,,
16059,토마토치과의원,,,내원,,,,,,
16060,용암부부치과의원,,,내원,,,,,,
16061,서울삼성치과의원,,,내원,,,,,,
16062,아이사랑치과의원,,,내원,,,,,,
16063,탑플러스치과의원,,,내원,,,,,,
16064,행복한치과의원,,,내원,,,,,,
16065,하얀미소치과의원,,,내원,,,,,,
16066,예드림치과의원,,,내원,,,,,,
16067,육거리제일치과의원,,,내원,,,,,,
16068,보스톤심치과의원,,,내원,,,,,,
16069,시카고치과의원,,,내원,,,,,,
16070,금천연세치과의원,,,내원,,,,,,
16071,연세민트치과의원,,,내원,,,,,,
16072,미래연치과의원,,,내원,,,,,,
16073,박치과의원,,,내원,,,,,,
16074,본치과의원,,,내원,,,,,,
16075,조앤리치과의원,,,내원,,,,,,
16076,사랑나눔치과의원,,,내원,,,,,,
16077,청주올바른치과의원,,,내원,,,,,,
16078,클래식치과의원,,,내원,,,,,,
16079,새싹어린이치과의원,,,내원,,,,,,
16080,유안치과의원,,,내원,,,,,,
16081,예부부치과의원,,,내원,,,,,,
16082,한사랑치과의원,,,내원,,,,,,
16083,파밀리에치과의원,,,내원,,,,,,
16084,정심는치과의원,,,내원,,,,,,
16085,청주퍼스트치과의원,,,내원,,,,,,
16086,임플라인치과의원,,,내원,,,,,,
16087,새이치과의원,,,내원,,,,,,
16088,나눔선치과의원,,,내원,,,,,,
16089,유플란트치과의원,,,내원,,,,,,
16090,하임꾸러기치과의원,,,내원,,,,,,
16091,서울약속치과의원,,,내원,,,,,,
16092,더웰봄빛치과의원,,,내원,,,,,,
16093,솔치과의원,,,내원,,,,,,
16094,더봄치과의원,,,내원,,,,,,
16095,서울튼튼치과의원,,,내원,,,,,,
16096,바위치과의원,,,내원,,,,,,
16097,가인치과의원,,,내원,,,,,,
16098,센텀치과의원,,,내원,,,,,,
16099,이해유치과의원,,,내원,,,,,,
16100,365이강치과의원,,,내원,,,,,,
16101,청주으뜸치과의원,,,내원,,,,,,
16102,삼성플란트치과의원,,,내원,,,,,,
16103,디지털플란트치과의원,,,내원+출장,,,,,,
16104,연세탁월한치과의원,,,내원,,,,,,
16105,(재)예수의꽃동네유지재단인곡자애병원,내원,내원,,,,,,,
16106,의료법인태성의료재단제일조은병원,내원,,,내원,내원,내원,내원,내원,
16107,새한정형외과의원,내원,,,내원,내원,내원,,,
16108,중앙외과의원,내원,,,,,,,,
16109,류시나산부인과의원,,,,,,,,내원,
16110,한마음의원,,내원,,,,,,,
16111,서울연합의원,내원,내원,,내원,내원,내원,,내원,
16112,조은내과의원,내원,내원,,내원,내원,내원,,,
16113,금왕고내과의원,내원,내원,,내원,내원,내원,,,
16114,제일연합의원,,내원,,,,,,,
16115,한사랑가정의학과의원,,내원,,,,,,,
16116,서울혁신내과의원,내원,,,내원,내원,내원,내원,내원,
16117,베스트내과의원,내원,내원,,내원,내원,내원,내원,내원,
16118,별소아청소년과의원,,내원,,,,,,,
16119,무척편한정형외과의원,내원,내원,,내원,내원,내원,,,
16120,중앙치과의원,,,내원,,,,,,
16121,정영남치과의원,,,내원,,,,,,
16122,푸른치과의원,,,내원,,,,,,
16123,임치과의원,,,내원,,,,,,
16124,연세제일치과의원,,,내원,,,,,,
16125,금왕연합치과의원,,,내원,,,,,,
16126,우리치과의원,,,내원,,,,,,
16127,우리나눔치과의원,,,내원,,,,,,
16128,바른연합치과의원,,,내원,,,,,,
16129,감곡연합치과의원,,,내원,,,,,,
16130,더퍼스트치과의원음성점,,,내원+출장,,,,,,
16131,모두가행복한치과의원,,,내원,,,,,,
16132,서울더바른치과의원,,,내원,,,,,,
16133,음성자연치과의원,,,내원,,,,,,
16134,삼성플란트치과의원,,,내원,,,,,,
16135,서울미소치과의원,,,내원,,,,,,
16136,서울강남플란트치과의원,,,내원,,,,,,
16137,서울율바른치과의원,,,내원,,,,,,
16138,충청남도천안의료원,내원+출장,내원,내원+출장,내원,내원+출장,내원,내원,내원,내원
16139,단국대학교의과대학부속병원,내원+출장,,,내원,내원+출장,내원,내원,내원,내원
16140,의료법인영서의료재단천안충무병원,내원+출장,내원,내원+출장,내원,내원+출장,내원,내원,내원,내원
16141,순천향대학교부속천안병원,내원+출장,,내원+출장,내원,내원+출장,내원,내원,내원,내원
16142,새로나병원,내원,,,,,,,,
16143,예일병원,내원,,,내원,내원,내원,내원,내원,
16144,천안우리병원,내원+출장,,,내원,내원+출장,내원,내원,내원,
16145,서울우리병원,내원,,,,,,,,
16146,연세나무병원,내원,,,,,내원,,,
16147,천안재활병원,내원,,,,,,,,
16148,삼성스카이병원,내원,,,,,,,,
16149,두정이진병원,,내원,,,,,,,
16150,혜성산부인과병원,내원,,,,,,내원,내원,
16151,서울대정병원,내원,,,내원,,내원,,,
16152,SG삼성조은병원,내원,,,내원,내원,내원,내원,내원,
16153,앙즈로여성병원,,내원,,,,,내원,내원,
16154,아이본병원,내원+출장,내원,내원,내원,내원+출장,내원,내원,내원,
16155,천안다나힐병원,내원,,,내원,내원,내원,내원,내원,
16156,이화병원,내원,,,내원,내원,내원,내원,내원,
16157,천안해울병원,내원,,,내원,내원,내원,내원,내원,
16158,의료법인혜강의료재단혜강병원,내원,,,,,,,,
16159,김종인소아청소년과의원,,내원,,,,,,,
16160,미즈산부인과의원,,,,,,,,내원,
16161,김용현내과의원,내원,,,내원,내원,내원,,,
16162,유웅선내과의원,내원,,,내원,,내원,,,
16163,광제산부인과의원,내원,,,,,,내원,내원,
16164,한내과의원,내원,,,,,내원,,,
16165,천안영상의학과의원,내원,,,,,내원,내원,,
16166,한양정형외과의원,내원,,,,,,,,
16167,제일영상의학과의원,내원,,,,,내원,내원,,
16168,연세하임산부인과의원,내원,,,내원,내원,내원,내원,내원,
16169,한사랑가정의학과의원,내원,,,내원,내원,내원,내원,내원,
16170,서울미즈여성의원,,,,,,,,내원,
16171,이낙원내과의원,내원,,,내원,내원,내원,,,
16172,이재석내과의원,내원,,,내원,내원,내원,,,
16173,한솔내과의원,내원,,,내원,내원,내원,,,
16174,이석훈내과의원,내원,,,내원,,내원,,,
16175,김재하내과의원,내원,,,내원,내원,내원,,,
16176,다나소아청소년과의원,,내원,,,,,,,
16177,안창훈산부인과의원,,,,,,,,내원,
16178,사랑의메디칼의원,내원,,,내원,내원,내원,,,
16179,자라는소아청소년과의원,,내원,,,,,,,
16180,창문외과의원,내원,,,내원,내원,,,,
16181,미소인류시나산부인과의원,,,,,,,,내원,
16182,곽병수내과의원,내원,,,내원,,내원,,,
16183,신통이진소아청소년과의원,,내원,,,,,,,
16184,다나여성의원,,,,,,,,내원,
16185,연세엘유정메디컬의원,,내원,,,,,,,
16186,이은희산부인과의원,,,,,,,,내원,
16187,백석소아청소년과의원,,내원,,,,,,,
16188,주내과의원,내원,,,내원,내원,내원,,,
16189,원내과의원,내원,,,내원,,내원,,,
16190,속편한내과의원,내원,,,내원,내원,내원,내원,,
16191,정가정의학과의원,내원,,,내원,,내원,,,
16192,준내과의원,내원,,,내원,,내원,,,
16193,드림아이소아청소년과의원,,내원,,,,,,,
16194,서울내과의원,내원,,,내원,내원,내원,,,
16195,미소진산부인과의원,,,,,,,,내원,
16196,행복한가정의학과의원,,내원,,,,,,,
16197,애니산부인과의원,,,,,,,,내원,
16198,이룸산부인과의원,,,,,,,내원,내원,
16199,스마일소아청소년과의원,,내원,,,,,,,
16200,조영번소아청소년과의원,,내원,,,,,,,
16201,성정윌내과의원,내원,,,내원,내원,내원,,,
16202,웰소아청소년과의원,,내원,,,,,,,
16203,불당메디칼의원,내원,내원,,,,,,,
16204,정다운메디컬의원,,내원,,,,,,,
16205,JS메디칼내과외과정형외과의원,내원,,,내원,내원,내원,내원,내원,
16206,수연산부인과의원,,,,,,,,내원,
16207,숲소아청소년과의원,,내원,,,,,,,
16208,제일소아청소년과의원,,내원,,,,,,,
16209,입장중앙의원,,내원,,,,,,,
16210,상쾌한내과의원,내원,내원,,내원,,내원,,,
16211,박태욱미소내과의원,내원,,,내원,내원,내원,,,
16212,W여성외과의원,,,,,,,내원,,
16213,스위트소아청소년과의원,,내원,,,,,,,
16214,제일편한내과의원,내원,,,내원,내원,내원,,,
16215,서울삼성내과의원,내원,,,내원,내원,내원,,,
16216,전학수소아청소년과의원,,내원,,,,,,,
16217,애플산부인과의원,,,,,,,,내원,
16218,미소래이비인후과의원,,내원,,,,,,,
16219,천안엔도내과의원,내원,,,내원,,내원,,내원,
16220,하나메디칼의원,내원+출장,,내원+출장,내원,내원+출장,내원,내원,내원,
16221,청수내과의원,내원,,,,,,,,
16222,고운빛산부인과의원,,,,,,,,내원,
16223,새로운내과의원,내원,,,내원,내원,내원,,,
16224,더편한내과의원,내원,,,내원,내원,내원,내원,내원,
16225,퀸스산부인과의원,내원,,,내원,내원,내원,내원,내원,
16226,미래아이소아청소년과의원,,내원,,,,,,,
16227,라팡산부인과의원,,,,,,,,내원,
16228,한사랑내과의원,내원,,,내원,내원,내원,,,
16229,꿈꾸는김선생의원,,내원,,,,,,,
16230,성심의원,내원,내원,,내원,내원,,,,
16231,온클리닉의원,,내원,,,,,,,
16232,에덴산부인과의원,,,,,,,,내원,
16233,불무메디컬의원,내원,,,,,,,,
16234,양종오내과의원,내원,,,,,,,,
16235,우리튼튼내과의원,내원,,,내원,내원,내원,내원,내원,
16236,다나메디피아의원,내원,,,내원,내원,내원,내원,내원,
16237,삼성라온내과의원,내원,,,내원,내원,내원,,,
16238,청당진소아청소년과의원,,내원,,,,,,,
16239,허준앤심내과의원,내원,,,내원,내원,내원,내원,내원,
16240,푸른신방의원,내원,내원,,,,,,,
16241,삼성다니엘의원,,내원,,,,,,,
16242,불당사랑내과의원,내원,,,내원,내원,내원,,,
16243,닥터정내과의원,내원,,,내원,내원,내원,내원,내원,
16244,새아침연합정형외과의원,내원,,,,,,,,
16245,성성조은내과의원,내원,,,내원,내원,내원,,,
16246,서울더블유내과의원,내원,,,내원,내원,내원,내원,내원,
16247,아이본소아청소년과의원,,내원,,,,,,,
16248,삼성유바디외과의원,,,,,,,내원,,
16249,아이힐소아청소년과의원,,내원,,,,,,,
16250,최재혁소아청소년과의원,,내원,,,,,,,
16251,천안오케이내과의원,내원,,,내원,내원,내원,,,
16252,서울참정형외과의원,내원,,,,,,,,
16253,지혜로운여성의원,,,,,,,,내원,
16254,천안정다운내과의원,내원,,,내원,내원,내원,내원,내원,
16255,서울수소아청소년과의원,,내원,,,,,,,
16256,직산가정의학과의원,내원,,,내원,,내원,,내원,
16257,장편한연합내과의원,내원,,,내원,내원,내원,내원,내원,
16258,리즈앤마리안산부인과의원,내원,,,,,,내원,내원,
16259,불당내과의원,내원,,,내원,내원,내원,,,
16260,배편한배내과의원,내원,,,내원,내원,내원,내원,내원,
16261,천안연세내과의원,내원,,,내원,내원,내원,내원,내원,
16262,성성하나로내과의원,내원,,,내원,내원,내원,내원,내원,
16263,가나다소아청소년과의원,,내원,,,,,,,
16264,쌍용메디컬의원,내원,,,내원,내원,내원,내원,내원,
16265,연세수빛내과가정의학과의원,내원,,,내원,내원,내원,내원,내원,
16266,새로여성의원,,,,,,,,내원,
16267,단국대학교치과대학치과병원,,,내원+출장,,,,,,
16268,고려치과병원,,,내원,,,,,,
16269,문치과병원,,,내원,,,,,,
16270,참조은치과병원,,,내원,,,,,,
16271,연세우일치과병원,,,내원+출장,,,,,,
16272,가온치과병원,,,내원+출장,,,,,,
16273,더보스톤치과병원,,,내원+출장,,,,,,
16274,열린치과병원,,,내원,,,,,,
16275,리더스정치과의원,,,내원,,,,,,
16276,위드치과의원,,,내원,,,,,,
16277,강치과의원,,,내원,,,,,,
16278,도솔치과의원,,,내원,,,,,,
16279,김영만치과의원,,,내원,,,,,,
16280,그린치과의원,,,내원,,,,,,
16281,이편한용치과의원,,,내원,,,,,,
16282,김앤장치과의원,,,내원,,,,,,
16283,프라임치과의원,,,내원,,,,,,
16284,더블유치과의원,,,내원,,,,,,
16285,연세탑치과의원,,,내원,,,,,,
16286,일곱난장이치과의원,,,내원,,,,,,
16287,샤인치과의원,,,내원,,,,,,
16288,허밍치과의원,,,내원,,,,,,
16289,샘치과의원,,,내원,,,,,,
16290,다인치과의원,,,내원,,,,,,
16291,원치과의원,,,내원,,,,,,
16292,한림홍치과의원,,,내원,,,,,,
16293,김원상치과의원,,,내원,,,,,,
16294,이종현치과의원,,,내원,,,,,,
16295,뉴욕치과의원,,,내원,,,,,,
16296,여기치과의원,,,내원,,,,,,
16297,성환부부치과의원,,,내원,,,,,,
16298,에스치과의원,,,내원,,,,,,
16299,청당연세치과의원,,,내원,,,,,,
16300,디즈니치과의원,,,내원,,,,,,
16301,서울탑치과의원,,,내원,,,,,,
16302,천안베스트덴치과의원,,,내원,,,,,,
16303,광성연세치과의원,,,내원,,,,,,
16304,유춘호치과의원,,,내원,,,,,,
16305,SM스마트치과의원,,,내원,,,,,,
16306,남서울치과의원,,,내원,,,,,,
16307,보스톤연합치과의원,,,내원,,,,,,
16308,이좋은치과의원,,,내원,,,,,,
16309,미래연합치과의원,,,내원,,,,,,
16310,성거치과의원,,,내원,,,,,,
16311,천안예인치과의원,,,내원,,,,,,
16312,포유치과의원,,,내원,,,,,,
16313,정호기치과의원,,,내원,,,,,,
16314,웰치과의원,,,내원,,,,,,
16315,갤러리치과의원,,,내원,,,,,,
16316,오라클치과의원,,,내원,,,,,,
16317,이엔이치과의원,,,내원,,,,,,
16318,더조은치과의원,,,내원,,,,,,
16319,탑플란트치과의원,,,내원,,,,,,
16320,내이로치과의원,,,내원,,,,,,
16321,서울모세치과의원,,,내원,,,,,,
16322,하늘미치과의원,,,내원,,,,,,
16323,착한미소치과의원,,,내원,,,,,,
16324,천안모아치과의원,,,내원,,,,,,
16325,서울봄치과의원,,,내원,,,,,,
16326,시엘치과의원,,,내원,,,,,,
16327,NY단치과의원,,,내원,,,,,,
16328,아름드리치과의원,,,내원,,,,,,
16329,남스부부치과의원,,,내원,,,,,,
16330,김앤박치과의원,,,내원,,,,,,
16331,불당탑치과의원,,,내원,,,,,,
16332,청당앤미소치과의원,,,내원,,,,,,
16333,한빛치과의원,,,내원,,,,,,
16334,키즈웰치과의원,,,내원,,,,,,
16335,미소준치과의원,,,내원,,,,,,
16336,에이스치과의원,,,내원,,,,,,
16337,로덴메트로치과의원,,,내원,,,,,,
16338,스마일치과의원,,,내원,,,,,,
16339,바른뿌리치과의원,,,내원,,,,,,
16340,이레치과의원,,,내원,,,,,,
16341,차암조은치과의원,,,내원,,,,,,
16342,닥터스마일치과의원,,,내원,,,,,,
16343,길치과의원,,,내원,,,,,,
16344,유디치과의원,,,내원,,,,,,
16345,이편한치과의원,,,내원,,,,,,
16346,퍼스트치과의원,,,내원,,,,,,
16347,물방울치과의원,,,내원,,,,,,
16348,신세계치과의원,,,내원,,,,,,
16349,백석미소담은치과의원,,,내원,,,,,,
16350,새샘치과의원,,,내원,,,,,,
16351,연세편안한치과의원,,,내원,,,,,,
16352,스마일덴치과의원,,,내원,,,,,,
16353,제이엠치과의원,,,내원,,,,,,
16354,굿모닝치과의원,,,내원,,,,,,
16355,더건강한치과의원,,,내원+출장,,,,,,
16356,서울원플란트치과의원,,,내원,,,,,,
16357,서울베스트치과의원,,,내원,,,,,,
16358,훈키즈치과의원,,,내원,,,,,,
16359,쌍용치과의원,,,내원,,,,,,
16360,행복드림치과의원,,,내원,,,,,,
16361,청당탑치과의원,,,내원,,,,,,
16362,불당드림치과의원,,,내원,,,,,,
16363,이규현치과의원,,,내원,,,,,,
16364,이가웃는치과의원,,,내원,,,,,,
16365,바른탑치과의원,,,내원,,,,,,
16366,맘애든어린이치과의원,,,내원,,,,,,
16367,공감치과의원,,,내원,,,,,,
16368,정세영치과의원,,,내원,,,,,,
16369,성성N하나치과의원,,,내원,,,,,,
16370,잇플란트치과의원,,,내원,,,,,,
16371,서울바르다치과의원,,,내원,,,,,,
16372,열린치과의원,,,내원+출장,,,,,,
16373,이스타치과의원,,,내원,,,,,,
16374,리건치과의원,,,내원,,,,,,
16375,목천자연치과의원,,,내원,,,,,,
16376,가톨릭치과의원,,,내원,,,,,,
16377,삼아이치과의원,,,내원,,,,,,
16378,미리본치과의원,,,내원,,,,,,
16379,서울니어치과의원,,,내원,,,,,,
16380,청당왕치과의원,,,내원,,,,,,
16381,우리가족치과의원,,,내원,,,,,,
16382,송하유승훈소아치과의원,,,내원,,,,,,
16383,서울다시봄치과의원,,,내원,,,,,,
16384,샤인이치과의원,,,내원,,,,,,
16385,서울사계절치과의원,,,내원,,,,,,
16386,불당본점서울비디치과의원,,,내원,,,,,,
16387,두정서울비디치과의원,,,내원,,,,,,
16388,유스치과의원,,,내원,,,,,,
16389,35스마트플란트치과의원,,,내원,,,,,,
16390,두정자연치과의원,,,내원,,,,,,
16391,다나웰치과의원,,,내원,,,,,,
16392,씨엠씨우성구강악안면외과치과의원,,,내원,,,,,,
16393,생명나무치과의원,,,내원,,,,,,
16394,천안더맑은치과의원,,,내원,,,,,,
16395,행복플란트치과의원,,,내원,,,,,,
16396,새늘치과의원,,,내원,,,,,,
16397,서울두정치과의원,,,내원,,,,,,
16398,더섬세한치과의원,,,내원,,,,,,
16399,병천중앙치과의원,,,내원,,,,,,
16400,365아홉가지약속치과의원,,,내원,,,,,,
16401,이로울치과의원,,,내원,,,,,,
16402,한양수치과의원,,,내원,,,,,,
16403,딩동댕꾸러기치과의원,,,내원,,,,,,
16404,감동플란트치과의원,,,내원,,,,,,
16405,천안중앙플란트치과의원,,,내원,,,,,,
16406,성성이음치과의원,,,내원,,,,,,
16407,천안365치과의원,,,내원,,,,,,
16408,연세나은치과의원,,,내원+출장,,,,,,
16409,대전대학교천안한방병원,내원,,,,,,,,
16410,제중한방병원,내원,,,,,,,,
16411,충청남도공주의료원,내원,내원,내원,내원,내원,내원,내원,내원,내원
16412,제일의원,내원,,,,,내원,,,
16413,손경선내과의원,내원,,,내원,내원,내원,,,
16414,오내과의원,내원,,,내원,,내원,,,
16415,중앙유내과의원,내원,,,내원,,,,,
16416,튼튼키즈소아청소년과의원,,내원,,,,,,,
16417,순풍산부인과의원,,,,,,,,내원,
16418,좋은내과의원,내원,,,내원,내원,내원,,,
16419,속튼튼내과의원,내원,,,내원,내원,내원,내원,내원,
16420,성모소아청소년과의원,,내원,,,,,,,
16421,서울산부인과의원,,,,,,,,내원,
16422,고은아이소아청소년과의원,,내원,,,,,,,
16423,성보의원,내원,,,,,,,,
16424,희망내과의원,내원,,,내원,내원,내원,,,
16425,다나안산부인과의원,,,,,,,,내원,
16426,미앤맘산부인과의원,,,,,,,내원,내원,
16427,엔젤소아청소년과의원,,내원,,,,,,,
16428,필내과의원,내원,,,내원,,내원,,,
16429,공주서울내과의원,내원,,,내원,내원,내원,내원,내원,
16430,연세탑내과의원,내원,,,내원,내원,내원,내원,내원,
16431,구자균치과의원,,,내원,,,,,,
16432,한사랑치과의원,,,내원,,,,,,
16433,허브치과의원,,,내원,,,,,,
16434,제일치과의원,,,내원,,,,,,
16435,원석호구강악안면외과치과의원,,,내원,,,,,,
16436,웅진치과의원,,,내원,,,,,,
16437,이편한치과의원,,,내원,,,,,,
16438,서울이앤정치과의원,,,내원,,,,,,
16439,정담치과의원,,,내원,,,,,,
16440,더바른치과의원,,,내원,,,,,,
16441,공주수플란트치과의원,,,내원,,,,,,
16442,서울다온치과의원,,,내원,,,,,,
16443,서울건치과의원,,,내원,,,,,,
16444,재단법인아산사회복지재단부속보령아산병원,내원,,,내원,내원,내원,내원,내원,내원
16445,신제일병원,내원,,,내원,내원,내원,,내원,
16446,의료법인삼환의료재단대천중앙병원,내원,,,내원,내원,내원,내원,,
16447,명소아청소년과의원,,내원,,,,,,,
16448,명천가정의원,,내원,,,,,,,
16449,윤산부인과의원,,,,,,,,내원,
16450,문웅영소아청소년과의원,,내원,,,,,,,
16451,유내과의원,내원,,,내원,내원,내원,,,
16452,위대항외과의원,내원,,,내원,내원,,,,
16453,보령연합내과의원,내원,,,내원,내원,,,,
16454,임채남내과의원,내원,,,내원,내원,내원,내원,내원,
16455,허준소아청소년과의원,,내원,,,,,,,
16456,한양마취통증의학과의원,내원,,,내원,내원,내원,,,
16457,대천방사선과의원,내원,,,내원,내원,내원,내원,내원,
16458,속편한최기원내과의원,내원,,,내원,내원,내원,내원,,
16459,대천우리의원,내원,,,내원,내원,내원,,,
16460,조진원내과의원,내원,,,내원,내원,내원,,,
16461,참산부인과의원,,,,,,,내원,내원,
16462,최정욱내과의원,내원,,,내원,내원,내원,내원,내원,
16463,엄지의원,,내원,,,,,,,
16464,올바른정형외과의원,내원,,,,,,,내원,
16465,구원식제일가정의학과의원,내원,,,내원,내원,내원,,,
16466,장튼튼홍내과의원,내원,,,내원,내원,내원,내원,,
16467,박치과의원,,,내원,,,,,,
16468,이제중부부치과의원,,,내원,,,,,,
16469,최상용치과의원,,,내원,,,,,,
16470,조은치과의원,,,내원,,,,,,
16471,이사랑치과의원,,,내원,,,,,,
16472,서울치과의원,,,내원,,,,,,
16473,보령수치과의원,,,내원,,,,,,
16474,부부치과의원,,,내원,,,,,,
16475,미플러스치과의원,,,내원,,,,,,
16476,대천치과의원,,,내원,,,,,,
16477,엠플란트치과의원,,,내원,,,,,,
16478,보령굿모닝치과의원,,,내원,,,,,,
16479,스마일치과의원,,,내원,,,,,,
16480,세종치과의원,,,내원,,,,,,
16481,대천삼성치과의원,,,내원,,,,,,
16482,베스트치과의원,,,내원,,,,,,
16483,능치과의원,,,내원,,,,,,
16484,그랜드치과의원,,,내원,,,,,,
16485,하나플란트치과의원,,,내원,,,,,,
16486,바른길치과의원,,,내원,,,,,,
16487,보령시보건소,,,내원,,,,,,
16488,의료법인서해병원,내원,,,내원,내원,내원,내원,내원,
16489,위앤장서천내과의원,내원,,,내원,내원,내원,내원,내원,
16490,정소아청소년과의원,내원,내원,,,,,,,
16491,미래산부인과의원,,,,,,,,내원,
16492,우리들의원,내원,,,내원,내원,내원,,,
16493,건강한내과의원,내원,,,내원,내원,내원,내원,,
16494,김팔곤치과의원,,,내원,,,,,,
16495,장항종합치과의원,,,내원,,,,,,
16496,최용묵치과의원,,,내원,,,,,,
16497,푸른치과의원,,,내원,,,,,,
16498,오세영치과의원,,,내원,,,,,,
16499,조은치과의원,,,내원,,,,,,
16500,참사랑치과의원,,,내원,,,,,,
16501,서울마음치과의원,,,내원,,,,,,
16502,서천군보건소,내원,,내원,,,,,,
16503,충청남도서산의료원,내원+출장,,내원+출장,내원,내원,내원,내원,내원,내원
16504,서산중앙병원,내원,내원,내원,내원,내원,내원,내원,내원,내원
16505,우리본병원,내원,,,,,,,,
16506,미즈웰여성의원,,,,,,,,내원,
16507,중앙영상의학과의원,내원,,,내원,내원,내원,내원,,
16508,신내과의원,내원,,,내원,,내원,,,
16509,김경중내과의원,내원,,,내원,내원,내원,,,
16510,자모산부인과의원,,,,,,,,내원,
16511,성내과의원,내원,,,내원,내원,내원,,,
16512,유니연합소아청소년과의원,,내원,,,,,,,
16513,한마음산부인과의원,,,,,,,,내원,
16514,해미성모내과의원,내원,,,내원,내원,내원,내원,,
16515,강내과의원,내원,,,내원,,내원,,,
16516,윤재철내과의원,내원,,,내원,,내원,,,
16517,권내과의원,내원,,,내원,내원,내원,,,
16518,서울소아청소년과의원,,내원,,,,,,,
16519,연세다온가정의학과의원,,내원,,,,,,,
16520,수내과의원,내원,,,,,내원,,,
16521,누보소아청소년과의원,,내원,,,,,,,
16522,엠산부인과의원,,,,,,,,내원,
16523,속편한서산내과의원,내원,,,내원,내원,내원,,,
16524,백호동정형외과김남희내과의원,내원,,,내원,내원,내원,내원,,
16525,온소아청소년과의원,,내원,,,,,,,
16526,서산조은내과의원,내원,,,내원,내원,내원,내원,내원,
16527,연세허수범내과의원,내원,,,내원,내원,내원,내원,,
16528,서산열린내과의원,내원,,,내원,내원,내원,,,
16529,별소아청소년과의원,,내원,,,,,,,
16530,햇살의원,내원,,,내원,내원,내원,,,
16531,성심치과의원,,,내원,,,,,,
16532,신치과의원,,,내원,,,,,,
16533,중앙허브치과의원,,,내원,,,,,,
16534,서울치과의원,,,내원+출장,,,,,,
16535,다이아몬드치과의원,,,내원,,,,,,
16536,서울리더스치과의원,,,내원,,,,,,
16537,경희치과의원,,,내원,,,,,,
16538,본치과의원,,,내원,,,,,,
16539,서울플란치과의원,,,내원,,,,,,
16540,하나치과의원,,,내원,,,,,,
16541,서산웰치과의원,,,내원,,,,,,
16542,예담치과의원,,,내원,,,,,,
16543,두리치과의원,,,내원,,,,,,
16544,닥터이치과의원,,,내원,,,,,,
16545,서산탑치과의원,,,내원,,,,,,
16546,이수치과의원,,,내원,,,,,,
16547,서산치과의원,,,내원,,,,,,
16548,아이사랑치과의원,,,내원,,,,,,
16549,성연수치과의원,,,내원,,,,,,
16550,더센트럴치과의원,,,내원,,,,,,
16551,강남치과의원,,,내원,,,,,,
16552,나뭇잎치과의원,,,내원,,,,,,
16553,연세치과의원,,,내원,,,,,,
16554,그랜드치과의원,,,내원,,,,,,
16555,아라치과의원,,,내원,,,,,,
16556,서산가온치과의원,,,내원,,,,,,
16557,우리연합치과의원,,,내원,,,,,,
16558,효치과의원,,,내원,,,,,,
16559,서산시보건소,,,내원,,,,,,
16560,허내과의원,내원,,,내원,내원,내원,,,
16561,김석현이비인후과의원,,내원,,,,,,,
16562,최영현장외과의원,내원,,,내원,내원,내원,,,
16563,경희치과병원,,,내원+출장,,,,,,
16564,하얀치과의원,,,내원,,,,,,
16565,안치과의원,,,내원,,,,,,
16566,미소치과의원,,,내원,,,,,,
16567,서울바른치과의원,,,내원,,,,,,
16568,태안군보건의료원,내원,내원,내원,내원,내원,내원,내원,내원,
16569,의료법인백제병원,내원+출장,내원,내원+출장,내원,내원+출장,내원,내원,내원,내원
16570,고려병원,내원,,,내원,내원,내원,내원,내원,
16571,논산하나요양병원,내원,내원,,내원,내원,내원,,,
16572,꿈소아청소년과의원,,내원,,,,,,,
16573,제일산부인과의원,,,,,,,,내원,
16574,정산부인과의원,,,,,,,,내원,
16575,현대중앙의원,내원,,,내원,내원,내원,,,
16576,고려가정의학과의원,내원,내원,,,,,,,
16577,황산의원,내원,,,내원,내원,내원,내원,,
16578,성심의원,내원,,,내원,내원,내원,,,
16579,김상영내과의원,내원,,,내원,내원,내원,내원,내원,
16580,이상우내과의원,내원,,,내원,내원,내원,,,
16581,강경삼성의원,내원,내원,,,,내원,,내원,
16582,이은호소아청소년과의원,,내원,,,,,,,
16583,논산속편한내과의원,내원,,,내원,내원,내원,내원,내원,
16584,봄소아청소년과의원,,내원,,,,,,,
16585,모아산부인과의원,,,,,,,,내원,
16586,윤치과의원,,,내원,,,,,,
16587,상아치과의원,,,내원,,,,,,
16588,8020치과의원,,,내원,,,,,,
16589,강대홍치과의원,,,내원,,,,,,
16590,좋은치과의원,,,내원,,,,,,
16591,베스트치과의원,,,내원,,,,,,
16592,75플란트신동일치과의원,,,내원,,,,,,
16593,제일치과의원,,,내원,,,,,,
16594,고운미소치과의원,,,내원,,,,,,
16595,다인치과의원,,,내원,,,,,,
16596,탑치과의원,,,내원,,,,,,
16597,서울플러스치과의원,,,내원,,,,,,
16598,향기치과의원,,,내원,,,,,,
16599,부부치과의원,,,내원,,,,,,
16600,닥터유구강악안면외과치과의원,,,내원,,,,,,
16601,연세퍼스트치과의원,,,내원,,,,,,
16602,연산치과의원,,,내원,,,,,,
16603,프라임치과의원,,,내원,,,,,,
16604,중앙치과의원,,,내원,,,,,,
16605,강경치과의원,,,내원,,,,,,
16606,행복치과의원,,,내원,,,,,,
16607,논산시보건소,,,내원+출장,,,,,,
16608,의료법인계룡의료재단계룡병원,내원,,,,,,,내원,
16609,해피안내과의원,내원,,,,,,,,
16610,한솔의원,내원,,,내원,,내원,,,
16611,김광석외과의원,내원,,,내원,내원,내원,내원,내원,
16612,김민정소아과의원,,내원,,,,,,,
16613,박상준내과의원,내원,,,내원,,내원,,,
16614,빈앤준산부인과의원,,,,,,,,내원,
16615,퍼스트소아청소년과의원,,내원,,,,,,,
16616,현대내과의원,내원,,,,,,,,
16617,연세가정의학과의원,,내원,,,,,,,
16618,서울베스트내과의원,내원,,,내원,내원,내원,내원,내원,
16619,소망치과의원,,,내원,,,,,,
16620,하얀미소치과의원,,,내원,,,,,,
16621,백현준치과의원,,,내원,,,,,,
16622,미소담치과의원,,,내원,,,,,,
16623,다정한이치과의원,,,내원,,,,,,
16624,노엘치과의원,,,내원,,,,,,
16625,연세윤치과의원,,,내원,,,,,,
16626,계룡리더스치과의원,,,내원,,,,,,
16627,이안치과의원,,,내원,,,,,,
16628,계룡이사랑치과의원,,,내원,,,,,,
16629,행복치과의원,,,내원,,,,,,
16630,계룡시보건소,,,내원,,,,,,
16631,부강제일의원,내원,내원,,,,,,,
16632,부강수플란트치과의원,,,내원,,,,,,
16633,부강부부치과의원,,,내원,,,,,,
16634,의료법인영제의료재단엔케이세종병원,내원,내원,내원,내원,내원,내원,내원,내원,내원
16635,세종충남대학교병원,내원,,,내원,내원,내원,내원,내원,
16636,트리니움여성병원,내원,내원,,,,내원,내원,내원,
16637,아름드리나무어린이병원,,내원,,,,,,,
16638,이내과의원,내원,,,내원,내원,내원,내원,,
16639,성심외과의원,내원,,,내원,내원,내원,내원,,
16640,다정소아청소년과의원,,내원,,,,,,,
16641,김내과의원,내원,,,내원,,내원,,,
16642,양규준산부인과의원,,,,,,,,내원,
16643,부부내과의원,내원,,,내원,내원,내원,,,
16644,한사랑산부인과의원,,,,,,,,내원,
16645,고운맘소아청소년과의원,,내원,,,,,,,
16646,웰가정의학과의원,내원,내원,,,,,,,
16647,한사랑메디칼의원,,내원,,,,,,,
16648,이유경내과의원,내원,,,,,,,,
16649,세종영상의학과의원,내원,,,,내원,내원,내원,,
16650,세종제일산부인과의원,,,,,,,,내원,
16651,연세가정의학과의원,,내원,,,,,,,
16652,다솜가정의학과의원,,내원,,,,,,,
16653,서울연합의원,내원,,,내원,,내원,,,
16654,문내과의원,내원,,,내원,내원,내원,,내원,
16655,세종다사랑가정의학과의원,,내원,,,,,,,
16656,장동석내과의원,내원,,,내원,내원,내원,,,
16657,세종소아청소년과의원,,내원,,,,,,,
16658,여러분소통내과의원,내원,,,내원,내원,내원,,내원,
16659,고운소아청소년과의원,내원,내원,,,,,,,
16660,세종프라우메디산부인과의원,,,,,,,,내원,
16661,곰돌이소아청소년과의원,,내원,,,,,,,
16662,이삭소아청소년과의원,내원,내원,,,,,,,
16663,세미이비인후과의원,,내원,,,,,,,
16664,크로바내과의원,내원,,,내원,내원,내원,내원,내원,
16665,세종속편한내과의원,내원,,,내원,내원,내원,내원,,
16666,세움소아청소년과의원,,내원,,,,,,,
16667,세종아이소아청소년과의원,,내원,,,,,,,
16668,도담도담소아청소년과의원,,내원,,,,,,,
16669,웰키즈소아청소년과의원,,내원,,,,,,,
16670,유앤이내과의원,내원,,,내원,내원,내원,내원,,
16671,세종미즈산부인과의원,,,,,,,,내원,
16672,건강한가족의원,내원,내원,,내원,내원,내원,,,
16673,세종내과의원,내원,,,내원,내원,내원,,,
16674,맑은내과외과의원,내원,,,,,,,,
16675,위대한내과의원,내원,,,내원,내원,내원,내원,,
16676,최훈내과의원,내원,,,내원,내원,내원,,,
16677,365열린연합의원,내원,내원,,,,,,,
16678,유소아청소년과의원,,내원,,,,,,,
16679,라온소아청소년과의원,,내원,,,,,,,
16680,세종조은내과의원,내원,,,내원,내원,내원,내원,내원,
16681,세종성모소아청소년과의원,,내원,,,,,,,
16682,세종국민건강의원,내원,,,내원,내원,내원,내원,내원,
16683,소담내과의원,내원,,,내원,내원,내원,내원,내원,
16684,세종드림연합의원,내원,,,,,,,,
16685,제일연합내과의원,내원,내원,,내원,내원,내원,내원,내원,
16686,드림내과의원,내원,,,내원,내원,내원,내원,내원,
16687,소담튼튼소아청소년과의원,,내원,,,,,,,
16688,미애로여성의원,,,,,,,,내원,
16689,코끼리소아청소년과의원,,내원,,,,,,,
16690,세종스카이내과의원,내원,,,내원,내원,내원,내원,,
16691,세종우리의원,내원,,,내원,내원,내원,내원,,
16692,서산부인과의원,,,,,,,내원,내원,
16693,아름누리소아청소년과의원,,내원,,,,,,,
16694,도란도란소아청소년과의원,,내원,,,,,,,
16695,다정내과의원,내원,,,내원,내원,내원,내원,내원,
16696,서울아산내과의원,내원,,,내원,내원,내원,내원,내원,
16697,참좋은서울아산내과의원,내원,,,내원,내원,내원,내원,,
16698,소신내과의원,내원,,,내원,내원,내원,,,
16699,종촌제일연합내과의원,내원,,,내원,내원,내원,,내원,
16700,로뎀소아청소년과의원,,내원,,,,,,,
16701,우리메디컬의원,내원,,,,,,,,
16702,이도내과의원,내원,,,내원,내원,내원,,,
16703,노블클라쎄산부인과의원,,,,,,,,내원,
16704,하늘소아청소년과의원,,내원,,,,,,,
16705,굿제이산부인과의원,,,,,,,,내원,
16706,허브연합내과의원,내원,,,내원,내원,내원,내원,,
16707,세종365의원,내원,,,내원,내원,내원,내원,내원,
16708,세종바른유외과의원,,,,,,,내원,,
16709,세종장사랑내과의원,내원,,,내원,내원,내원,내원,내원,
16710,송창헌내과의원,내원,,,,,,,,
16711,세종이지항외과의원,내원,,,내원,내원,,,,
16712,위하는내과의원,내원,,,내원,내원,내원,내원,내원,
16713,윤빛소아청소년과의원,,내원,,,,,,,
16714,메디캐치의원,내원,,,내원,내원,내원,내원,내원,
16715,중앙소아청소년과의원,내원,내원,,,,,,,
16716,백내과의원,내원,,,내원,내원,내원,내원,,
16717,꿈담소아청소년과의원,,내원,,,,,,,
16718,더블유세종어진건강의원,내원,,,내원,내원,내원,내원,내원,
16719,연세하트내과의원,내원,,,내원,,내원,,,
16720,한사랑의원,,내원,,,,,,,
16721,가온산부인과의원,,,,,,,,내원,
16722,퍼스트아이소아청소년과의원,내원,내원,,,,,,,
16723,단국대학교치과대학세종치과병원,,,내원+출장,,,,,,
16724,이종선치과의원,,,내원,,,,,,
16725,부부치과의원,,,내원,,,,,,
16726,누가치과의원,,,내원,,,,,,
16727,이편한치과의원,,,내원,,,,,,
16728,김진용치과의원,,,내원,,,,,,
16729,보성치과의원,,,내원,,,,,,
16730,새서울치과의원,,,내원,,,,,,
16731,하얀치과의원,,,내원,,,,,,
16732,제이와이치과의원,,,내원,,,,,,
16733,우리치과의원,,,내원,,,,,,
16734,이편한홍치과의원,,,내원,,,,,,
16735,세종플란트치과의원,,,내원,,,,,,
16736,세종프라임치과의원,,,내원,,,,,,
16737,문치과의원,,,내원,,,,,,
16738,서울소담치과의원,,,내원+출장,,,,,,
16739,서울좋은치과의원,,,내원,,,,,,
16740,최진웅치과의원,,,내원,,,,,,
16741,한솔퍼스트치과의원,,,내원,,,,,,
16742,바른치과의원,,,내원,,,,,,
16743,플러스치과의원,,,내원,,,,,,
16744,누리마루치과의원,,,내원,,,,,,
16745,아름치과의원,,,내원,,,,,,
16746,강남치과의원,,,내원,,,,,,
16747,세움치과의원,,,내원,,,,,,
16748,세종서울치과의원,,,내원,,,,,,
16749,두치과의원,,,내원,,,,,,
16750,연세럭스치과의원,,,내원,,,,,,
16751,맘애든치과의원,,,내원,,,,,,
16752,좋은하루치과의원,,,내원,,,,,,
16753,바른명치과의원,,,내원,,,,,,
16754,세종어린이치과의원,,,내원,,,,,,
16755,서울바른이치과의원,,,내원,,,,,,
16756,성원치과의원,,,내원,,,,,,
16757,서울봄빛치과의원,,,내원,,,,,,
16758,이병진치과의원,,,내원,,,,,,
16759,스마일치과의원,,,내원,,,,,,
16760,연세크리스마스치과의원,,,내원,,,,,,
16761,화이트부부치과의원,,,내원+출장,,,,,,
16762,세종금남치과의원,,,내원,,,,,,
16763,도담민들레치과의원,,,내원,,,,,,
16764,삼성온가족치과의원,,,내원,,,,,,
16765,덴탈365치과의원,,,내원,,,,,,
16766,세종미소치과의원,,,내원+출장,,,,,,
16767,이사랑치과의원,,,내원,,,,,,
16768,더플랜트치과의원,,,내원,,,,,,
16769,참좋아치과의원,,,내원,,,,,,
16770,연세고마운치과의원,,,내원,,,,,,
16771,심치과의원,,,내원,,,,,,
16772,바른우리치과교정과치과의원,,,내원,,,,,,
16773,새롬숲치과의원,,,내원,,,,,,
16774,다인치과의원,,,내원,,,,,,
16775,세종탑치과의원,,,내원,,,,,,
16776,금동치과의원,,,내원,,,,,,
16777,새온치과의원,,,내원,,,,,,
16778,연세감동치과의원,,,내원,,,,,,
16779,세종베스트치과의원,,,내원,,,,,,
16780,연세세브란스치과의원,,,내원,,,,,,
16781,도치소아치과의원,,,내원,,,,,,
16782,연세올바른치과의원,,,내원,,,,,,
16783,엔연세감동치과의원,,,내원,,,,,,
16784,김만주정성치과의원,,,내원,,,,,,
16785,앨리스치과의원,,,내원,,,,,,
16786,연세탑치과의원,,,내원,,,,,,
16787,세종튼튼치과의원,,,내원,,,,,,
16788,패밀리치과의원,,,내원,,,,,,
16789,서울굿모닝치과의원,,,내원,,,,,,
16790,서울이사랑치과의원,,,내원,,,,,,
16791,세종스타치과의원,,,내원,,,,,,
16792,세종하이치과의원,,,내원,,,,,,
16793,황실치과의원,,,내원,,,,,,
16794,세종드림치과의원,,,내원,,,,,,
16795,유앤성부부치과의원,,,내원,,,,,,
16796,메디컬뱅크치과의원,,,내원,,,,,,
16797,바른뿌리치과의원,,,내원,,,,,,
16798,이도치과의원,,,내원,,,,,,
16799,첫마을치과의원,,,내원,,,,,,
16800,세종365치과의원,,,내원,,,,,,
16801,세종보람치과의원,,,내원,,,,,,
16802,마음편한치과의원,,,내원,,,,,,
16803,당신의치과의원,,,내원,,,,,,
16804,연세해밀치과의원,,,내원,,,,,,
16805,세종꾸러기소아치과의원,,,내원,,,,,,
16806,유디치과의원,,,내원,,,,,,
16807,해들치과의원,,,내원,,,,,,
16808,강남세종치과의원,,,내원,,,,,,
16809,서울온가족치과의원,,,내원,,,,,,
16810,독일브라운치과의원,,,내원,,,,,,
16811,학교법인건양교육재단건양대학교부여병원,내원+출장,내원,,내원,내원+출장,내원,내원,내원,
16812,성모의원,내원,,,,,내원,,,
16813,서울연합내과의원,내원,,,내원,,내원,,,
16814,성요셉가정의학과의원,내원,,,내원,내원,내원,내원,,
16815,중앙치과의원,,,내원,,,,,,
16816,박태서치과의원,,,내원,,,,,,
16817,임성우내외치과의원,,,내원+출장,,,,,,
16818,굿샘치과의원,,,내원,,,,,,
16819,부여치과의원,,,내원,,,,,,
16820,서울치과의원,,,내원,,,,,,
16821,홍산박치과의원,,,내원,,,,,,
16822,일층치과의원,,,내원,,,,,,
16823,부여미소치과의원,,,내원,,,,,,
16824,서울오치과의원,,,내원,,,,,,
16825,바른이연합치과의원,,,내원,,,,,,
16826,예플란트치과의원,,,내원,,,,,,
16827,참좋은치과의원,,,내원,,,,,,
16828,맑은치과의원,,,내원,,,,,,
16829,현대탑치과의원,,,내원,,,,,,
16830,부여군보건소,내원,,내원,,,,,,
16831,청양군보건의료원,내원+출장,내원,내원+출장,내원,내원+출장,내원,내원,내원,
16832,의료법인예당의료재단예산종합병원,내원,내원,,내원,내원,내원,내원,내원,내원
16833,예산명지병원,내원,내원,,내원,내원,내원,내원,내원,
16834,의료법인모두온의료재단메디플러스병원,내원+출장,,,내원+출장,내원+출장,내원,내원+출장,내원,
16835,김성진내과의원,내원,,,내원,내원,내원,,,
16836,전일문내과의원,내원,내원,,,,내원,,,
16837,연세가정의학과의원,내원,,,,,내원,,,
16838,제일산부인과의원,,,,,,,,내원,
16839,오유경내과의원,내원,,,내원,내원,내원,내원,내원,
16840,예산미소천사의원,,내원,,,,,,,
16841,임재규내과의원,내원,,,내원,내원,내원,,,
16842,내포아산의원,내원,내원,,,,내원,,,
16843,주키즈소아청소년과의원,,내원,,,,,,,
16844,이관구치과의원,,,내원,,,,,,
16845,단아치과의원,,,내원,,,,,,
16846,박치과의원,,,내원,,,,,,
16847,우리치과의원,,,내원,,,,,,
16848,하얀치과의원,,,내원,,,,,,
16849,행복한치과의원,,,내원,,,,,,
16850,미소준치과의원,,,내원,,,,,,
16851,이음구강악안면외과치과의원,,,내원,,,,,,
16852,당진종합병원,내원+출장,내원,,내원,내원,내원,내원,내원,내원
16853,열린내과병원,내원,,,내원,내원,내원,내원,,
16854,당진성모병원,내원,,,내원,내원,내원,내원,,
16855,정빈의료재단합덕아산병원,내원,,,내원,내원,내원,,,
16856,9988병원,내원,,,내원,내원,내원,내원,,
16857,문소아청소년과의원,,내원,,,,,,,
16858,유명산부인과의원,,,,,,,,내원,
16859,서울내과의원,내원,,,내원,내원,내원,내원,,
16860,삼봉하나의원,내원,,,,,,,,
16861,튼튼소아청소년과의원,,내원,,,,,,,
16862,당진다솜내과의원,내원,,,내원,,,,,
16863,진소아청소년과의원,,내원,,,,,,,
16864,미즈맘의원,,내원,,,,,,내원,
16865,굿모닝외과의원,내원,,,내원,내원,내원,,,
16866,당진좋은내과의원,내원,,,내원,내원,내원,,,
16867,더편한내과의원,내원,,,내원,,,,,
16868,명성의원,내원,,,,,,,,
16869,푸른내과의원,내원,,,내원,내원,내원,,,
16870,쾌찬내과의원,내원,,,내원,내원,내원,,,
16871,현대내과의원,내원,,,내원,내원,내원,,,
16872,아산가정의학과의원,,내원,,,,,,,
16873,기지시연합의원,,내원,,,,,,,
16874,가나다소아청소년과의원,,내원,,,,,,,
16875,유니아이소아청소년과의원,,내원,,,,,,,
16876,뮤즈힐여성의원,,,,,,,,내원,
16877,더건강한내과의원,내원,,,내원,내원,내원,내원,내원,
16878,당진잘보는내과의원,내원,,,내원,내원,내원,내원,내원,
16879,의료법인이손의료재단이손치과병원,,,내원,,,,,,
16880,유명치과의원,,,내원,,,,,,
16881,손창원치과의원,,,내원,,,,,,
16882,세브란스치과의원,,,내원,,,,,,
16883,당진수치과의원,,,내원,,,,,,
16884,서울리더스치과의원,,,내원,,,,,,
16885,이편한치과의원,,,내원,,,,,,
16886,예미담치과의원,,,내원,,,,,,
16887,당진치과의원,,,내원,,,,,,
16888,함초롬치과의원,,,내원,,,,,,
16889,미담치과의원,,,내원,,,,,,
16890,경희바른이주니어치과의원,,,내원,,,,,,
16891,당진오케이치과의원,,,내원,,,,,,
16892,당진미소치과의원,,,내원,,,,,,
16893,엘치과의원,,,내원,,,,,,
16894,연세그린치과의원,,,내원,,,,,,
16895,상아치과의원,,,내원,,,,,,
16896,퍼스트치과의원,,,내원,,,,,,
16897,미소그린치과의원,,,내원,,,,,,
16898,해나루구강악안면외과치과의원,,,내원,,,,,,
16899,더편한치과의원,,,내원,,,,,,
16900,홍치과의원,,,내원,,,,,,
16901,우리치과의원,,,내원,,,,,,
16902,연세하늘치과의원,,,내원,,,,,,
16903,서울가지런한치과교정과치과의원,,,내원,,,,,,
16904,안녕플란트치과의원,,,내원,,,,,,
16905,서울아산이치과의원,,,내원,,,,,,
16906,힐플란트치과의원,,,내원,,,,,,
16907,베스트필치과의원,,,내원+출장,,,,,,
16908,현대제철문화센터치과의원,,,내원,,,,,,
16909,바른마음치과의원,,,내원,,,,,,
16910,당진에이스치과의원,,,내원,,,,,,
16911,가디언즈치과의원당진점,,,내원,,,,,,
16912,아홉가지약속당진치과의원,,,내원,,,,,,
16913,아산충무병원,내원,내원,내원,내원,내원,내원,내원,내원,내원
16914,열린성애병원,내원,,,,,,,,
16915,현대병원,내원,,,내원,내원,내원,내원,,
16916,미래한국병원,내원+출장,,내원,내원,내원,내원,내원,내원,
16917,꿈크는아이병원,,내원,,,,,,,
16918,신도시이진병원,,내원,,,,,,,
16919,천안센텀정형외과신경외과병원,내원,,,,,,,,
16920,삼성미즈병원,,내원,,,,,내원,내원,
16921,프라이드병원,내원,,,,,,,,
16922,의료법인다솔의료재단늘푸른요양병원,내원,,,,,,,,
16923,서울의원,내원,,,,,,,,
16924,김병모내과의원,내원,,,내원,내원,내원,,,
16925,아산중앙연합의원,내원,,,내원,내원,내원,내원,,
16926,명소아과의원,,내원,,,,,,,
16927,선내과의원,내원,,,내원,,,,,
16928,이남민내과의원,내원,,,내원,,내원,,,
16929,다나산부인과의원,,,,,,,내원,내원,
16930,정소아청소년과의원,,내원,,,,,,,
16931,연세메디컬의원,내원,내원,,내원,내원,내원,,,
16932,정창호내과의원,내원,,,내원,내원,내원,,,
16933,진여성의원,,,,,,,,내원,
16934,연세소아청소년과의원,,내원,,,,,,,
16935,한사랑가정의학과의원,,내원,,,,,,,
16936,탑가정의학과의원,,내원,,,,,,,
16937,굿모닝가정의학과의원,,내원,,,,,,,
16938,상쾌한이비인후과의원,,내원,,,,,,,
16939,다온미래산부인과의원,,,,,,,내원,내원,
16940,청아미즈산부인과의원,내원,,,,,,내원,내원,
16941,채항외과의원,내원,,,내원,내원,,,,
16942,청담소아청소년과의원,,내원,,,,,,,
16943,제일조은내과의원,내원,,,내원,내원,내원,내원,,
16944,아산우리의원,내원,,,,,,,,
16945,일이삼내과의원,내원,,,내원,내원,내원,,,
16946,이레메디컬의원,내원,,,내원,내원,내원,내원,내원,
16947,삼성무지개소아청소년과의원,,내원,,,,,,,
16948,드림가정의학과의원,,내원,,,,,,,
16949,아산제일내과의원,내원+출장,,,내원,내원+출장,내원,내원,,
16950,가람내과의원,내원,내원,,내원,내원,내원,,,
16951,베스트포유외과의원,,,,,,,내원,,
16952,속이좋은내과의원,내원,,,내원,내원,내원,,,
16953,웰키즈소아청소년과의원,,내원,,,,,,,
16954,상쾌항외과의원,내원,,,내원,내원,,,내원,
16955,에스지삼성조은내과의원,내원,,,내원,내원,내원,내원,내원,
16956,장사랑연합내과의원,내원,,,내원,내원,내원,내원,내원,
16957,삼육오(365)아이맘의원,,내원,,,,,,,
16958,미유외과의원,내원,,,내원,내원,내원,내원,내원,
16959,참편한내과의원,내원,,,내원,내원,내원,,,
16960,아이별소아청소년과의원,,내원,,,,,,,
16961,아산메디의원,,내원,,,,,,,
16962,드림아이여성의원,,,,,,,,내원,
16963,둔포상쾌한이비인후과의원,,내원,,,,,,,
16964,림스소아청소년과의원,,내원,,,,,,,
16965,김용현내과의원,내원,,,내원,내원,내원,,,
16966,아산조은내과의원,내원,,,내원,내원,내원,,,
16967,숙이소아청소년과의원,,내원,,,,,,,
16968,아산중앙내과의원,내원,,,내원,내원,내원,내원,,
16969,조은의원,내원+출장,,,내원+출장,내원+출장,,내원+출장,,
16970,모종아이튼튼소아청소년과의원,내원,내원,,,,,,,
16971,잎소아청소년과의원,,내원,,,,,,,
16972,이수내과의원,내원,,,내원,내원,내원,내원,,
16973,아산힐링의원,,내원,,,,,,,
16974,푸른나무의원,,내원,,,,,,,
16975,바른내과의원,내원,,,내원,내원,내원,내원,내원,
16976,퍼스트고려내과의원,내원,,,내원,내원,내원,내원,내원,
16977,케이메디컬의원,내원+출장,,내원+출장,내원,내원+출장,내원,내원,내원,
16978,당앤장내과의원,내원,,,내원,내원,내원,내원,내원,
16979,탕정아이꽃소아청소년과의원,,내원,,,,,,,
16980,유앤항외과의원,내원,,,내원,내원,내원,,내원,
16981,소노유외과의원,,,,,,,내원,,
16982,세란내과의원,내원,,,내원,내원,내원,내원,내원,
16983,아이튼튼의원,,내원,,,,,,,
16984,세교하나내과의원,내원,,,내원,내원,내원,내원,내원,
16985,리본산부인과의원,,,,,,,,내원,
16986,의료법인산울의료재단스파인치과병원,,,내원,,,,,,
16987,365아홉가지약속치과병원,,,내원,,,,,,
16988,온아치과병원,,,내원,,,,,,
16989,이황재치과의원,,,내원,,,,,,
16990,김백근치과의원,,,내원,,,,,,
16991,팰리스치과의원,,,내원,,,,,,
16992,조원석치과의원,,,내원,,,,,,
16993,미소왕치과의원,,,내원,,,,,,
16994,이용곤치과의원,,,내원,,,,,,
16995,자매치과의원,,,내원,,,,,,
16996,포인트디지털치과의원,,,내원,,,,,,
16997,현치과의원,,,내원,,,,,,
16998,부부치과의원,,,내원,,,,,,
16999,라임치과의원,,,내원,,,,,,
17000,물방울치과의원,,,내원,,,,,,
17001,와이치과의원,,,내원,,,,,,
17002,꿈을이루는수치과의원,,,내원,,,,,,
17003,연세이앤이치과의원,,,내원,,,,,,
17004,센트럴치과의원,,,내원,,,,,,
17005,예스플란트치과의원,,,내원,,,,,,
17006,이창주치과의원,,,내원,,,,,,
17007,허브치과의원,,,내원,,,,,,
17008,이즈치과의원,,,내원,,,,,,
17009,예미담치과의원,,,내원,,,,,,
17010,디지털올리브치과의원,,,내원,,,,,,
17011,탕정이앤정치과의원,,,내원,,,,,,
17012,예담치과의원,,,내원,,,,,,
17013,포유어린이치과의원,,,내원,,,,,,
17014,아이본치과의원,,,내원,,,,,,
17015,아산오케이치과의원,,,내원,,,,,,
17016,서울닥터김치과의원,,,내원,,,,,,
17017,탕정센트럴문치과의원,,,내원,,,,,,
17018,금치과의원,,,내원,,,,,,
17019,라온치과의원,,,내원,,,,,,
17020,아산포유치과의원,,,내원,,,,,,
17021,서울리더스치과의원,,,내원,,,,,,
17022,아인치과의원,,,내원,,,,,,
17023,보스톤치과의원,,,내원+출장,,,,,,
17024,더바른치과의원,,,내원,,,,,,
17025,세움치과의원,,,내원,,,,,,
17026,참다운치과의원,,,내원,,,,,,
17027,해든치과의원,,,내원,,,,,,
17028,우리삼성치과의원,,,내원,,,,,,
17029,이지치과의원,,,내원,,,,,,
17030,바른탑치과의원,,,내원,,,,,,
17031,온아어린이치과의원,,,내원,,,,,,
17032,바로플란트치과의원,,,내원,,,,,,
17033,나란이치과의원,,,내원,,,,,,
17034,에이스치과의원,,,내원,,,,,,
17035,서울드림치과의원,,,내원,,,,,,
17036,연세더힐치과의원,,,내원,,,,,,
17037,고은치과의원,,,내원,,,,,,
17038,서울꼭치과의원,,,내원,,,,,,
17039,삼성디지털치과의원,,,내원,,,,,,
17040,에코플란트유치과의원,,,내원,,,,,,
17041,서울샤치과의원,,,내원,,,,,,
17042,튼튼한어린이치과의원,,,내원,,,,,,
17043,연세뉴치과의원,,,내원,,,,,,
17044,센텀아트치과의원,,,내원,,,,,,
17045,바른손치과의원,,,내원,,,,,,
17046,사과나무치과의원,,,내원,,,,,,
17047,포셀트치과의원,,,내원,,,,,,
17048,아산제일치과의원,,,내원,,,,,,
17049,아이참소아치과의원,,,내원,,,,,,
17050,아산정플란트치과의원,,,내원,,,,,,
17051,이동수앤석치과의원,,,내원,,,,,,
17052,충청남도홍성의료원,내원+출장,내원,내원+출장,내원,내원+출장,내원,내원,내원,내원
17053,홍성방사선과의원,내원,,,내원,,내원,내원,,
17054,전내과의원,내원,,,내원,내원,내원,,,
17055,한만봉산부인과의원,,,,,,,,내원,
17056,김창덕소아청소년과의원,,내원,,,,,,,
17057,참산부인과여성의원,,,,,,,,내원,
17058,건강성모의원,내원,,,내원,내원,내원,내원,,
17059,홍내과의원,내원,,,내원,내원,내원,,,
17060,박래경소아청소년과의원,,내원,,,,,,,
17061,연합의원,내원,,,내원,내원,내원,,내원,
17062,유니플러스소아청소년과의원,,내원,,,,,,,
17063,한마음내과의원,내원,,,내원,,내원,,,
17064,이상석내과의원,내원,,,내원,내원,내원,,,
17065,추영광내과의원,내원,,,내원,내원,내원,,,
17066,내포산부인과의원,,,,,,,,내원,
17067,내포연합의원,내원,,,,,내원,,,
17068,드림소아청소년과의원,,내원,,,,,,,
17069,고관홍의원,내원,,,내원,내원,내원,,내원,
17070,홍성의료복지사회적협동조합우리동네의원,,내원,,,,,,,
17071,고운이치과의원,,,내원,,,,,,
17072,홍성치과의원,,,내원,,,,,,
17073,연세김치과의원,,,내원,,,,,,
17074,열린치과의원,,,내원,,,,,,
17075,서울센트럴치과의원,,,내원,,,,,,
17076,참좋은치과의원,,,내원,,,,,,
17077,고정치과의원,,,내원+출장,,,,,,
17078,채움치과의원,,,내원,,,,,,
17079,내포탑치과의원,,,내원,,,,,,
17080,내포아이랑소아치과의원,,,내원,,,,,,
17081,인천광역시의료원,내원+출장,내원,내원+출장,내원,내원+출장,내원+출장,내원,내원,내원
17082,인천기독병원,내원+출장,,내원,내원,내원,내원,내원,내원,내원
17083,인하대학교의과대학부속병원,내원+출장,내원,내원,내원,내원,내원,내원,내원,내원
17084,의료법인성수의료재단인천백병원,내원+출장,내원,,내원,내원+출장,내원,내원,내원,내원
17085,인천광역시의료원백령병원,내원,내원,내원,내원,내원,,내원,내원,
17086,의료법인성세의료재단영종국제병원,내원,,,내원,내원,내원,내원,내원,
17087,퍼스트병원,내원,,,,,,,,
17088,황호연산부인과의원,,,,,,,,내원,
17089,권의원,내원,,,내원,내원,내원,,,
17090,이재준내과의원,내원,,,내원,내원,내원,,,
17091,연세성모의원,내원,내원,,내원,,내원,,,
17092,아이본산부인과의원,,,,,,,,내원,
17093,스타소아청소년과의원,,내원,,,,,,,
17094,성모연합의원,,내원,,,,,,,
17095,연세제일의원,내원,내원,,내원,내원,내원,내원,내원,
17096,인천국제공항의원,내원,,,,,,,,
17097,예나산부인과의원,,,,,,,,내원,
17098,동인천내과의원,내원,,,내원,내원,내원,내원,내원,
17099,신흥메디칼의원,내원,,,내원,내원,,,,
17100,우리내과의원,내원,,,내원,내원,내원,,,
17101,삼성내과의원,내원,내원,,내원,내원,내원,,,
17102,주내과의원,내원,,,,,,,,
17103,굿모닝내과의원,내원,,,내원,내원,내원,내원,내원,
17104,신제일산부인과의원,,,,,,,,내원,
17105,슈어치과교정과치과병원,,,내원,,,,,,
17106,허형범치과의원,,,내원,,,,,,
17107,민영규치과의원,,,내원,,,,,,
17108,이플란트치과의원,,,내원,,,,,,
17109,김윤태치과의원,,,내원,,,,,,
17110,동인천치과의원,,,내원,,,,,,
17111,이사랑치과의원,,,내원,,,,,,
17112,박선희치과의원,,,내원,,,,,,
17113,남치과의원,,,내원,,,,,,
17114,한울치과의원,,,내원,,,,,,
17115,최재혁치과의원,,,내원,,,,,,
17116,세림치과의원,,,내원,,,,,,
17117,백치과의원,,,내원,,,,,,
17118,중앙치과의원,,,내원,,,,,,
17119,송림푸른하늘치과의원,,,내원,,,,,,
17120,세정굿모닝치과의원,,,내원,,,,,,
17121,솔빛치과의원,,,내원,,,,,,
17122,더웰치과의원,,,내원,,,,,,
17123,현대치과의원,,,내원,,,,,,
17124,서울하늘치과의원,,,내원,,,,,,
17125,젠치과의원,,,내원,,,,,,
17126,영종시카고치과교정과치과의원,,,내원,,,,,,
17127,더바른치과의원,,,내원,,,,,,
17128,더(THE)착한치과의원,,,내원,,,,,,
17129,영종디지털치과의원,,,내원,,,,,,
17130,미드림치과의원,,,내원,,,,,,
17131,하나의료조합영흥치과의원,,,내원,,,,,,
17132,서울더(THE)좋은치과의원,,,내원,,,,,,
17133,친절한홍치과의원,,,내원,,,,,,
17134,디지털타임치과의원,,,내원,,,,,,
17135,하늘리더스치과의원,,,내원,,,,,,
17136,서울수치과의원,,,내원,,,,,,
17137,하늘수치과의원,,,내원,,,,,,
17138,영종국제치과의원,,,내원,,,,,,
17139,운서조은사람치과의원,,,내원,,,,,,
17140,더본플란트치과의원,,,내원,,,,,,
17141,영종웰치과의원,,,내원,,,,,,
17142,연세세브란스치과의원,,,내원,,,,,,
17143,하늘별빛어린이치과의원,,,내원,,,,,,
17144,뿌리앤치과의원,,,내원,,,,,,
17145,예스서울치과의원,,,내원,,,,,,
17146,화수치과의원,,,내원,,,,,,
17147,영종센트럴치과의원,,,내원,,,,,,
17148,연세스마일치과의원,,,내원,,,,,,
17149,뿌리플란트치과의원,,,내원,,,,,,
17150,북도보건지소,,내원,내원,,,,,,
17151,연평보건지소,,내원,내원,,,,,,
17152,백령보건지소,,내원,내원,,,,,,
17153,대청보건지소,,내원,내원,,,,,,
17154,덕적보건지소,,내원,내원,,,,,,
17155,자월보건지소,,내원,내원,,,,,,
17156,영흥보건지소,,내원,내원,,,,,,
17157,스카이한방병원,내원,,,내원,내원,내원,내원,,
17158,봄소아청소년과의원,,내원,,,,,,,
17159,연세참가정의학과의원,,내원,,,,,,,
17160,피터팬소아청소년과의원,,내원,,,,,,,
17161,연세공항의원,내원,내원,,내원,내원,내원,,,
17162,온누리내과의원,내원,내원,,내원,내원,내원,내원,내원,
17163,영종센트럴이비인후과의원,,내원,,,,,,,
17164,하나의료조합영흥우리의원,내원,,,,,,,,
17165,에이치디현대인프라코어(주)부속의원,내원,,,,,,,,
17166,편안내과의원,내원,,,내원,내원,내원,,,
17167,하늘도시산부인과의원,,,,,,,,내원,
17168,박영훈내과의원,내원,,,,,,,,
17169,하늘메디컬의원,내원,,,내원,내원,내원,내원,내원,
17170,튼튼소아청소년과의원,,내원,,,,,,,
17171,현대의원,내원,,,,,,,,
17172,키클소아청소년과의원,,내원,,,,,,,
17173,장튼튼내과의원,내원,,,내원,내원,내원,내원,내원,
17174,영종이엠365의원,내원,,,,,,,,
17175,인천웰빙내과의원,내원,,,내원,내원,내원,내원,내원,
17176,예스삼성소아청소년과의원,,내원,,,,,,,
17177,예스율산부인과의원,,,,,,,,내원,
17178,영종속시원내과의원,내원,,,내원,내원,내원,내원,내원,
17179,상아플러스치과의원,,,내원,,,,,,
17180,비에스치과의원,,,내원+출장,,,,,,
17181,이흥우치과의원,,,내원,,,,,,
17182,의료법인인천사랑병원,내원,내원,내원,내원,내원,내원,내원,내원,내원
17183,현대유비스병원,내원+출장,내원,내원+출장,내원,내원,내원,내원,내원,내원
17184,고은여성병원,내원,,,,,,내원,내원,
17185,의료법인아인의료재단아인병원,내원,내원,내원,내원,내원,내원,내원,내원,
17186,W(더블유)여성병원,내원,,,,,,내원,내원,
17187,나누리병원,내원,,,내원,내원,내원,내원,내원,
17188,성모원탑병원,내원,,,내원,내원,내원,내원,,
17189,한국보훈복지의료공단인천보훈병원,내원,,내원,내원,내원,내원,,,
17190,곧바로병원,내원,,,내원,내원,내원,내원,내원,
17191,더나눔병원,내원,,,내원,내원,내원,내원,내원,
17192,정앤정내과소아청소년과의원,내원,내원,,내원,내원,내원,,,
17193,주산부인과의원,,,,,,,,내원,
17194,이진숙소아과의원,,내원,,,,,,,
17195,문영주내과의원,내원,,,내원,내원,내원,,,
17196,한국건강관리협회건강증진의원,내원+출장,,내원,내원+출장,내원+출장,내원,내원+출장,내원,
17197,준소아과의원,,내원,,,,,,,
17198,서울메디탑의원,내원,,,,내원,,,,
17199,삼성의원,내원,,,,,,,,
17200,최박내과의원,내원,,,내원,내원,내원,,,
17201,초록소아청소년과의원,,내원,,,,,,,
17202,이하영소아과의원,내원,내원,,,,,,,
17203,현대성모의원,내원,내원,,,,내원,,,
17204,그린소아청소년과의원,,내원,,,,,,,
17205,최앤박소아청소년과의원,,내원,,,,,,,
17206,동아의원,내원,,,내원,내원,내원,내원,내원,
17207,현대가정의원,내원,,,내원,내원,내원,,내원,
17208,연세소아과의원,,내원,,,,,,,
17209,인천제일의원,내원,,,내원,내원,내원,,,
17210,현대산부인과의원,,,,,,,,내원,
17211,인천의원,내원,,,,,내원,,,
17212,양지의원,내원,,,,,,,,
17213,도화연세소아과의원,,내원,,,,,,,
17214,기독내과의원,내원,,,내원,내원,내원,,,
17215,오메디칼의원,내원,내원,,내원,내원,내원,내원,내원,
17216,김원배소아청소년과의원,,내원,,,,,,,
17217,서울중앙의원,내원,내원,,,,,,,
17218,한사랑내과의원,내원,내원,,내원,내원,내원,내원,내원,
17219,연세이명래내과의원,내원,,,내원,내원,내원,,,
17220,인천제일산부인과의원,,,,,,,,내원,
17221,이선덕가정의학과의원,,내원,,,,,,,
17222,김철내과의원,내원,내원,,내원,내원,내원,내원,내원,
17223,한사랑여성의원,,,,,,,,내원,
17224,서울가정의원,,내원,,,,,,,
17225,하기수내과의원,내원,내원,,내원,내원,내원,,,
17226,다정한내과의원,내원,,,내원,내원,내원,,,
17227,인하소아과의원,,내원,,,,,,,
17228,용현가정의원,내원,,,내원,,,,,
17229,열린성모내과의원,내원,,,내원,내원,내원,,,
17230,동아치과병원,,,내원,,,,,,
17231,이인학치과의원,,,내원,,,,,,
17232,신언일치과의원,,,내원,,,,,,
17233,서울바른정치과의원,,,내원,,,,,,
17234,일미치과의원,,,내원,,,,,,
17235,세종치과의원,,,내원,,,,,,
17236,연세박치과의원,,,내원,,,,,,
17237,신진호치과의원,,,내원,,,,,,
17238,강준영치과의원,,,내원,,,,,,
17239,송원빈치과의원,,,내원,,,,,,
17240,김서구치과의원,,,내원,,,,,,
17241,구제훈치과의원,,,내원,,,,,,
17242,전도현치과의원,,,내원,,,,,,
17243,한창수치과의원,,,내원,,,,,,
17244,이동환치과의원,,,내원,,,,,,
17245,현대치과의원,,,내원,,,,,,
17246,이레치과의원,,,내원,,,,,,
17247,최규형치과의원,,,내원,,,,,,
17248,그랜드치과의원,,,내원,,,,,,
17249,박병석치과의원,,,내원,,,,,,
17250,궁인덕치과의원,,,내원,,,,,,
17251,미르샘치과의원,,,내원,,,,,,
17252,이광용치과의원,,,내원,,,,,,
17253,오부부치과의원,,,내원,,,,,,
17254,즐거운치과의원,,,내원,,,,,,
17255,이지부부치과의원,,,내원,,,,,,
17256,주안시민치과의원,,,내원,,,,,,
17257,신동아치과의원,,,내원,,,,,,
17258,우성치과의원,,,내원,,,,,,
17259,연세미치과의원,,,내원,,,,,,
17260,다인치과의원,,,내원,,,,,,
17261,스마일치과의원,,,내원,,,,,,
17262,이경훈치과의원,,,내원,,,,,,
17263,인천미치과의원,,,내원,,,,,,
17264,올플란트치과의원,,,내원,,,,,,
17265,플러스연치과의원,,,내원,,,,,,
17266,굿모닝치과의원,,,내원,,,,,,
17267,디지털허브치과의원,,,내원,,,,,,
17268,엔터치과의원,,,내원,,,,,,
17269,서울원치과의원,,,내원,,,,,,
17270,해피키즈치과의원,,,내원,,,,,,
17271,탄탄치과의원,,,내원,,,,,,
17272,수치과의원,,,내원,,,,,,
17273,학익굿모닝치과의원,,,내원,,,,,,
17274,서울트리니티치과의원,,,내원,,,,,,
17275,노홍범치과의원,,,내원,,,,,,
17276,이편한치과의원,,,내원,,,,,,
17277,행복담은샘치과의원,,,내원,,,,,,
17278,맑은향기치과의원,,,내원,,,,,,
17279,본플란트치과의원,,,내원,,,,,,
17280,지디치과의원,,,내원,,,,,,
17281,상쾌한이치과의원,,,내원,,,,,,
17282,다나치과의원,,,내원,,,,,,
17283,함께하는치과의원,,,내원,,,,,,
17284,바른이치과교정과치과의원,,,내원,,,,,,
17285,용현탑치과의원,,,내원,,,,,,
17286,서울본치과의원,,,내원,,,,,,
17287,연세우리치과의원,,,내원,,,,,,
17288,지디스치과의원,,,내원,,,,,,
17289,주안치과의원,,,내원,,,,,,
17290,미엔아이치과의원,,,내원,,,,,,
17291,이사랑치과의원,,,내원,,,,,,
17292,다온미소치과의원,,,내원,,,,,,
17293,아모르치과의원,,,내원,,,,,,
17294,서울바름치과의원,,,내원,,,,,,
17295,탑치과의원,,,내원,,,,,,
17296,바른플란트치과의원,,,내원,,,,,,
17297,행복드림치과의원,,,내원,,,,,,
17298,마음플란트치과의원,,,내원,,,,,,
17299,하앤박치과의원,,,내원,,,,,,
17300,연세간석치과의원,,,내원,,,,,,
17301,더편한치과의원,,,내원,,,,,,
17302,도화플러스치과의원,,,내원,,,,,,
17303,서울정진치과의원,,,내원,,,,,,
17304,이즐거운치과의원,,,내원,,,,,,
17305,감동e플란트치과의원,,,내원,,,,,,
17306,일미리(1mm)치과의원,,,내원,,,,,,
17307,다온플란트치과의원,,,내원,,,,,,
17308,연세내일치과의원,,,내원,,,,,,
17309,고은치과의원,,,내원,,,,,,
17310,서울정진키즈치과의원,,,내원,,,,,,
17311,퍼스트민치과의원,,,내원,,,,,,
17312,본정치과의원,,,내원,,,,,,
17313,연세세브란스치과의원,,,내원,,,,,,
17314,유어플란트치과의원,,,내원,,,,,,
17315,연세닥터주치과의원,,,내원,,,,,,
17316,연세오늘치과의원,,,내원,,,,,,
17317,임플라인치과의원,,,내원,,,,,,
17318,서울그랜드치과의원,,,내원,,,,,,
17319,꼼꼼치과의원,,,내원,,,,,,
17320,주안시카고치과의원,,,내원,,,,,,
17321,서울바른휘치과의원,,,내원,,,,,,
17322,연세꿈꾸는아이치과의원,,,내원,,,,,,
17323,도화더본치과의원,,,내원,,,,,,
17324,연세채움치과의원,,,내원,,,,,,
17325,365서울앞선치과의원,,,내원,,,,,,
17326,인천항외과의원,내원,,,내원,내원,내원,,,
17327,행복한내과의원,내원,,,내원,내원,내원,내원,내원,
17328,정내과의원,내원,,,내원,내원,내원,,,
17329,고려영상의학과의원,내원,,,,,내원,내원,,
17330,미추산부인과의원,,,,,,,,내원,
17331,미추홀내과의원,내원,,,내원,내원,내원,,,
17332,박병도내과의원,내원,,,내원,내원,내원,내원,내원,
17333,정이비인후과의원,,내원,,,,,,,
17334,서해사랑내과의원,내원,,,내원,내원,내원,내원,내원,
17335,인천헬스케어의원,내원,,,,,,,,
17336,365아이맘의원,,내원,,,,,,,
17337,나무두리소아청소년과의원,,내원,,,,,,,
17338,아이소망산부인과의원,,내원,,,,,,내원,
17339,오세원내과의원,내원,,,,,,,,
17340,속시원내과의원,내원,,,내원,내원,내원,내원,내원,
17341,우리내과의원,내원,,,내원,내원,내원,,,
17342,김은아의건강한내과의원,내원,,,내원,내원,내원,,,
17343,주안지수내과의원,내원,,,내원,내원,내원,,내원,
17344,제일유외과의원,,,,,,,내원,,
17345,서울아산내과의원,내원,,,내원,내원,내원,내원,내원,
17346,맑은코아이비인후과의원,,내원,,,,,,,
17347,주안속튼튼내과의원,내원,,,내원,내원,내원,내원,내원,
17348,연세리더스내과의원,내원,,,내원,내원,내원,내원,내원,
17349,서울상쾌한내과의원,내원,,,내원,내원,내원,내원,내원,
17350,도화탑내과의원,내원,,,내원,내원,내원,내원,내원,
17351,세영산부인과의원,,,,,,,,내원,
17352,와이(Y)편한산부인과의원,,,,,,,,내원,
17353,장편한내과의원,내원,,,내원,내원,내원,내원,내원,
17354,인하여성의원,,,,,,,,내원,
17355,더건강한내과의원,내원,,,내원,내원,내원,내원,내원,
17356,연세예스내과의원,내원,,,내원,내원,내원,,,
17357,아산베스트내과의원,내원,,,내원,내원,내원,내원,내원,
17358,인천위대한내과의원,내원,,,내원,내원,내원,내원,내원,
17359,쑥쑥튼튼소아청소년과의원,,내원,,,,,,,
17360,제이씨(JC)김내과의원,내원,,,내원,내원,내원,내원,내원,
17361,미리봄내과의원,내원,,,내원,내원,내원,내원,내원,
17362,주안퀸와이비여성의원,,,,,,,,내원,
17363,잘보는김내과의원,내원,,,내원,내원,내원,내원,내원,
17364,성모케이(K)외과의원,내원,,,내원,내원,내원,내원,,
17365,더라은치과의원,,,내원,,,,,,
17366,보인미소치과의원,,,내원,,,,,,
17367,한국건강관리협회건강한치과의원,,,내원,,,,,,
17368,서울리더스치과의원,,,내원,,,,,,
17369,에스앤씨(SNC)시카고치과의원,,,내원,,,,,,
17370,학익플러스치과의원,,,내원,,,,,,
17371,(의)나사렛의료재단나사렛국제병원,내원+출장,내원,내원+출장,내원,내원,내원,내원,내원,내원
17372,인천적십자병원,내원,,내원,내원,내원,내원,내원,내원,내원
17373,나래병원,내원,,,내원,내원,내원,내원,내원,
17374,송도우리아이병원,,내원,,,,,,,
17375,우리들소아청소년과의원,,내원,,,,,,,
17376,연세e소아청소년과의원,,내원,,,,,,,
17377,김웅철산부인과의원,,,,,,,,내원,
17378,송내과의원,내원,,,내원,내원,내원,,,
17379,우리산부인과의원,,,,,,,내원,내원,
17380,현대성모의원,내원,,,내원,,내원,,,
17381,이든의원,,내원,,,,,,,
17382,주일중소아청소년과의원,,내원,,,,,,,
17383,최대경여성의원,,,,,,,,내원,
17384,부부내과의원,내원,내원,,내원,,내원,,,
17385,글로벌송도의원,내원,,,내원,,내원,,,
17386,한솔내과의원,내원,내원,,,,내원,,,
17387,이이주내과의원,내원,,,내원,내원,내원,내원,,
17388,송도내과의원,내원,,,내원,내원,,,,
17389,솔이산부인과의원,,,,,,,,내원,
17390,올리브여성의원,,,,,,,내원,내원,
17391,모아소아청소년과.가정의학과의원,,내원,,,,,,,
17392,우리외과의원,내원,,,내원,내원,내원,내원,내원,
17393,서울시카고치과병원,,,내원+출장,,,,,,
17394,22세기서울치과병원,,,내원,,,,,,
17395,송도드림치과의원,,,내원,,,,,,
17396,뉴욕치과의원,,,내원,,,,,,
17397,산치과의원,,,내원,,,,,,
17398,연세치과의원,,,내원,,,,,,
17399,푸른하늘치과의원,,,내원,,,,,,
17400,서울플란트치과의원,,,내원,,,,,,
17401,정민섭치과의원,,,내원,,,,,,
17402,연수청원치과의원,,,내원,,,,,,
17403,이석현치과의원,,,내원,,,,,,
17404,주창범치과의원,,,내원,,,,,,
17405,연수예스치과의원,,,내원,,,,,,
17406,이원준치과의원,,,내원,,,,,,
17407,이든치과의원,,,내원,,,,,,
17408,모든치과의원,,,내원,,,,,,
17409,송주헌치과의원,,,내원,,,,,,
17410,흰돌치과의원,,,내원,,,,,,
17411,이재헌치과의원,,,내원,,,,,,
17412,권호진치과의원,,,내원,,,,,,
17413,필치과의원,,,내원,,,,,,
17414,뿌리샘치과의원,,,내원,,,,,,
17415,박성호치과의원,,,내원,,,,,,
17416,정철웅치과의원,,,내원,,,,,,
17417,송도트리플치과의원,,,내원,,,,,,
17418,열린치과의원,,,내원,,,,,,
17419,푸른치과의원,,,내원,,,,,,
17420,연수치과의원,,,내원,,,,,,
17421,에이스치과의원,,,내원,,,,,,
17422,송도이안치과의원,,,내원,,,,,,
17423,두손치과의원,,,내원,,,,,,
17424,박성철그리고치과의원,,,내원,,,,,,
17425,쥬니어플러스치과의원,,,내원,,,,,,
17426,민트치과의원,,,내원,,,,,,
17427,연수청아치과의원,,,내원,,,,,,
17428,연수부부치과의원,,,내원,,,,,,
17429,연수준치과의원,,,내원,,,,,,
17430,예본플란트치과의원,,,내원,,,,,,
17431,송도위드치과의원,,,내원,,,,,,
17432,연수웰치과의원,,,내원,,,,,,
17433,서울본치과의원,,,내원,,,,,,
17434,송도봄치과의원,,,내원,,,,,,
17435,행복치과의원,,,내원,,,,,,
17436,연수선치과의원,,,내원,,,,,,
17437,두손모아치과의원,,,내원,,,,,,
17438,올에이치과의원,,,내원,,,,,,
17439,굿모닝치과의원,,,내원,,,,,,
17440,센트럴치과의원,,,내원,,,,,,
17441,옥련서울치과의원,,,내원,,,,,,
17442,서울아미치과교정과치과의원,,,내원,,,,,,
17443,미추홀치과의원,,,내원,,,,,,
17444,연수퍼스트치과의원,,,내원,,,,,,
17445,케이라인치과의원,,,내원,,,,,,
17446,센트럴D＆D치과의원,,,내원,,,,,,
17447,송도이플란트치과의원,,,내원,,,,,,
17448,송도굿모닝치과의원,,,내원,,,,,,
17449,이턱플란트치과의원,,,내원,,,,,,
17450,온누리치과의원,,,내원,,,,,,
17451,송도스마일치과의원,,,내원,,,,,,
17452,송도제이치과의원,,,내원,,,,,,
17453,연수센트럴치과의원,,,내원,,,,,,
17454,서울고운이치과의원,,,내원,,,,,,
17455,랜더스치과의원,,,내원,,,,,,
17456,송도퍼스트치과의원,,,내원,,,,,,
17457,달콤어린이치과의원,,,내원,,,,,,
17458,엘리샤인터내셔널치과의원,,,내원,,,,,,
17459,오케이치과의원,,,내원,,,,,,
17460,신세계정치과의원,,,내원,,,,,,
17461,e-편한치과의원,,,내원,,,,,,
17462,스카이치과의원,,,내원,,,,,,
17463,연수새움치과의원,,,내원,,,,,,
17464,송도캠퍼스치과의원,,,내원,,,,,,
17465,연세바른이치과의원,,,내원,,,,,,
17466,서울스마트치과의원,,,내원,,,,,,
17467,연세커낼치과의원,,,내원,,,,,,
17468,송도하버치과의원,,,내원,,,,,,
17469,강남365치과의원,,,내원,,,,,,
17470,연세세이브치과의원,,,내원,,,,,,
17471,이종훈치과교정과치과의원,,,내원,,,,,,
17472,연세아이웰어린이치과의원,,,내원,,,,,,
17473,연수서울치과의원,,,내원,,,,,,
17474,송도웰치과의원,,,내원,,,,,,
17475,지안하늘치과의원,,,내원+출장,,,,,,
17476,서울오라치과의원,,,내원,,,,,,
17477,하나어린이치과의원,,,내원,,,,,,
17478,친절한이치과의원,,,내원,,,,,,
17479,클린연세치주과치과의원,,,내원,,,,,,
17480,송도윤치과의원,,,내원,,,,,,
17481,루아어린이치과의원,,,내원,,,,,,
17482,포레스트치과의원,,,내원,,,,,,
17483,김태건치과의원,,,내원,,,,,,
17484,유펜아리조나치과교정과치과의원,,,내원,,,,,,
17485,연수바른치과의원,,,내원,,,,,,
17486,송도나음치과의원,,,내원,,,,,,
17487,커낼여름치과보존과치과의원,,,내원,,,,,,
17488,송도요셉치과의원,,,내원,,,,,,
17489,랜드마크치과의원,,,내원,,,,,,
17490,서울미시간치과의원,,,내원,,,,,,
17491,송도원치과의원,,,내원,,,,,,
17492,바르게고치과의원,,,내원,,,,,,
17493,리봄치과의원,,,내원,,,,,,
17494,송도바른치과의원,,,내원,,,,,,
17495,모아치과의원,,,내원,,,,,,
17496,삼성바이오치과의원,,,내원,,,,,,
17497,서울조이치과의원,,,내원,,,,,,
17498,송도아인스치과의원,,,내원,,,,,,
17499,연세닥터홍치과교정과의원,,,내원,,,,,,
17500,서울에이앤치과의원,,,내원,,,,,,
17501,이앤권치과의원,,,내원,,,,,,
17502,송도스카이치과의원,,,내원,,,,,,
17503,조용석김세웅치과의원,,,내원,,,,,,
17504,현대의원,,내원,,,,,,,
17505,송도여성의원,,,,,,,,내원,
17506,연세최선내과의원,내원,,,내원,내원,내원,내원,,
17507,송도이.이.주내과의원,내원,,,내원,내원,내원,내원,내원,
17508,마음속내과의원,내원,,,내원,내원,내원,내원,,
17509,이화웰봄소아청소년과의원,,내원,,,,,,,
17510,삼성스마일의원,내원,,,내원,내원,내원,,,
17511,닥터김내과의원,내원,,,내원,내원,내원,,,
17512,메디모아의원,,내원,,,,,,,
17513,아라소아청소년과의원,,내원,,,,,,,
17514,연세소아청소년과의원,,내원,,,,,,,
17515,이성문소아청소년과의원,,내원,,,,,,,
17516,연수이이주내과의원,내원,,,내원,내원,내원,내원,내원,
17517,미래제일산부인과의원,,,,,,,내원,내원,
17518,의료법인이원의료재단이원의원,내원,,,,,,,,
17519,의료법인루가의료재단지안의원,내원+출장,,,내원,내원,내원,내원,내원,
17520,꼬꼬마소아청소년과의원,,내원,,,,,,,
17521,서울삼성내과의원,내원,,,,,내원,,,
17522,연세플러스소아청소년과의원,,내원,,,,,,,
17523,이강연유외과의원,,,,,,,내원,,
17524,밀크소아청소년과의원,,내원,,,,,,,
17525,연세꾸러기소아청소년과의원,,내원,,,,,,,
17526,오렌지소아청소년과의원,,내원,,,,,,,
17527,연수베스트내과의원,내원,,,내원,내원,내원,내원,내원,
17528,송도코엔이비인후과의원,,내원,,,,,,,
17529,브이아이씨(V.I.C)365소아청소년과의원,내원,내원,,,,,,,
17530,옥련삼성내과의원,내원,,,내원,내원,내원,내원,내원,
17531,연수제일내과의원,내원,,,내원,내원,내원,내원,내원,
17532,이솜이비인후과의원,,내원,,,,,,,
17533,온소아청소년과의원,,내원,,,,,,,
17534,송도유외과의원,,,,,,,내원,,
17535,다원여성의원,,,,,,,,내원,
17536,밀레니엄서울내과의원,내원,,,내원,내원,내원,내원,내원,
17537,윰산부인과의원,,,,,,,,내원,
17538,송도베스트내과의원,내원,,,내원,내원,내원,내원,내원,
17539,의료법인마크로젠의료재단진헬스의원,내원,,내원,내원,내원,내원,내원,내원,
17540,코코소아청소년과의원,,내원,,,,,,,
17541,송도맘편한소아청소년과의원,,내원,,,,,,,
17542,송도센트럴내과의원,내원,,,내원,내원,내원,내원,내원,
17543,송도퍼스트내과의원,내원,,,내원,내원,내원,내원,내원,
17544,송도키즈소아청소년과의원,,내원,,,,,,,
17545,건강한내과의원,내원,,,내원,내원,내원,,내원,
17546,연세추의원,내원,,,내원,내원,내원,내원,내원,
17547,아이플렉스소아청소년과의원,,내원,,,,,,,
17548,로이여성의원,,,,,,,,내원,
17549,송도그린소아청소년과의원,,내원,,,,,,,
17550,플러스정형외과의원,내원,,,내원,내원,내원,내원,내원,
17551,송도미래내과의원,내원,,,내원,내원,내원,내원,내원,
17552,시너지내과신경과의원,내원,,,,,내원,,,
17553,송도사랑내과의원,내원,,,내원,,내원,,,
17554,연수리더스내과의원,내원,,,내원,내원,내원,내원,내원,
17555,송도조앤내과의원,내원,,,내원,내원,내원,내원,내원,
17556,곽생로여성의원,,내원,,,,,내원,내원,
17557,송도탑내과의원,내원,,,내원,내원,내원,내원,내원,
17558,송도웰니스내과의원,내원,,,내원,내원,내원,내원,내원,
17559,송도스마트내과의원,내원,,,내원,내원,내원,내원,내원,
17560,송도에이스내과의원,내원,,,내원,내원,내원,내원,내원,
17561,서울고른이치과교정과치과의원,,,내원,,,,,,
17562,서울이도원치과의원,,,내원,,,,,,
17563,연세제일치과의원,,,내원,,,,,,
17564,서울바른치과교정과치과의원,,,내원,,,,,,
17565,송도이든내과의원,내원,,,내원,내원,내원,,,
17566,루틴치과의원,,,내원,,,,,,
17567,한림병원,내원+출장,내원,내원,내원,내원,내원,내원,내원,내원
17568,인천세종병원,내원,,내원,내원,내원,내원,내원,내원,내원
17569,한마음병원,내원,,,내원,내원,내원,내원,내원,
17570,엠앤비여성병원,,,,,,,,내원,
17571,오케이병원,내원,,,,,내원,,,
17572,인천하이병원,내원,,,내원,내원,내원,내원,내원,
17573,인천마디병원,내원,,,내원,내원,내원,내원,내원,
17574,서송병원,내원,,,,,,,,
17575,인천더드림병원,내원,,,내원,내원,내원,내원,,
17576,한가람메디즈의원,,내원,,,,,,,
17577,인천계양속편한내과의원,내원,,,내원,내원,내원,내원,내원,
17578,이선호소아청소년과의원,,내원,,,,,,,
17579,중앙의원,내원,,,,,,,,
17580,최낙원소아청소년과의원,,내원,,,,,,,
17581,강소아청소년과의원,,내원,,,,,,,
17582,한소망소아청소년과의원,,내원,,,,,,,
17583,유석환내과의원,내원,,,내원,내원,내원,내원,내원,
17584,한소망내과의원,내원,,,내원,,내원,,,
17585,연세우리들의원,,내원,,,,,,,
17586,연세의원,,내원,,,,,,,
17587,연세365소아청소년과의원,,내원,,,,,,,
17588,덕수정형외과의원,내원,,,,,,,,
17589,조태민가정의학과의원,,내원,,,,,,,
17590,하나정형외과의원,내원,,,,,,,,
17591,세란성심의원,내원,,,내원,내원,내원,,,
17592,이영은소아청소년과의원,,내원,,,,,,,
17593,하헌돈내과의원,내원,내원,,내원,내원,내원,내원,내원,
17594,제일산부인과의원,,,,,,,,내원,
17595,행복한내과의원,내원,내원,,내원,,내원,,,
17596,효성의원,내원,내원,,내원,,내원,내원,내원,
17597,정의원,,내원,,,,,,,
17598,세브란스의원,내원,내원,,내원,내원,내원,,내원,
17599,하나미엘여성의원,,,,,,,,내원,
17600,연세내과의원,내원,,,내원,내원,내원,내원,내원,
17601,이레소아청소년과의원,,내원,,,,,,,
17602,연세중앙의원,내원,,,,,,,,
17603,임창재내과의원,내원,,,내원,내원,내원,내원,내원,
17604,방규태내과의원,내원,,,내원,내원,내원,,,
17605,두리산부인과두리내과의원,내원,내원,,내원,,내원,,내원,
17606,성모가정의학과의원,,내원,,,,,,,
17607,보람소아청소년과의원,,내원,,,,,,,
17608,키즈웰소아청소년과의원,,내원,,,,,,,
17609,건강한내과의원,내원,,,내원,내원,내원,내원,내원,
17610,오준내과의원,내원,,,내원,,내원,,,
17611,더케이365치과병원,,,내원,,,,,,
17612,엄인석치과의원,,,내원,,,,,,
17613,정우현치과의원,,,내원,,,,,,
17614,계양미치과의원,,,내원,,,,,,
17615,신동인치과의원,,,내원,,,,,,
17616,조영호치과의원,,,내원,,,,,,
17617,국두환치과의원,,,내원,,,,,,
17618,알프스치과의원,,,내원,,,,,,
17619,박진천치과의원,,,내원,,,,,,
17620,임창하치과의원,,,내원,,,,,,
17621,이원근치과의원,,,내원,,,,,,
17622,김계선치과의원,,,내원,,,,,,
17623,임선희치과의원,,,내원,,,,,,
17624,서광원푸른솔치과의원,,,내원,,,,,,
17625,스마일탑치과의원,,,내원,,,,,,
17626,박민호치과의원,,,내원,,,,,,
17627,안진수치과의원,,,내원,,,,,,
17628,신경하치과의원,,,내원,,,,,,
17629,연세마스터즈치과의원,,,내원,,,,,,
17630,우리가족치과의원,,,내원,,,,,,
17631,실로암치과의원,,,내원,,,,,,
17632,큐치과의원,,,내원,,,,,,
17633,박경렬치과의원,,,내원,,,,,,
17634,계산서울치과의원,,,내원,,,,,,
17635,행복치과의원,,,내원,,,,,,
17636,인서울치과의원,,,내원,,,,,,
17637,정원치과의원,,,내원,,,,,,
17638,스마일치과의원,,,내원,,,,,,
17639,이종수치과의원,,,내원,,,,,,
17640,유명치과의원,,,내원,,,,,,
17641,인치과의원,,,내원,,,,,,
17642,권영택치과의원,,,내원,,,,,,
17643,연세치과의원,,,내원,,,,,,
17644,2080치과의원,,,내원,,,,,,
17645,신세계치과의원,,,내원,,,,,,
17646,효성치과의원,,,내원,,,,,,
17647,해담치과의원,,,내원,,,,,,
17648,이사랑치과의원,,,내원,,,,,,
17649,서울명문치과의원,,,내원,,,,,,
17650,두리부부치과의원,,,내원,,,,,,
17651,한사랑치과의원,,,내원,,,,,,
17652,인치과의원,,,내원,,,,,,
17653,탑치과의원,,,내원,,,,,,
17654,이데이치과의원,,,내원,,,,,,
17655,이-편한치과의원,,,내원,,,,,,
17656,튼튼치과의원,,,내원,,,,,,
17657,보스턴웰치과의원,,,내원,,,,,,
17658,연세유앤이치과의원,,,내원,,,,,,
17659,계산청원치과의원,,,내원,,,,,,
17660,명치과의원,,,내원,,,,,,
17661,나움치과의원,,,내원,,,,,,
17662,스마트치과의원,,,내원,,,,,,
17663,이튼치과의원,,,내원,,,,,,
17664,키즈프라임치과의원,,,내원,,,,,,
17665,굿모닝치과의원,,,내원,,,,,,
17666,상아웰치과의원,,,내원,,,,,,
17667,계양수치과의원,,,내원,,,,,,
17668,탑플러스치과의원,,,내원,,,,,,
17669,굿모닝치과의원,,,내원,,,,,,
17670,인천어린이치과의원,,,내원,,,,,,
17671,UP백치과의원,,,내원,,,,,,
17672,동양수치과의원,,,내원,,,,,,
17673,GM치과의원,,,내원,,,,,,
17674,미소진치과의원,,,내원,,,,,,
17675,인천W치과의원,,,내원,,,,,,
17676,연세선치과의원,,,내원,,,,,,
17677,계양스마일치과의원,,,내원,,,,,,
17678,수자인치과의원,,,내원,,,,,,
17679,길치과의원,,,내원,,,,,,
17680,해맑은치과의원,,,내원,,,,,,
17681,은치과의원,,,내원,,,,,,
17682,이엘치과의원,,,내원,,,,,,
17683,하나치과의원,,,내원,,,,,,
17684,연세허브치과의원,,,내원,,,,,,
17685,기분좋은치과의원,,,내원,,,,,,
17686,미소담치과의원,,,내원,,,,,,
17687,계산센트럴치과의원,,,내원,,,,,,
17688,계양가온365치과의원,,,내원,,,,,,
17689,서울하이치과의원,,,내원,,,,,,
17690,한림치과의원,,,내원,,,,,,
17691,모던플란트치과의원,,,내원,,,,,,
17692,한결치과의원,,,내원,,,,,,
17693,계양플란트인치과의원,,,내원,,,,,,
17694,연세자연치과의원,,,내원,,,,,,
17695,연세세브란스치과의원,,,내원,,,,,,
17696,바른길치과의원,,,내원,,,,,,
17697,올스마일치과의원,,,내원,,,,,,
17698,햄치과의원,,,내원,,,,,,
17699,서울정석치과의원,,,내원,,,,,,
17700,아이플러스소아청소년과의원,,내원,,,,,,,
17701,서울메디컬의원,내원,,,내원,내원,,,,
17702,삼성오케이의원,내원,내원,,,,내원,,,
17703,인천편안내과의원,내원,,,,내원,내원,,,
17704,아루카소아청소년과의원,,내원,,,,,,,
17705,하랑산부인과의원,,,,,,,,내원,
17706,계양하루여성외과의원,,,,,,,내원,,
17707,행복한소아청소년과의원,,내원,,,,,,,
17708,하이큐송석호내과의원,내원,,,내원,내원,내원,내원,내원,
17709,365내과연합의원,내원,,,내원,내원,내원,내원,내원,
17710,상우내과의원,내원,,,내원,내원,내원,내원,내원,
17711,건강플러스내과의원,내원,,,내원,내원,내원,,,
17712,유안내과의원,내원,,,내원,내원,내원,,,
17713,김석연내과의원,내원,내원,,내원,내원,내원,내원,내원,
17714,서울백내과의원,내원,,,내원,내원,내원,,,
17715,조은소아청소년과의원,,내원,,,,,,,
17716,비에스코아이비인후과의원,내원,,,,,,,,
17717,마음속내과의원,내원,,,내원,내원,내원,내원,내원,
17718,성모별소아청소년과의원,,내원,,,,,,,
17719,더바른내과의원,내원,,,내원,내원,내원,내원,내원,
17720,삼성백내과의원,내원,,,내원,내원,내원,,,
17721,계양성모산부인과의원,,,,,,,,내원,
17722,닥터봉정민내과의원,내원,,,내원,내원,내원,내원,내원,
17723,더베스트메디컬의원,,내원,,,,,,,
17724,서울신내과의원,내원,,,,,내원,,,
17725,에스산부인과의원,,,,,,,,내원,
17726,연세새봄내과의원,내원,,,,,,,,
17727,365온메디의원,내원,,,내원,내원,내원,내원,내원,
17728,연세위편한내과의원,내원,,,내원,내원,내원,,내원,
17729,계양산치과의원,,,내원,,,,,,
17730,(의)성세의료재단뉴성민병원,내원,,,내원,내원,내원,내원,내원,내원
17731,의료법인루가의료재단나은병원,내원+출장,내원,내원+출장,내원,내원,내원,내원,내원,내원
17732,검단탑병원,내원+출장,내원,내원+출장,내원,내원,내원,내원,내원,내원
17733,온누리병원,내원+출장,내원,,내원,내원,내원,내원,내원,내원
17734,가톨릭관동대학교국제성모병원,내원+출장,,내원,내원,내원,내원,내원,내원,내원
17735,인천연세병원,내원,,,내원,내원,내원,내원,,
17736,노송병원,내원,,,내원,내원,내원,,,
17737,청라여성병원,내원,내원,,내원,내원,내원,내원,내원,
17738,청라연세어린이병원,,내원,,,,,,,
17739,청라좋은병원,,내원,,,,,,,
17740,검단위키즈병원,,내원,,,,,,,
17741,검단조은아이365병원,,내원,,,,,,,
17742,임진영소아청소년과의원,,내원,,,,,,,
17743,임내과의원,내원,,,내원,내원,내원,,,
17744,아이사랑소아청소년과의원,,내원,,,,,,,
17745,인천연합의원,내원,,,내원,내원,내원,내원,내원,
17746,인천복십자의원,내원,,,,,,,,
17747,선소아청소년과의원,,내원,,,,,,,
17748,하이큐홍내과의원,내원,,,내원,내원,내원,내원,내원,
17749,양영표내과의원,내원,,,내원,,내원,,,
17750,이승철소아과의원,,내원,,,,,,,
17751,마리아산부인과의원,내원,,,,,,내원,내원,
17752,안용진내과의원,내원,,,내원,내원,내원,내원,,
17753,우리들산부인과의원,,,,,,,,내원,
17754,이동희소아청소년과의원,,내원,,,,,,,
17755,서인천성모의원,내원,내원,,내원,내원,내원,내원,내원,
17756,김득조내과의원,내원,,,내원,내원,내원,,,
17757,아이(i)제일소아청소년과의원,,내원,,,,,,,
17758,가좌연세소아과의원,,내원,,,,,,,
17759,우리미래소아청소년과의원,,내원,,,,,,,
17760,연세산부인과의원,,,,,,,,내원,
17761,신현승내과의원,내원,,,내원,내원,내원,내원,,
17762,아라서울여성의원,,,,,,,,내원,
17763,엄마와아이들소아청소년과산부인과의원,,내원,,,,,,내원,
17764,연세열린내과의원,내원,,,내원,내원,내원,내원,내원,
17765,정내과의원,내원,,,내원,내원,내원,,,
17766,청라튼튼소아청소년과의원,,내원,,,,,,,
17767,원당연세메디칼의원,,내원,,,,,,,
17768,유앤박소아과의원,,내원,,,,,,,
17769,제일가정의원,,내원,,,,,,,
17770,김경현내과의원,내원,,,내원,내원,내원,,,
17771,하이큐연희내과의원,내원,,,내원,내원,내원,내원,내원,
17772,손태용내과의원,내원,,,,,내원,,,
17773,한사랑산부인과의원,,,,,,,,내원,
17774,그린산부인과의원,,내원,,,,,내원,내원,
17775,조성원내과의원,내원,,,내원,내원,내원,내원,내원,
17776,삼성의원,내원,,,내원,,내원,,,
17777,소망연세의원,내원,내원,,내원,내원,내원,,,
17778,조은내일치과병원,,,내원,,,,,,
17779,예온치과병원,,,내원+출장,,,,,,
17780,박윤현치과의원,,,내원,,,,,,
17781,검암웰치과의원,,,내원,,,,,,
17782,신석치과의원,,,내원,,,,,,
17783,정순민치과의원,,,내원,,,,,,
17784,두진규치과의원,,,내원,,,,,,
17785,오승훈치과의원,,,내원,,,,,,
17786,오세건치과의원,,,내원,,,,,,
17787,서울리더스치과의원,,,내원,,,,,,
17788,수서울치과의원,,,내원,,,,,,
17789,이앤미치과의원,,,내원,,,,,,
17790,석남치과의원,,,내원,,,,,,
17791,이김치과의원,,,내원+출장,,,,,,
17792,이정우치과의원,,,내원,,,,,,
17793,참조은박치과의원,,,내원,,,,,,
17794,서곶이좋은치과의원,,,내원,,,,,,
17795,사과치과의원,,,내원,,,,,,
17796,강남치과의원,,,내원,,,,,,
17797,인치과의원,,,내원,,,,,,
17798,청라퍼스널치과의원,,,내원,,,,,,
17799,원치과의원,,,내원,,,,,,
17800,한솔치과의원,,,내원,,,,,,
17801,미래치과의원,,,내원,,,,,,
17802,노블치과의원,,,내원,,,,,,
17803,현치과의원,,,내원,,,,,,
17804,아이비치과의원,,,내원,,,,,,
17805,이사랑치과의원,,,내원,,,,,,
17806,부치과의원,,,내원,,,,,,
17807,열린치과의원,,,내원,,,,,,
17808,플러스치과의원,,,내원,,,,,,
17809,굿모닝치과의원,,,내원,,,,,,
17810,서울현대치과의원,,,내원,,,,,,
17811,참고은치과의원,,,내원,,,,,,
17812,새하늘치과의원,,,내원,,,,,,
17813,연세조아치과의원,,,내원,,,,,,
17814,검암연세치과의원,,,내원,,,,,,
17815,미소담치과의원,,,내원,,,,,,
17816,모아치과의원,,,내원,,,,,,
17817,타임치과의원,,,내원,,,,,,
17818,이튼치과의원,,,내원,,,,,,
17819,연희수치과의원,,,내원,,,,,,
17820,이편한치과의원,,,내원,,,,,,
17821,미추홀치과의원,,,내원,,,,,,
17822,데일리치과의원,,,내원,,,,,,
17823,청라우림치과의원,,,내원,,,,,,
17824,이안치과의원,,,내원,,,,,,
17825,신현윤치과의원,,,내원,,,,,,
17826,세이프치과의원,,,내원,,,,,,
17827,보스톤클래식치과의원,,,내원,,,,,,
17828,예은치과의원,,,내원,,,,,,
17829,연세플러스치과의원,,,내원,,,,,,
17830,김준영치과의원,,,내원,,,,,,
17831,건플란트치과의원,,,내원,,,,,,
17832,연세림치과의원,,,내원,,,,,,
17833,미소담은치과의원,,,내원,,,,,,
17834,닥터함치과의원,,,내원,,,,,,
17835,청라탑치과의원,,,내원,,,,,,
17836,불로치과의원,,,내원,,,,,,
17837,검암우리치과의원,,,내원,,,,,,
17838,검단어린이치과의원,,,내원,,,,,,
17839,루원치과의원,,,내원,,,,,,
17840,이플러스치과의원,,,내원,,,,,,
17841,행복담은샘치과의원,,,내원,,,,,,
17842,신현굿모닝치과의원,,,내원,,,,,,
17843,예미담치과의원,,,내원,,,,,,
17844,세계로치과의원,,,내원,,,,,,
17845,이사랑부부치과의원,,,내원,,,,,,
17846,서인천연합치과의원,,,내원,,,,,,
17847,드림라인치과교정과치과의원,,,내원,,,,,,
17848,루원닥터유치과의원,,,내원,,,,,,
17849,행복드림치과의원,,,내원,,,,,,
17850,송앤정치과의원,,,내원,,,,,,
17851,나은미소치과의원,,,내원,,,,,,
17852,연세앤치과의원,,,내원,,,,,,
17853,파스텔치과의원,,,내원,,,,,,
17854,모드니치과의원,,,내원,,,,,,
17855,청라오치과의원,,,내원,,,,,,
17856,청라아트치과의원,,,내원,,,,,,
17857,맑은미소치과의원(청라),,,내원,,,,,,
17858,서울보스톤치과의원,,,내원,,,,,,
17859,웰치과의원,,,내원,,,,,,
17860,연희보스톤치과의원,,,내원,,,,,,
17861,지오웰치과의원,,,내원,,,,,,
17862,인천센터치과의원,,,내원+출장,,,,,,
17863,서울삼성치과의원,,,내원,,,,,,
17864,청라이플란트치과의원,,,내원,,,,,,
17865,플란치과의원,,,내원,,,,,,
17866,더바른치과의원,,,내원,,,,,,
17867,청라리더스치과의원,,,내원,,,,,,
17868,닥터케어스치과의원,,,내원,,,,,,
17869,맑은미소치과의원,,,내원,,,,,,
17870,올바른치과의원,,,내원,,,,,,
17871,청라꾸러기치과의원,,,내원,,,,,,
17872,청라치과의원,,,내원,,,,,,
17873,서울샤인치과의원,,,내원,,,,,,
17874,청라퍼스트치과의원,,,내원,,,,,,
17875,청라다온치과의원,,,내원,,,,,,
17876,강플란트치과의원,,,내원,,,,,,
17877,한결치과의원,,,내원,,,,,,
17878,서울탑프란트치과의원,,,내원,,,,,,
17879,서울미소치과의원,,,내원,,,,,,
17880,프라임치과의원,,,내원,,,,,,
17881,연세연희치과의원,,,내원,,,,,,
17882,서울원누리치과의원,,,내원,,,,,,
17883,서울더탑치과의원,,,내원,,,,,,
17884,청라미래치과의원,,,내원,,,,,,
17885,연세센텀치과의원,,,내원,,,,,,
17886,미유치과의원,,,내원,,,,,,
17887,가정21세기치과의원,,,내원,,,,,,
17888,굿닥터신치과의원,,,내원,,,,,,
17889,우수치과의원,,,내원,,,,,,
17890,연세별치과의원,,,내원,,,,,,
17891,연세예쁜미소치과의원,,,내원,,,,,,
17892,스마일365치과의원,,,내원,,,,,,
17893,서울이자라는치과의원,,,내원,,,,,,
17894,연세튼튼치과의원,,,내원,,,,,,
17895,서울가족치과의원,,,내원,,,,,,
17896,검단퍼스트치과의원,,,내원,,,,,,
17897,브라이트치과의원,,,내원,,,,,,
17898,연세꿈꾸는아이치과의원,,,내원,,,,,,
17899,서울바로치과의원,,,내원,,,,,,
17900,리더탑치과의원,,,내원,,,,,,
17901,가정백세플란트치과의원,,,내원,,,,,,
17902,바라던치과의원,,,내원,,,,,,
17903,연세세브란스치과의원,,,내원,,,,,,
17904,피어나치과교정과치과의원,,,내원,,,,,,
17905,루원하다소아치과의원,,,내원,,,,,,
17906,이앤백치과의원,,,내원,,,,,,
17907,늘치과의원,,,내원,,,,,,
17908,치과로와치과의원,,,내원,,,,,,
17909,검단가온치과의원,,,내원,,,,,,
17910,연세검단치과의원,,,내원,,,,,,
17911,인천맥치과의원,,,내원,,,,,,
17912,검단센트럴치과의원,,,내원,,,,,,
17913,검단다온치과의원,,,내원,,,,,,
17914,청라365클리어치과의원,,,내원,,,,,,
17915,파랑새플란트치과의원,,,내원,,,,,,
17916,위드치과의원,,,내원,,,,,,
17917,검단뉴욕치과의원,,,내원,,,,,,
17918,루원퍼스트치과의원,,,내원,,,,,,
17919,바른공감치과의원,,,내원,,,,,,
17920,청라아이비치과의원,,,내원,,,,,,
17921,루원미소치과교정과치과의원,,,내원,,,,,,
17922,나아라치과의원,,,내원,,,,,,
17923,이보다구강악안면외과치과의원,,,내원,,,,,,
17924,이엔수석치과의원,,,내원,,,,,,
17925,바른수치과의원,,,내원,,,,,,
17926,유니콘어린이치과의원,,,내원,,,,,,
17927,바른윤치과의원,,,내원,,,,,,
17928,검암본플란트치과의원,,,내원,,,,,,
17929,연세미시간치과의원,,,내원,,,,,,
17930,청라국제병원,내원,,,내원,내원,내원,,,
17931,사랑소아청소년과의원,,내원,,,,,,,
17932,이푸른소아청소년과의원,,내원,,,,,,,
17933,우리소아과의원,,내원,,,,,,,
17934,금산부인과의원,,,,,,,,내원,
17935,뉴서울여성의원,내원,,,,,,내원,내원,
17936,강남산부인과의원,,,,,,,,내원,
17937,연세항외과의원,내원,,,내원,내원,,,,
17938,위편한내과의원,내원,,,내원,내원,내원,,,
17939,서울정형외과의원,내원+출장,,,내원,내원,내원,내원,내원,
17940,이해림산부인과의원,,,,,,,,내원,
17941,마트소아청소년과의원,,내원,,,,,,,
17942,가좌성모의원,내원,,,,,,,,
17943,검단서울여성의원,,,,,,,내원,내원,
17944,속편안내과의원,내원,,,내원,내원,내원,,,
17945,청라행복내과의원,내원,,,내원,내원,내원,내원,내원,
17946,고영승이비인후과의원,,내원,,,,,,,
17947,해맑은소아청소년과의원,,내원,,,,,,,
17948,아이비소아청소년과의원,,내원,,,,,,,
17949,연세가정의학과의원,내원,내원,,,,,,,
17950,청라건강한내과의원,내원,,,내원,내원,내원,내원,내원,
17951,권창규소아청소년과의원,,내원,,,,,,,
17952,길벗내과의원,내원,,,내원,내원,내원,,,
17953,우리편한내과의원,내원,,,내원,내원,내원,내원,내원,
17954,보아스이비인후과의원,,내원,,,,,,,
17955,코안이비인후과의원,,내원,,,,,,,
17956,마전참사랑의원,,내원,,,,,,,
17957,사과나무소아청소년과의원,,내원,,,,,,,
17958,문내과의원,내원,,,내원,내원,내원,내원,내원,
17959,다봄내과의원,내원,,,내원,내원,내원,내원,내원,
17960,365별소아청소년과의원,,내원,,,,,,,
17961,속편한의원,내원,,,내원,내원,내원,,,
17962,청라나눔내과의원,내원,,,내원,내원,내원,내원,내원,
17963,검단나은의원,내원,,,내원,내원,내원,내원,내원,
17964,다정한내과의원,내원,,,내원,내원,내원,내원,내원,
17965,새빛튼튼의원,,내원,,,,,,,
17966,미래안소아청소년과의원,,내원,,,,,,,
17967,검암우리손내과의원,내원,,,내원,내원,내원,내원,내원,
17968,365플러스의원,,내원,,,,,,,
17969,우리탑내과의원,내원,,,내원,내원,내원,,,
17970,인천수내과의원,내원,,,,,,,,
17971,유승진내과의원,내원,,,내원,내원,내원,,,
17972,행복한가정의학과의원,,내원,,,,,,,
17973,더나아산부인과의원,,,,,,,내원,내원,
17974,검단서유승내과의원,내원,,,내원,내원,내원,,,
17975,이주영미즈영상의학과의원,,,,,,,내원,,
17976,청라미소소아청소년과의원,,내원,,,,,,,
17977,킹소아청소년과의원,,내원,,,,,,,
17978,우리베스트내과의원,내원,,,내원,내원,내원,내원,내원,
17979,이음소아청소년과의원,,내원,,,,,,,
17980,행복백세내과의원,내원,,,,,내원,,,
17981,연세장튼튼의원,내원,,,내원,내원,내원,내원,내원,
17982,연세기린소아청소년과의원,,내원,,,,,,,
17983,청라사랑내과의원,내원,,,내원,,내원,,,
17984,삼성퍼스트소아청소년과의원,,내원,,,,,,,
17985,검단이화연합의원,내원,,,,,,,,
17986,청라바른내과의원,내원,,,내원,내원,내원,내원,내원,
17987,꿈꾸는소아청소년과의원,,내원,,,,,,,
17988,위바른내과의원,내원,,,내원,내원,내원,내원,내원,
17989,루원성모내과의원,내원,,,내원,내원,내원,,,
17990,검암연세내과의원,내원,,,내원,내원,내원,,,
17991,삼성플러스유외과의원,,,,,,,내원,,
17992,튼튼나무소아청소년과의원,,내원,,,,,,,
17993,검단다정의원,,내원,,,,,,,
17994,아산큰내과의원,내원,,,내원,내원,내원,내원,내원,
17995,검단이엠365의원,내원,내원,,,,,,,
17996,태헬스케어의원,내원,,,내원,내원,내원,내원,내원,
17997,아솔내과의원,내원,,,내원,내원,내원,내원,내원,
17998,든든내과의원,내원,,,내원,내원,내원,내원,내원,
17999,홍앤장내과의원,내원,,,내원,내원,내원,내원,내원,
18000,검단아라산부인과의원,,,,,,,내원,내원,
18001,루원탑내과의원,내원,,,내원,내원,내원,내원,내원,
18002,더바른성모내과의원(The바른성모내과의원),내원,,,내원,내원,내원,내원,내원,
18003,검단스마트내과의원,내원,,,내원,내원,내원,내원,내원,
18004,루원튼튼365소아청소년과의원,,내원,,,,,,,
18005,연세조내과의원,내원,,,내원,내원,내원,내원,내원,
18006,검단항외과의원,내원,,,내원,내원,,,,
18007,검단성모산부인과의원,,,,,,,,내원,
18008,청라이엠365의원,내원,,,,,,,,
18009,성모굿내과의원,내원,,,내원,내원,내원,,,
18010,나라여성의원,,,,,,,,내원,
18011,청라베스트365의원,내원,,,내원,내원,내원,내원,내원,
18012,안앤정치과의원,,,내원,,,,,,
18013,참플란트치과의원,,,내원,,,,,,
18014,스마트치과의원,,,내원,,,,,,
18015,연세어린이치과의원,,,내원,,,,,,
18016,뉴욕리더스치과의원,,,내원,,,,,,
18017,애플산부인과의원,,,,,,,,내원,
18018,신검단아이꿈소아청소년과의원,,내원,,,,,,,
18019,탑키즈소아청소년과의원,,내원,,,,,,,
18020,검단일등치과의원,,,내원,,,,,,
18021,비에스종합병원,내원,,내원,내원,내원,내원,내원,내원,내원
18022,의료법인해인의료재단강화병원,내원,내원,,내원,내원,내원,,내원,
18023,남궁내과의원,내원,,,내원,,내원,,,
18024,에바다의원,,,,,,,,내원,
18025,인성의원,내원,,,내원,내원,내원,내원,,
18026,드림소아청소년과의원,,내원,,,,,,,
18027,서울치과의원,,,내원,,,,,,
18028,고려치과의원,,,내원,,,,,,
18029,오치과의원,,,내원,,,,,,
18030,이편한치과의원,,,내원,,,,,,
18031,온수플러스치과의원,,,내원,,,,,,
18032,강화치과의원,,,내원,,,,,,
18033,건플란트치과의원,,,내원,,,,,,
18034,강화바른치과의원,,,내원,,,,,,
18035,강화군보건소,내원,내원,내원+출장,,,,,,
18036,유여성의원,,,,,,,,내원,
18037,임성식내과의원,내원,,,내원,내원,내원,,,
18038,마니55플란트치과의원,,,내원,,,,,,
18039,의료법인길의료재단길병원,내원+출장,,내원+출장,내원,내원,내원,내원,내원,내원
18040,인천힘찬종합병원,내원+출장,내원,내원+출장,내원,내원,내원,내원,내원,내원
18041,전병원,내원,,,내원,내원,내원,내원,내원,
18042,모두병원,내원,,,내원,내원,내원,내원,,
18043,국제바로병원,내원,,,내원,내원,내원,내원,내원,
18044,대찬병원,내원,,,내원,내원,내원,,,
18045,서울바른척도병원,내원,,,내원,내원,내원,내원,,
18046,연세와병원,내원,,,내원,내원,내원,내원,내원,
18047,새희망병원,내원,,,,,,,,
18048,장앤탑내과재활의학과의원,내원,,,내원,내원,내원,,,
18049,인구보건복지협회인천지회가족보건의원,내원,내원,,내원,내원,내원,내원,내원,
18050,박재홍내과의원,내원,,,내원,내원,내원,내원,내원,
18051,다정한소아청소년과의원,,내원,,,,,,,
18052,이광래내과의원,내원,,,내원,내원,내원,내원,내원,
18053,파티마의원,내원,,,내원,,내원,,,
18054,세란내과의원,내원,,,내원,내원,내원,내원,내원,
18055,맹소아청소년과의원,,내원,,,,,,,
18056,노상수소아청소년과의원,,내원,,,,,,,
18057,연세내과의원,내원,,,내원,내원,내원,내원,,
18058,세브란스의원,내원,내원,,내원,내원,내원,내원,내원,
18059,한마음산부인과의원,,,,,,,,내원,
18060,연세가정의원,내원,내원,,,,,,,
18061,다정산부인과의원,,,,,,,내원,내원,
18062,연세아이(i)소아청소년과의원,,내원,,,,,,,
18063,연세짱소아청소년과의원,,내원,,,,,,,
18064,고은소아청소년과의원,,내원,,,,,,,
18065,양소아청소년과의원,,내원,,,,,,,
18066,서울내과의원,내원,내원,,내원,내원,내원,,,
18067,장태일내과의원,내원,,,내원,내원,내원,내원,내원,
18068,웰연합의원,,내원,,,,,,,
18069,한빛산부인과의원,,,,,,,,내원,
18070,정우식소아청소년과의원,,내원,,,,,,,
18071,논현이이주내과의원,내원,,,내원,내원,내원,내원,,
18072,추원석내과의원,내원,,,내원,내원,내원,,,
18073,이형원소아청소년과의원,,내원,,,,,,,
18074,한사랑의원,내원,내원,,,,내원,,내원,
18075,최재빈가정의학과의원,,내원,,,,,,,
18076,속시원한내과의원,내원,,,내원,내원,내원,,,
18077,속편한내과의원,내원,,,내원,내원,내원,내원,내원,
18078,153신경외과의원,내원,,,,,,,,
18079,박지원산부인과의원,,,,,,,,내원,
18080,아이사랑소아청소년과의원,,내원,,,,,,,
18081,우리가족의원,내원,내원,,내원,,내원,,,
18082,인하내과의원,내원,,,내원,내원,내원,내원,내원,
18083,서울센트리얼치과병원,,,내원,,,,,,
18084,센트럴청원치과의원,,,내원,,,,,,
18085,김유진치과의원,,,내원,,,,,,
18086,고치과의원,,,내원,,,,,,
18087,정광수치과의원,,,내원,,,,,,
18088,간석서울치과의원,,,내원,,,,,,
18089,정준래치과의원,,,내원,,,,,,
18090,다이아몬드치과의원,,,내원,,,,,,
18091,연세김치과의원,,,내원,,,,,,
18092,청치과의원,,,내원,,,,,,
18093,인천모아치과의원,,,내원,,,,,,
18094,연세차치과의원,,,내원,,,,,,
18095,연세치과의원,,,내원,,,,,,
18096,김종화치과의원,,,내원,,,,,,
18097,미소담치과의원,,,내원,,,,,,
18098,남촌치과의원,,,내원,,,,,,
18099,플러스치과의원,,,내원,,,,,,
18100,인향치과의원,,,내원,,,,,,
18101,미소시티치과의원,,,내원,,,,,,
18102,용치과의원,,,내원,,,,,,
18103,제일청원치과의원,,,내원,,,,,,
18104,유승원치과의원,,,내원,,,,,,
18105,오치과의원,,,내원,,,,,,
18106,이아름다운치과의원,,,내원,,,,,,
18107,서울치과의원,,,내원,,,,,,
18108,기쁜우리치과의원,,,내원,,,,,,
18109,바른치과의원,,,내원,,,,,,
18110,김영호치과의원,,,내원,,,,,,
18111,성모치과의원,,,내원,,,,,,
18112,행복한치과의원,,,내원,,,,,,
18113,문상준치과의원,,,내원,,,,,,
18114,간석부부치과의원,,,내원,,,,,,
18115,연세스마트치과의원,,,내원,,,,,,
18116,신명치과의원,,,내원,,,,,,
18117,김형수치과의원,,,내원,,,,,,
18118,푸른치과의원,,,내원,,,,,,
18119,인천예치과의원,,,내원,,,,,,
18120,창대치과의원,,,내원,,,,,,
18121,소래사랑치과의원,,,내원,,,,,,
18122,밝은햇빛치과의원,,,내원,,,,,,
18123,포도나무치과의원,,,내원,,,,,,
18124,주사랑치과의원,,,내원,,,,,,
18125,상아치과의원,,,내원,,,,,,
18126,논현이편한치과의원,,,내원,,,,,,
18127,우리치과의원,,,내원,,,,,,
18128,선치과의원,,,내원,,,,,,
18129,세종고운이치과의원,,,내원,,,,,,
18130,조은치과의원,,,내원,,,,,,
18131,탑치과의원,,,내원,,,,,,
18132,도림이편한치과의원,,,내원,,,,,,
18133,프린스앤프린세스치과의원,,,내원,,,,,,
18134,행복한치과의원,,,내원,,,,,,
18135,프라임치과의원,,,내원,,,,,,
18136,간석굿모닝치과의원,,,내원,,,,,,
18137,허브치과의원,,,내원,,,,,,
18138,미소하나치과의원,,,내원,,,,,,
18139,샘모아치과의원,,,내원,,,,,,
18140,오케이치과의원,,,내원,,,,,,
18141,서울스타치과의원,,,내원,,,,,,
18142,서울좋은치과의원,,,내원,,,,,,
18143,서울미치과의원,,,내원,,,,,,
18144,주안상쾌한치과의원,,,내원,,,,,,
18145,노블리안치과의원,,,내원,,,,,,
18146,행복을심는치과의원,,,내원,,,,,,
18147,아름다운모아치과의원,,,내원,,,,,,
18148,논현사랑치과의원,,,내원,,,,,,
18149,서울플러스치과의원,,,내원+출장,,,,,,
18150,이미지치과의원,,,내원,,,,,,
18151,현대치과보철과치과의원,,,내원,,,,,,
18152,엔치과의원,,,내원,,,,,,
18153,아산바우치과의원,,,내원,,,,,,
18154,새이치과의원,,,내원,,,,,,
18155,연세느티나무치과의원,,,내원,,,,,,
18156,닥터스마일치과의원,,,내원,,,,,,
18157,구월백세플란트치과의원,,,내원,,,,,,
18158,간석우리치과의원,,,내원,,,,,,
18159,논현함박웃음치과의원,,,내원,,,,,,
18160,드림하이치과의원,,,내원,,,,,,
18161,레몬트리치과의원,,,내원,,,,,,
18162,다비안치과의원,,,내원,,,,,,
18163,블루앤치과의원,,,내원,,,,,,
18164,서울미소치과의원,,,내원,,,,,,
18165,연세웰키즈치과의원,,,내원,,,,,,
18166,희망모아치과의원,,,내원,,,,,,
18167,연세세린치과의원,,,내원,,,,,,
18168,본치과의원,,,내원,,,,,,
18169,뉴욕치과의원,,,내원,,,,,,
18170,휴먼치과의원,,,내원,,,,,,
18171,서울나란이치과의원,,,내원,,,,,,
18172,튼튼아이치과의원,,,내원,,,,,,
18173,모래내치과의원,,,내원,,,,,,
18174,아름드림치과의원,,,내원,,,,,,
18175,물방울치과의원,,,내원,,,,,,
18176,에코올리브치과의원,,,내원,,,,,,
18177,보미퍼스트치과의원,,,내원,,,,,,
18178,라은치과의원,,,내원,,,,,,
18179,리더스청원치과의원,,,내원,,,,,,
18180,서울이사랑치과의원,,,내원,,,,,,
18181,퍼스트치과의원,,,내원,,,,,,
18182,바른이플란트치과의원,,,내원,,,,,,
18183,미소준치과의원,,,내원,,,,,,
18184,삼성서울치과의원,,,내원,,,,,,
18185,연세위치과의원,,,내원,,,,,,
18186,행복한쥬니어치과의원,,,내원,,,,,,
18187,연세바로치과교정과치과의원,,,내원,,,,,,
18188,연세위드치과의원,,,내원,,,,,,
18189,미소미치과의원,,,내원,,,,,,
18190,두리치과의원,,,내원,,,,,,
18191,하늘부부치과의원,,,내원,,,,,,
18192,참조은치과의원,,,내원,,,,,,
18193,예쁜선치과교정과치과의원,,,내원,,,,,,
18194,서울한마음치과의원,,,내원,,,,,,
18195,서울아페리온치과의원,,,내원,,,,,,
18196,서울에스(S)클래스치과의원,,,내원,,,,,,
18197,서울스카이치과의원,,,내원,,,,,,
18198,바른플란트치과의원,,,내원,,,,,,
18199,서울수치과의원,,,내원,,,,,,
18200,우리가족치과의원,,,내원,,,,,,
18201,소래미소치과의원,,,내원,,,,,,
18202,바른공감치과의원,,,내원,,,,,,
18203,연세반트치과교정과치과의원,,,내원,,,,,,
18204,구월키즈웰치과의원,,,내원,,,,,,
18205,백세튼튼플란트치과의원,,,내원,,,,,,
18206,송플란트치과의원,,,내원,,,,,,
18207,아이마음어린이치과의원,,,내원,,,,,,
18208,유디논현치과의원,,,내원,,,,,,
18209,모든이치과의원,,,내원,,,,,,
18210,서울바른정치과의원,,,내원,,,,,,
18211,해맑은치과의원,,,내원,,,,,,
18212,유퍼스트치과의원,,,내원,,,,,,
18213,세란치과의원,,,내원,,,,,,
18214,치유치과의원,,,내원,,,,,,
18215,인천수치과의원,,,내원,,,,,,
18216,이(e)-밝은치과의원,,,내원,,,,,,
18217,구월의치과의원,,,내원,,,,,,
18218,연세이룸치과의원,,,내원,,,,,,
18219,서울올리브치과의원,,,내원,,,,,,
18220,서울365치과의원,,,내원,,,,,,
18221,서울정플란트치과의원,,,내원,,,,,,
18222,더365치과의원,,,내원,,,,,,
18223,예온치과의원,,,내원,,,,,,
18224,올플란트치과의원,,,내원,,,,,,
18225,올바로치과의원,,,내원,,,,,,
18226,서울이해드림치과의원,,,내원,,,,,,
18227,예플러스치과의원,,,내원,,,,,,
18228,감동플란트치과의원,,,내원,,,,,,
18229,이좋은치과의원,,,내원,,,,,,
18230,뿌리요양병원,내원+출장,,내원+출장,내원,내원,내원,내원,내원,
18231,예스메디칼의원,내원,,,내원,내원,내원,내원,내원,
18232,리앤아이산부인과의원,,내원,,,,,,내원,
18233,조영복내과의원,내원,,,내원,내원,내원,내원,내원,
18234,21세기미소내과의원,내원,내원,,,,내원,,,
18235,봄빛소아청소년과의원,,내원,,,,,,,
18236,소화소아청소년과의원,,내원,,,,,,,
18237,조수신소아청소년과의원,,내원,,,,,,,
18238,바른성모내과의원,내원,내원,,내원,내원,내원,,,
18239,아이미즈산부인과의원,,,,,,,내원,내원,
18240,이앤박이비인후과의원,,내원,,,,,,,
18241,연세똘똘이소아청소년과의원,,내원,,,,,,,
18242,연세예소아청소년과의원,,내원,,,,,,,
18243,서창내과의원,내원,,,내원,내원,내원,내원,내원,
18244,인천속내과의원,내원,,,내원,내원,내원,내원,내원,
18245,늘푸른내과의원,내원,,,내원,내원,내원,,내원,
18246,서울삼성내과의원,내원,,,내원,내원,내원,내원,내원,
18247,마이비산부인과의원,,,,,,,,내원,
18248,주안상쾌한속내과의원,내원,,,내원,내원,내원,내원,내원,
18249,키즈웰소아청소년과의원,,내원,,,,,,,
18250,성모류마내과의원,내원,,,,,내원,,,
18251,연세수소아청소년과의원,,내원,,,,,,,
18252,논현사랑내과의원,내원,,,내원,내원,내원,내원,내원,
18253,향촌사랑내과의원,내원,,,내원,내원,내원,,,
18254,열린이비인후과의원,,내원,,,,,,,
18255,논현새로운내과의원,내원,,,내원,내원,내원,내원,내원,
18256,삼성성심의원,내원,,,,,,,,
18257,모래내굿모닝내과의원,내원,,,내원,내원,내원,,,
18258,열린가정의학과의원,내원,,,내원,내원,내원,내원,내원,
18259,로앤산부인과의원,,,,,,,,내원,
18260,참조은내과의원,내원,내원,,내원,,내원,,,
18261,밝은미래소아청소년과의원,,내원,,,,,,,
18262,삼성베스트내과의원,내원,,,내원,내원,내원,,,
18263,장튼튼내과의원,내원,,,내원,내원,내원,내원,내원,
18264,휴내과의원,내원,,,내원,내원,내원,내원,내원,
18265,세인트여성의원,,,,,,,,내원,
18266,조은아산내과의원,내원,,,내원,내원,내원,내원,내원,
18267,연세플러스소아청소년과의원,,내원,,,,,,,
18268,이화웰소아청소년과의원,,내원,,,,,,,
18269,더웰내과의원,내원,,,내원,내원,내원,내원,내원,
18270,삼성드림소아청소년과의원,,내원,,,,,,,
18271,튼튼소아청소년과의원,,내원,,,,,,,
18272,미듬메디컬의원,내원,,,,내원,내원,,,
18273,논현탑내과의원,내원,,,내원,내원,내원,내원,내원,
18274,최은혜소아청소년과의원,,내원,,,,,,,
18275,서창코아이비인후과의원,,내원,,,,,,,
18276,정을식내과의원,내원,,,내원,내원,내원,내원,내원,
18277,서울아이비에프여성의원,,,,,,,,내원,
18278,서연아이여성의원,,,,,,,,내원,
18279,한희연소아청소년과의원,,내원,,,,,,,
18280,삼성외과의원,내원,,,내원,내원,내원,내원,내원,
18281,이샘별소아청소년과의원,,내원,,,,,,,
18282,서창제이산부인과의원,,,,,,,,내원,
18283,우리내과의원,내원,,,내원,내원,내원,내원,,
18284,더사랑소아청소년과의원,,내원,,,,,,,
18285,장편한내과의원,내원,,,내원,내원,내원,내원,내원,
18286,새날의료소비자생활협동조합새날의원,내원,,,,,,,,
18287,서창사랑내과의원,내원,,,내원,내원,내원,내원,,
18288,상쾌한속내과의원,내원,,,내원,내원,내원,내원,내원,
18289,정이가는내과의원,내원,,,내원,내원,내원,내원,내원,
18290,연세소래메디칼의원,내원,,,,,,,,
18291,더편한장사랑내과의원,내원,,,내원,내원,내원,내원,내원,
18292,딸기소아청소년과의원,,내원,,,,,,,
18293,더편한장내과의원,내원,,,내원,내원,내원,내원,내원,
18294,아시아드내과의원,내원,,,내원,내원,내원,내원,내원,
18295,더편항외과가정의학과의원,내원,,,내원,내원,내원,내원,내원,
18296,최앤박내과의원,내원,,,내원,내원,내원,내원,,
18297,아이사랑365소아청소년과의원,,내원,,,,,,,
18298,참좋은부부치과의원,,,내원,,,,,,
18299,서창신세계치과의원,,,내원,,,,,,
18300,가톨릭대학교인천성모병원,내원,,내원,내원,내원,내원,내원,내원,내원
18301,부평세림병원,내원+출장,,내원+출장,내원,내원,내원,내원,내원,내원
18302,근로복지공단인천병원,내원+출장,내원,,내원,내원,내원,내원,내원,내원
18303,새봄여성병원,내원,내원,,,,,내원,내원,
18304,의)상원의료재단부평힘찬병원,내원,,,내원,내원,내원,내원,내원,
18305,다인이비인후과병원,내원,,,내원,내원,내원,,,
18306,의료법인나누리의료재단나누리병원,내원+출장,,,내원,내원,내원,내원,내원,
18307,노내과의원,내원,,,내원,내원,내원,,,
18308,명의원,,내원,,,,,,,
18309,곽소아청소년과의원,,내원,,,,,,,
18310,박소아청소년과의원,,내원,,,,,,,
18311,성모내과의원,내원,,,내원,,내원,,,
18312,푸른소아청소년과의원,,내원,,,,,,,
18313,연세힐텍소아청소년과의원,,내원,,,,,,,
18314,필산부인과의원,,,,,,,,내원,
18315,갈산중앙의원,내원,,,내원,,,,,
18316,이기섭내과의원,내원,,,내원,,내원,,,
18317,안정경내과의원,내원,,,내원,내원,내원,,,
18318,파티마산부인과의원,,,,,,,,내원,
18319,동수녹십자의원,내원,,,내원,내원,내원,내원,내원,
18320,부평내과의원,내원,,,내원,내원,내원,내원,,
18321,연세베스트항외과의원,내원,,,,내원,,,,
18322,부개성누가의원,내원,,,,,,,,
18323,박가정의학과의원,내원,,,내원,내원,내원,내원,내원,
18324,정드림메디컬의원,내원,,,내원,,내원,내원,내원,
18325,김소아청소년과의원,,내원,,,,,,,
18326,삼산명의원,,내원,,,,,,,
18327,연세미여성의원,,,,,,,,내원,
18328,이창수소아청소년과의원,,내원,,,,,,,
18329,이상엽소아청소년과의원,,내원,,,,,,,
18330,부평아이들소아청소년과의원,,내원,,,,,,,
18331,에덴여성의원,,,,,,,,내원,
18332,장내과의원,내원,,,내원,내원,내원,,,
18333,연세내과의원,내원,,,내원,내원,내원,내원,내원,
18334,청천가정의원,,내원,,,,,,,
18335,박소영소아청소년과의원,,내원,,,,,,,
18336,부평정진의원,내원,,,내원,내원,내원,,,
18337,연세드림소아청소년과의원,,내원,,,,,,,
18338,인천평화의료복지사회적협동조합평화의원,내원,내원,,내원,내원,내원,내원,내원,
18339,김방수내과의원,내원,내원,,내원,,내원,,,
18340,부평사랑내과의원,내원,,,내원,내원,내원,내원,내원,
18341,부평연세내과의원,내원,,,내원,,내원,,,
18342,선이산부인과의원,,,,,,,,내원,
18343,박현수정형외과의원,내원,,,,,,,,
18344,중앙성모의원,내원,,,내원,내원,내원,,,
18345,좋은내과의원,,내원,,,,,,,
18346,이수금내과의원,내원,내원,,내원,,내원,,,
18347,양선이산부인과의원,,,,,,,,내원,
18348,메디베베소아청소년과의원,,내원,,,,,,,
18349,박상현내과의원,내원,,,내원,내원,내원,내원,내원,
18350,이화산부인과의원,,,,,,,,내원,
18351,성모산부인과의원,,,,,,,,내원,
18352,제일외과의원,내원,,,내원,내원,,,,
18353,꾸러기소아청소년과의원,,내원,,,,,,,
18354,김명주산부인과의원,,,,,,,,내원,
18355,우리가정의원,,내원,,,,,,,
18356,김성화소아청소년과의원,,내원,,,,,,,
18357,자애내과의원,내원,,,내원,내원,내원,,,
18358,구올담치과병원,,,내원+출장,,,,,,
18359,라이브치과병원,,,내원+출장,,,,,,
18360,시카고치과병원,,,내원,,,,,,
18361,연세나무치과의원,,,내원,,,,,,
18362,화이트수치과의원,,,내원,,,,,,
18363,허정치과의원,,,내원,,,,,,
18364,정광용치과의원,,,내원,,,,,,
18365,조재민치과의원,,,내원,,,,,,
18366,뉴욕치과의원,,,내원,,,,,,
18367,최선치과의원,,,내원,,,,,,
18368,박상욱치과의원,,,내원,,,,,,
18369,우리치과의원,,,내원+출장,,,,,,
18370,어르신부평치과의원,,,내원,,,,,,
18371,배형수치과의원,,,내원,,,,,,
18372,진치과의원,,,내원,,,,,,
18373,양해민치과의원,,,내원,,,,,,
18374,문형일치과의원,,,내원,,,,,,
18375,다이아몬드치과의원,,,내원,,,,,,
18376,심재만치과의원,,,내원,,,,,,
18377,안성모치과의원,,,내원,,,,,,
18378,덕수치과의원,,,내원,,,,,,
18379,박승병치과의원,,,내원,,,,,,
18380,오봉운치과의원,,,내원,,,,,,
18381,모두치과의원,,,내원,,,,,,
18382,바른턱얼굴치과의원,,,내원,,,,,,
18383,사과나무치과의원,,,내원,,,,,,
18384,이바르게치과의원,,,내원,,,,,,
18385,민플란트치과의원,,,내원,,,,,,
18386,박기유치과의원,,,내원,,,,,,
18387,365플란트치과의원,,,내원,,,,,,
18388,예건치과의원,,,내원,,,,,,
18389,동아미치과의원,,,내원,,,,,,
18390,예미안치과의원,,,내원,,,,,,
18391,다인치과의원,,,내원,,,,,,
18392,형치과의원,,,내원,,,,,,
18393,웰스치과의원,,,내원,,,,,,
18394,상쾌한치과의원,,,내원,,,,,,
18395,열린치과의원,,,내원,,,,,,
18396,연세담치과의원,,,내원,,,,,,
18397,이다움치과의원,,,내원,,,,,,
18398,이-편한치과의원,,,내원,,,,,,
18399,이-바른치과의원,,,내원,,,,,,
18400,로고스치과의원,,,내원,,,,,,
18401,연세리본치과의원,,,내원,,,,,,
18402,이든치과의원,,,내원,,,,,,
18403,푸른치과의원,,,내원,,,,,,
18404,플란트앤와이필치과의원,,,내원,,,,,,
18405,한결치과의원,,,내원,,,,,,
18406,화이트치과의원,,,내원,,,,,,
18407,굿모닝치과의원,,,내원,,,,,,
18408,부평아름다운치과의원,,,내원,,,,,,
18409,삼산에이스치과의원,,,내원,,,,,,
18410,영플란트치과의원,,,내원,,,,,,
18411,마음편한치과교정과치과의원,,,내원,,,,,,
18412,이-조은치과의원,,,내원,,,,,,
18413,온치과의원,,,내원,,,,,,
18414,굿모닝플러스치과의원,,,내원,,,,,,
18415,부일치과의원,,,내원,,,,,,
18416,밝은내일치과의원,,,내원,,,,,,
18417,부평미소하나치과의원,,,내원,,,,,,
18418,삼산건치과의원,,,내원,,,,,,
18419,연세주니어치과의원,,,내원,,,,,,
18420,한빛치과의원,,,내원,,,,,,
18421,백운부부치과의원,,,내원,,,,,,
18422,경남서울치과의원,,,내원,,,,,,
18423,바른이예쁜이치과의원,,,내원,,,,,,
18424,에이플러스치과의원,,,내원,,,,,,
18425,부평에이스치과의원,,,내원,,,,,,
18426,즐거운치과의원,,,내원,,,,,,
18427,에스에스치과의원,,,내원,,,,,,
18428,내추럴치과의원,,,내원,,,,,,
18429,부평백세플란트치과의원,,,내원,,,,,,
18430,부평우리치과의원,,,내원,,,,,,
18431,서울제일치과의원,,,내원,,,,,,
18432,부평미건치과의원,,,내원,,,,,,
18433,연세비전치과의원,,,내원,,,,,,
18434,디지털해피스치과의원,,,내원,,,,,,
18435,인천평화의료복지사회적협동조합평화치과의원,,,내원,,,,,,
18436,부평센트럴치과의원,,,내원,,,,,,
18437,미래치과의원,,,내원,,,,,,
18438,연세탑치과의원,,,내원,,,,,,
18439,밝은치과21치과의원,,,내원,,,,,,
18440,더블유플러스(W플러스)치과의원,,,내원,,,,,,
18441,하치과의원,,,내원,,,,,,
18442,프라임에스치과교정과치과의원,,,내원,,,,,,
18443,비앤비치과의원,,,내원,,,,,,
18444,연세손치과의원,,,내원,,,,,,
18445,믿음치과의원,,,내원,,,,,,
18446,동암중앙치과의원,,,내원,,,,,,
18447,삼성주니어치과의원,,,내원,,,,,,
18448,서울하늘치과의원,,,내원,,,,,,
18449,동암이레치과의원,,,내원,,,,,,
18450,서울휴치과의원,,,내원,,,,,,
18451,봄치과의원,,,내원,,,,,,
18452,부평스마트치과의원,,,내원,,,,,,
18453,훈치과의원,,,내원,,,,,,
18454,미소부부치과의원,,,내원,,,,,,
18455,서울티플란트치과의원,,,내원,,,,,,
18456,연세이편한치과의원,,,내원,,,,,,
18457,연세성민제치과의원,,,내원,,,,,,
18458,아이사랑치과의원,,,내원,,,,,,
18459,서울리더스치과의원,,,내원,,,,,,
18460,부평탑치과의원,,,내원,,,,,,
18461,사람사랑치과의원,,,내원,,,,,,
18462,바른민치과의원,,,내원,,,,,,
18463,투명플러스치과의원,,,내원,,,,,,
18464,부평나우치과의원,,,내원,,,,,,
18465,올스마일치과의원,,,내원,,,,,,
18466,부개연세치과의원,,,내원,,,,,,
18467,서울이건치과의원,,,내원,,,,,,
18468,이봄치과의원,,,내원,,,,,,
18469,연세이지치과의원,,,내원,,,,,,
18470,맑은샘치과의원,,,내원,,,,,,
18471,김동건바른치과의원,,,내원,,,,,,
18472,베스트치과의원,,,내원,,,,,,
18473,서울하이탑치과의원,,,내원,,,,,,
18474,유디부평치과의원,,,내원,,,,,,
18475,부평유디치과의원,,,내원,,,,,,
18476,2080자연이치과의원,,,내원,,,,,,
18477,올바른김치과의원,,,내원,,,,,,
18478,서울스마트치과의원,,,내원,,,,,,
18479,서울마인드치과의원,,,내원,,,,,,
18480,365서울채움치과의원,,,내원,,,,,,
18481,연세디앤유치과의원,,,내원,,,,,,
18482,더라은치과의원,,,내원,,,,,,
18483,더샵우리치과의원,,,내원,,,,,,
18484,서울바른송치과의원,,,내원,,,,,,
18485,정성담은치과의원,,,내원,,,,,,
18486,에스프라임치과의원,,,내원,,,,,,
18487,동암플란트치과의원,,,내원,,,,,,
18488,연세청천세브란스치과의원,,,내원,,,,,,
18489,새빛미소치과의원,,,내원,,,,,,
18490,365베스트치과의원,,,내원,,,,,,
18491,내마음일등치과의원,,,내원,,,,,,
18492,나란이턱치과교정과의원,,,내원,,,,,,
18493,부평더맑은치과의원,,,내원,,,,,,
18494,연세세브란스치과의원,,,내원,,,,,,
18495,튼튼한연세치과의원,,,내원,,,,,,
18496,정성다함치과의원,,,내원,,,,,,
18497,부평주치과의원,,,내원,,,,,,
18498,푸른솔치과의원,,,내원,,,,,,
18499,부평구보건소,내원,,내원,,,,,,
18500,열린가정의원,,내원,,,,,,,
18501,동암우리내과의원,내원,,,내원,,,,,
18502,호내과의원,내원,,,내원,내원,내원,내원,내원,
18503,전성희내과의원,내원,,,내원,,내원,,,
18504,에이스가정의원,,내원,,,,,,,
18505,수앤미산부인과의원,,,,,,,,내원,
18506,우리들내과의원,내원,,,내원,내원,내원,내원,내원,
18507,하이큐영상의원,내원,,,내원,내원,내원,내원,내원,
18508,우리내과의원,내원,,,내원,내원,내원,,,
18509,삼성미즈산부인과의원,,,,,,,,내원,
18510,참조은내과의원,내원,,,내원,,내원,,,
18511,소망내과의원,내원,,,내원,,내원,,,
18512,연세꿈나무소아청소년과의원,,내원,,,,,,,
18513,미래한솔내과의원,내원,내원,,내원,,내원,,,
18514,행복플러스의원,내원,,,내원,,내원,,,
18515,서울주니어소아청소년과의원,,내원,,,,,,,
18516,행복한소아청소년과의원,,내원,,,,,,,
18517,로로와내과의원,내원,,,내원,내원,내원,내원,내원,
18518,마루내과의원,내원,,,내원,내원,내원,내원,내원,
18519,한화생명(주)인천부속의원,내원,,,,,,,,
18520,정속편안내과의원,내원,,,내원,내원,내원,내원,내원,
18521,한맘의원,,내원,,,,,,,
18522,부평하루여성외과의원,,,,,,,내원,,
18523,인천성모내과의원,내원,,,,,,,,
18524,나은내과의원,내원,,,내원,내원,내원,,,
18525,우리소아청소년과의원,,내원,,,,,,,
18526,부평열린내과의원,내원,내원,,내원,내원,내원,내원,내원,
18527,삼성가정의학과의원,내원,,,,,,,,
18528,푸른가정의학과의원,내원,,,,,,,,
18529,서울드림내과의원,내원,,,내원,내원,내원,,,
18530,부평봄내과의원,내원,,,내원,내원,내원,내원,내원,
18531,애플산부인과의원,,,,,,,,내원,
18532,탁월한내과의원,내원,,,내원,내원,내원,내원,내원,
18533,소문난내과의원,내원,,,내원,내원,내원,내원,내원,
18534,리더스영상의학과의원,내원,,,내원,내원,내원,내원,내원,
18535,서울든든내과의원,내원,,,내원,내원,내원,내원,내원,
18536,인천어바웃유외과의원,,,,,,,내원,,
18537,부평바른내과의원,내원,,,내원,내원,내원,내원,내원,
18538,서울정형외과신경과의원,내원,,,,,,,,
18539,서울퍼스트내과의원,내원,,,내원,내원,내원,내원,내원,
18540,삼성장편한내과의원,내원,,,내원,내원,내원,내원,내원,
18541,88하내과의원,내원,,,내원,내원,내원,,,
18542,브라운소아청소년과의원,,내원,,,,,,,
18543,바른이비인후과소아청소년과의원,,내원,,,,,,,
18544,성모누리의원,내원,,,,,,,,
18545,서울아산내과의원,내원,,,내원,내원,내원,내원,내원,
18546,장이편한내과의원,내원,,,내원,내원,내원,내원,내원,
18547,연세이든소아청소년과의원,,내원,,,,,,,
18548,부평탑내과의원,내원,,,내원,내원,내원,내원,내원,
18549,서울봄산부인과의원,,,,,,,,내원,
18550,성모하와유외과의원,,,,,,,내원,,
18551,키더한성장부평중앙의원,내원,,,,,,,,
18552,삼성베스트내과의원,내원,,,내원,내원,내원,내원,내원,
18553,연세코아내과의원,내원,,,내원,내원,내원,내원,내원,
18554,윤정혜산부인과의원,,,,,,,,내원,
18555,아이조은행복쑥쑥소아청소년과의원,,내원,,,,,,,
18556,유앤미치과의원,,,내원,,,,,,
18557,부평아트치과의원,,,내원,,,,,,
18558,부평맘애든치과의원,,,내원,,,,,,
18559,부평구청천보건지소,,내원,,,,,,,
18560,성모수내과의원,내원,,,내원,내원,내원,내원,내원,
18561,남부치과의원,,,내원,,,,,,
18562,가톨릭대학교성빈센트병원,내원,,,내원,내원,내원,내원,내원,내원
18563,의료법인녹산의료재단동수원병원,내원+출장,내원,내원+출장,내원,내원,내원,내원,내원,내원
18564,아주대학교병원,내원+출장,,내원,내원,내원,내원,내원,내원,내원
18565,의료법인토마스의료재단윌스기념병원,내원,,,내원,내원,내원,내원,내원,내원
18566,의료법인송설의료재단수원백병원,내원,,,내원,내원,내원,내원,내원,
18567,의료법인장산의료재단이춘택병원,내원,내원,,내원,내원,,,,
18568,시온여성병원,내원,내원,,내원,내원,내원,내원,내원,
18569,한독병원,내원,,,내원,,내원,,,
18570,강남여성병원,,,,,,,내원,내원,
18571,의료법인한성재단S서울병원,내원,,,내원,내원,내원,내원,내원,
18572,베데스다병원,내원,,,,,내원,,,
18573,쉬즈메디병원,내원,내원,,내원,,,내원,내원,
18574,버팀병원,내원,,,내원,내원,내원,,,
18575,더웰병원,내원,,,내원,내원,내원,내원,내원,
18576,백성병원,내원,,내원,내원,내원,내원,내원,내원,
18577,매듭병원,내원,,,내원,내원,내원,,,
18578,리베르여성병원,,내원,,,,,내원,내원,
18579,수원아이편한병원,,내원,,,,,,,
18580,학교법인대우학원아주대학교요양병원,내원,,,,,,,,
18581,수원복십자의원,내원,,,,,,,,
18582,(사)인구보건복지협회경기도지회가족보건의원,내원,내원,,내원,내원,내원,내원,내원,
18583,이재옥산부인과의원,,,,,,,,내원,
18584,김민희의원,,내원,,,,,,,
18585,굿닥터소아과의원,,내원,,,,,,,
18586,우리맘소아청소년과의원,내원,내원,,,,,,,
18587,우리의원,,내원,,,,,,,
18588,수원제일산부인과의원,,,,,,,,내원,
18589,김영순내과의원,내원,,,,,내원,,,
18590,대한산업보건협회부설수원의원,내원+출장,,내원+출장,,,,,,
18591,미스미즈산부인과의원,,,,,,,,내원,
18592,성지내과의원,내원,,,내원,내원,내원,내원,내원,
18593,권혁호내과의원,내원,,,내원,내원,내원,내원,내원,
18594,광교우리내과의원,내원,,,내원,내원,내원,,,
18595,심규식내과의원,내원,,,내원,,내원,,,
18596,구완서내과의원,내원,,,,,내원,,,
18597,오앤지산부인과의원,,,,,,,,내원,
18598,차외과의원,내원,,,내원,내원,내원,내원,,
18599,새현대연합의원,내원,,,내원,,내원,,,
18600,삼성중앙내과의원,내원,,,내원,내원,내원,내원,,
18601,위드유내과의원,내원,,,내원,내원,내원,내원,,
18602,하나의원,,내원,,,,,,,
18603,늘푸른소아과의원,,내원,,,,,,,
18604,김영국소아청소년과의원,,내원,,,,,,,
18605,연세산부인과의원,,,,,,,,내원,
18606,의료법인은산의료재단한사랑의원,내원,,,내원,내원,내원,,내원,
18607,연세내과의원,내원,,,내원,내원,내원,,,
18608,황인섭내과임수영소아청소년과의원,내원,내원,,내원,내원,내원,내원,내원,
18609,이화산부인과의원,,,,,,,,내원,
18610,연세소아청소년과의원,,내원,,,,,,,
18611,세브란스산부인과의원,,,,,,,,내원,
18612,홍진희소아청소년과의원,,내원,,,,,,,
18613,신영통삼성내과의원,내원,,,내원,내원,내원,내원,,
18614,이승규내과의원,내원,,,내원,내원,내원,,,
18615,이이형내과의원,내원,,,내원,내원,내원,내원,내원,
18616,차앤박산부인과의원,,,,,,,,내원,
18617,고은맘소아청소년과의원,,내원,,,,,,,
18618,튼튼소아청소년과의원,,내원,,,,,,,
18619,김경희산부인과의원,,,,,,,,내원,
18620,온가족소아청소년과의원,,내원,,,,,,,
18621,박근석김진휘내과의원,내원,,,내원,내원,내원,,,
18622,모아치과병원,,,내원,,,,,,
18623,광교365리움치과병원,,,내원,,,,,,
18624,라운드치과병원,,,내원,,,,,,
18625,소재현치과의원,,,내원,,,,,,
18626,경희마루치과의원,,,내원,,,,,,
18627,서울플란트치과의원,,,내원,,,,,,
18628,진치과의원,,,내원,,,,,,
18629,이강욱치과의원,,,내원,,,,,,
18630,권치과의원,,,내원,,,,,,
18631,서울팀치과의원,,,내원,,,,,,
18632,상쾌한유완진치과의원,,,내원,,,,,,
18633,석치과의원,,,내원,,,,,,
18634,이기권치과의원,,,내원,,,,,,
18635,선치과의원,,,내원,,,,,,
18636,우리마을치과의원,,,내원,,,,,,
18637,연세치과의원,,,내원,,,,,,
18638,유디수원치과의원,,,내원,,,,,,
18639,황사철치과의원,,,내원,,,,,,
18640,김정오치과의원,,,내원,,,,,,
18641,남상수치과의원,,,내원,,,,,,
18642,아주탑치과의원,,,내원,,,,,,
18643,웃는미래치과의원,,,내원,,,,,,
18644,광교문치과의원,,,내원,,,,,,
18645,아이사랑치과의원,,,내원,,,,,,
18646,배한익치과의원,,,내원,,,,,,
18647,이광호치과의원,,,내원,,,,,,
18648,상아치과의원,,,내원,,,,,,
18649,예치과의원,,,내원,,,,,,
18650,함께하는치과의원,,,내원,,,,,,
18651,화서고치과의원,,,내원,,,,,,
18652,임병목치과의원,,,내원,,,,,,
18653,권영애치과의원,,,내원,,,,,,
18654,세실치과의원,,,내원,,,,,,
18655,김이호치과의원,,,내원,,,,,,
18656,영통즐거운치과의원,,,내원,,,,,,
18657,김동윤부부치과의원,,,내원,,,,,,
18658,웅치과의원,,,내원,,,,,,
18659,삼성치과의원,,,내원,,,,,,
18660,선한이웃치과의원,,,내원,,,,,,
18661,김영훈치과의원,,,내원,,,,,,
18662,한양치과의원,,,내원,,,,,,
18663,필치과의원,,,내원,,,,,,
18664,정원치과의원,,,내원,,,,,,
18665,영연세치과의원,,,내원,,,,,,
18666,압구정스마일치과의원,,,내원,,,,,,
18667,한솔치과의원,,,내원,,,,,,
18668,영통서울치과의원,,,내원,,,,,,
18669,해맑은치과의원,,,내원,,,,,,
18670,우리치과의원,,,내원,,,,,,
18671,행복가득치과의원,,,내원,,,,,,
18672,이미지치과의원,,,내원,,,,,,
18673,미소치과의원,,,내원,,,,,,
18674,신영통연세치과의원,,,내원,,,,,,
18675,봄빛치과의원,,,내원,,,,,,
18676,에이블청아치과의원,,,내원,,,,,,
18677,늘푸른치과의원,,,내원,,,,,,
18678,박정배치과의원,,,내원,,,,,,
18679,사랑이꽃피는동산치과의원,,,내원,,,,,,
18680,박현성치과의원,,,내원,,,,,,
18681,영통이편한치과의원,,,내원,,,,,,
18682,남문치과의원,,,내원,,,,,,
18683,세련치과의원,,,내원,,,,,,
18684,녹산굿모닝치과의원,,,내원,,,,,,
18685,하헌석서울치과의원,,,내원,,,,,,
18686,미소인치과교정과치과의원,,,내원,,,,,,
18687,라인플란트치과의원,,,내원,,,,,,
18688,우리미소치과의원,,,내원,,,,,,
18689,피터팬치과의원,,,내원,,,,,,
18690,BNC치과의원,,,내원,,,,,,
18691,아름다운턱치과의원,,,내원,,,,,,
18692,영통민치과의원,,,내원,,,,,,
18693,하하치과의원,,,내원,,,,,,
18694,하늘정원치과의원,,,내원,,,,,,
18695,웰치과의원,,,내원,,,,,,
18696,오케이부부치과의원,,,내원,,,,,,
18697,수원선치과의원,,,내원,,,,,,
18698,꿈동산치과의원,,,내원,,,,,,
18699,참서울치과의원,,,내원,,,,,,
18700,온누리치과의원,,,내원,,,,,,
18701,금하치과의원,,,내원,,,,,,
18702,연세하늘치과의원,,,내원,,,,,,
18703,영통베스트덴치과의원,,,내원,,,,,,
18704,메트로치과의원,,,내원,,,,,,
18705,차앤박치과의원,,,내원,,,,,,
18706,엘포트해피치과의원,,,내원,,,,,,
18707,매산힐스치과의원,,,내원,,,,,,
18708,굿모닝플러스치과의원,,,내원,,,,,,
18709,리빙웰치과의원,,,내원,,,,,,
18710,초이스치과의원,,,내원,,,,,,
18711,이엔조연합치과의원,,,내원,,,,,,
18712,민플러스치과의원,,,내원,,,,,,
18713,미서울치과의원,,,내원,,,,,,
18714,서울수치과의원,,,내원,,,,,,
18715,참고운미소치과교정과치과의원,,,내원,,,,,,
18716,닥터스마일치과의원,,,내원,,,,,,
18717,더갤러리아치과의원,,,내원,,,,,,
18718,수원본치과의원,,,내원,,,,,,
18719,임플라인치과의원,,,내원,,,,,,
18720,플러스사랑이가득한치과의원,,,내원,,,,,,
18721,단아치과의원,,,내원,,,,,,
18722,키즈웰치과의원,,,내원,,,,,,
18723,굿모닝치과의원,,,내원,,,,,,
18724,광교호치과의원,,,내원,,,,,,
18725,브니엘치과의원,,,내원,,,,,,
18726,라임치과의원,,,내원,,,,,,
18727,수원미치과교정과치과의원,,,내원,,,,,,
18728,연세아트치과의원,,,내원,,,,,,
18729,조은치과의원,,,내원,,,,,,
18730,인생치과의원,,,내원,,,,,,
18731,수원탑치과의원,,,내원,,,,,,
18732,The나은치과의원,,,내원,,,,,,
18733,서울샤치과의원,,,내원,,,,,,
18734,좋은나무치과의원,,,내원,,,,,,
18735,리더스치과의원,,,내원,,,,,,
18736,광교삼성화이트치과의원,,,내원,,,,,,
18737,갤러리치과의원,,,내원,,,,,,
18738,연세림치과의원,,,내원,,,,,,
18739,화서올바른치과의원,,,내원,,,,,,
18740,이사랑치과의원,,,내원,,,,,,
18741,삼성이플러스치과의원,,,내원,,,,,,
18742,서울S치과의원,,,내원,,,,,,
18743,서울연치과의원,,,내원,,,,,,
18744,행복한김치과의원,,,내원,,,,,,
18745,광교센트럴치과의원,,,내원,,,,,,
18746,삼성드림치과의원,,,내원,,,,,,
18747,이가영치과의원,,,내원,,,,,,
18748,광교탑치과의원,,,내원,,,,,,
18749,서울예인치과의원,,,내원,,,,,,
18750,더웰치과의원,,,내원+출장,,,,,,
18751,영통하나치과의원,,,내원,,,,,,
18752,수원킹콩치과의원,,,내원,,,,,,
18753,화이트바른이치과교정과치과의원,,,내원,,,,,,
18754,광교본치과의원,,,내원,,,,,,
18755,김기록치과의원,,,내원,,,,,,
18756,삼성바른치과의원,,,내원,,,,,,
18757,고운이치과의원,,,내원,,,,,,
18758,행복을주는치과의원,,,내원,,,,,,
18759,닥터이치과의원,,,내원,,,,,,
18760,리앤초이(LnC)치과의원,,,내원,,,,,,
18761,e튼튼치과의원,,,내원,,,,,,
18762,웃는얼굴치과의원,,,내원,,,,,,
18763,라곰치과의원,,,내원,,,,,,
18764,연세웰키즈치과의원,,,내원,,,,,,
18765,보건치과의원,,,내원,,,,,,
18766,봄봄치과의원,,,내원,,,,,,
18767,퍼스티지치과의원,,,내원,,,,,,
18768,나눔이치과의원,,,내원,,,,,,
18769,고은치과의원,,,내원,,,,,,
18770,서울샤치과교정과치과의원,,,내원,,,,,,
18771,페리오치과의원,,,내원,,,,,,
18772,와이치과의원,,,내원,,,,,,
18773,센텀치과의원,,,내원,,,,,,
18774,프라자치과의원,,,내원,,,,,,
18775,유치과의원,,,내원,,,,,,
18776,봄치과의원,,,내원,,,,,,
18777,광교플란트치과의원,,,내원,,,,,,
18778,새날치과의원,,,내원,,,,,,
18779,서울더리본치과의원,,,내원,,,,,,
18780,시온치과의원,,,내원,,,,,,
18781,웃는E치과교정과치과의원,,,내원,,,,,,
18782,다솜치과의원,,,내원,,,,,,
18783,공감치과의원,,,내원,,,,,,
18784,블리스치과의원,,,내원,,,,,,
18785,서울미소치과의원,,,내원,,,,,,
18786,서울바른치과교정과치과의원,,,내원,,,,,,
18787,더편한치과의원,,,내원,,,,,,
18788,굿스마일치과의원,,,내원,,,,,,
18789,좋은약속치과의원,,,내원,,,,,,
18790,그레이스치과의원,,,내원,,,,,,
18791,예쁜미소치과교정과치과의원,,,내원,,,,,,
18792,보스턴치과의원,,,내원,,,,,,
18793,더에스플란트치과의원,,,내원,,,,,,
18794,우리동네치과의원,,,내원,,,,,,
18795,영통주니어치과의원,,,내원,,,,,,
18796,광교삼성치과의원,,,내원,,,,,,
18797,연세새빛치과의원,,,내원,,,,,,
18798,한성규치과의원,,,내원,,,,,,
18799,광교스카이치과의원,,,내원,,,,,,
18800,심송치과의원,,,내원,,,,,,
18801,인플란트치과의원,,,내원,,,,,,
18802,광교호수구강내과소아치과의원,,,내원,,,,,,
18803,서울쿤스트치과의원,,,내원+출장,,,,,,
18804,삼성플란트치과의원,,,내원,,,,,,
18805,좋은이웃치과의원,,,내원,,,,,,
18806,서울뿌리치과의원,,,내원,,,,,,
18807,수원미르치과의원,,,내원,,,,,,
18808,바른이플란트치과의원,,,내원,,,,,,
18809,연세광교치과의원,,,내원,,,,,,
18810,당신의라이프치과의원,,,내원+출장,,,,,,
18811,형치과교정과치과의원,,,내원,,,,,,
18812,사랑니톡앤턱치과의원,,,내원,,,,,,
18813,연세스토리치과의원,,,내원,,,,,,
18814,서울이건치과의원,,,내원,,,,,,
18815,오늘이행복한치과의원,,,내원,,,,,,
18816,서울도담치과의원,,,내원,,,,,,
18817,연세꼼꼼한치과의원,,,내원,,,,,,
18818,치과다운치과의원,,,내원,,,,,,
18819,치과다운치과교정과치과의원,,,내원,,,,,,
18820,수원연세치과의원,,,내원,,,,,,
18821,스마트한결치과의원,,,내원,,,,,,
18822,스마일강치과의원,,,내원,,,,,,
18823,영통에이스치과의원,,,내원,,,,,,
18824,수원아이온소아치과치과의원,,,내원,,,,,,
18825,미소나무치과의원,,,내원,,,,,,
18826,수원정성치과의원,,,내원,,,,,,
18827,더라인치과의원,,,내원,,,,,,
18828,보스톤미소치과의원,,,내원,,,,,,
18829,서울온가족치과의원,,,내원,,,,,,
18830,연세안심치과의원,,,내원,,,,,,
18831,이올림치과의원,,,내원,,,,,,
18832,사랑심는치과의원,,,내원,,,,,,
18833,플란치과의원,,,내원,,,,,,
18834,수원탑플란트치과의원,,,내원,,,,,,
18835,연세라인업치과교정과의원,,,내원,,,,,,
18836,참잘함한방병원,내원,,,,,,,,
18837,프라임내과의원,내원,,,내원,내원,내원,,,
18838,차소아청소년과의원,,내원,,,,,,,
18839,이지소아청소년과의원,,내원,,,,,,,
18840,서울삼성의원,,내원,,,,,,,
18841,화서강남산부인과의원,,,,,,,,내원,
18842,튼튼사랑소아청소년과의원,,내원,,,,,,,
18843,위드아이소아청소년과의원,,내원,,,,,,,
18844,우리맘산부인과의원,,,,,,,,내원,
18845,광교이안소아청소년과의원,,내원,,,,,,,
18846,강남아산내과의원,내원,,,내원,내원,내원,,,
18847,삼성탑내과의원,내원,,,내원,내원,내원,내원,내원,
18848,연세마리소아청소년과의원,,내원,,,,,,,
18849,아주편한내과의원,내원,,,내원,내원,내원,내원,,
18850,아주맑은소아청소년과의원,,내원,,,,,,,
18851,고려정성의원,내원,내원,,내원,내원,내원,,,
18852,광교내과의원,내원,,,내원,내원,내원,내원,내원,
18853,서울위즈소아청소년과의원,,내원,,,,,,,
18854,고려웰가정의학과의원,,내원,,,,,,,
18855,조정훈유바외과의원,,,,,,,내원,,
18856,삼성행복한내과의원,내원,,,내원,내원,내원,,,
18857,광교윌내과의원,내원,,,내원,내원,내원,내원,내원,
18858,성루카의원,내원,,,내원,내원,내원,내원,내원,
18859,아름다운향기유외과의원,,,,,,,내원,,
18860,로앤산부인과의원,,,,,,,,내원,
18861,광교푸른내과의원,내원,,,내원,내원,내원,,,
18862,김내과의원,내원,,,내원,내원,내원,내원,내원,
18863,휴내과의원,내원,,,내원,내원,내원,내원,내원,
18864,매탄삼성내과의원,내원,,,내원,내원,내원,,,
18865,영통아이언소아청소년과의원,,내원,,,,,,,
18866,정담내과의원,내원,,,내원,내원,내원,,,
18867,365아이랑소아청소년과의원,,내원,,,,,,,
18868,윤상필의원,,내원,,,,,,,
18869,광교제일내과외과의원,내원,,,내원,내원,내원,내원,내원,
18870,문세희여성의원,,,,,,,,내원,
18871,연세혜인내과의원,내원,,,내원,내원,내원,,,
18872,앨리소아청소년과의원,,내원,,,,,,,
18873,광교은산부인과의원,,,,,,,,내원,
18874,서울리더스내과의원,내원,,,내원,내원,내원,내원,내원,
18875,연세진내과의원,내원,,,내원,내원,내원,,,
18876,장편한외과의원,내원,,,내원,내원,,,,
18877,아인성모이비인후과의원,,내원,,,,,,,
18878,조아유외과의원,,,,,,,내원,,
18879,진선미여성의원,,,,,,,,내원,
18880,연세슬기로운소아청소년과의원,,내원,,,,,,,
18881,최지우더블유외과의원,,,,,,,내원,,
18882,서울베스트내과의원,내원,,,내원,내원,내원,내원,내원,
18883,화서탑내과의원,내원,,,내원,내원,내원,내원,내원,
18884,오케이외과의원,내원,,,내원,내원,내원,,,
18885,위플러스내과의원,내원,,,내원,내원,내원,내원,내원,
18886,영통탑내과의원,내원,,,내원,내원,내원,내원,내원,
18887,맑은담내과의원,내원,,,내원,내원,내원,내원,내원,
18888,고등퍼스트내과의원,내원,,,내원,내원,내원,내원,내원,
18889,수원위편한내과의원,내원,,,내원,내원,내원,내원,내원,
18890,연세로이소아청소년과의원,,내원,,,,,,,
18891,연세베스트내과의원,내원,,,내원,내원,내원,내원,내원,
18892,루아산부인과의원,,,,,,,,내원,
18893,광교위드유외과의원,,,,,,,내원,,
18894,아이블리소아청소년과의원,,내원,,,,,,,
18895,삼성봄내과의원,내원,,,내원,내원,내원,내원,내원,
18896,윈산부인과의원,,,,,,,내원,내원,
18897,서울올바른내과의원,내원,,,내원,내원,내원,내원,내원,
18898,정희정제이산부인과의원,,,,,,,,내원,
18899,유레카내과의원,내원,,,내원,내원,내원,내원,내원,
18900,애플산부인과의원,,,,,,,,내원,
18901,비비산부인과의원,,,,,,,,내원,
18902,양진모쏙내과의원,내원,,,내원,내원,내원,,,
18903,봄소아청소년과의원,,내원,,,,,,,
18904,조은이웃연세아주소아청소년과의원,,내원,,,,,,,
18905,서울베스트치과의원,,,내원,,,,,,
18906,연세앤치과의원,,,내원,,,,,,
18907,이후치과의원,,,내원,,,,,,
18908,서울올바른치과의원,,,내원,,,,,,
18909,바른마음치과의원,,,내원,,,,,,
18910,우리의내과의원,내원,,,내원,내원,내원,내원,내원,
18911,이플란트치과의원,,,내원,,,,,,
18912,구름결치과의원,,,내원,,,,,,
18913,차의과학대학교분당차병원,내원,,내원,내원,내원,내원,내원,내원,내원
18914,대진의료재단분당제생병원,내원,내원,내원,내원,내원,내원,내원,내원,내원
18915,국군수도병원,내원,내원,내원,내원,내원,내원,,,
18916,사랑의병원,내원,,,내원,내원,내원,내원,내원,
18917,분당제일여성병원,내원,,,,,,내원,내원,
18918,서울나우병원,내원,,,,내원,내원,,,
18919,보바스기념병원,내원,,,내원,내원,내원,내원,내원,
18920,김소아청소년과의원,,내원,,,,,,,
18921,탁용준내과의원,내원,,,내원,내원,내원,,,
18922,분당여성산부인과의원,,,,,,,,내원,
18923,의료법인메디피아메디피움분당의원,내원+출장,,,내원,내원,내원,내원,내원,
18924,한사랑김경희소아청소년과의원,,내원,,,,,,,
18925,전소아과의원,,내원,,,,,,,
18926,베일러이화산부인과의원,,,,,,,,내원,
18927,배희동내과의원,내원,,,내원,,내원,,,
18928,젊음건강그리고행복의원,내원,,,내원,내원,내원,내원,내원,
18929,황혜영소아과의원,,내원,,,,,,,
18930,한광선소아청소년과의원,,내원,,,,,,,
18931,연세아름소아과의원,,내원,,,,,,,
18932,분당연합의원,내원,,,내원,내원,내원,내원,내원,
18933,서지영소아청소년과의원,,내원,,,,,,,
18934,분당연세산부인과의원,,,,,,,,내원,
18935,푸른소아청소년과의원,,내원,,,,,,,
18936,메디파크산부인과의원,,,,,,,,내원,
18937,분당소아청소년과의원,,내원,,,,,,,
18938,김호수소아과의원,,내원,,,,,,,
18939,늘푸른산부인과의원,,,,,,,,내원,
18940,분당본내과의원,내원,,,,,내원,,,
18941,분당박소아청소년과의원,,내원,,,,,,,
18942,서울중앙내과의원,내원,,,내원,내원,내원,,,
18943,연세두리소아청소년과의원,,내원,,,,,,,
18944,조은소아청소년과의원,,내원,,,,,,,
18945,노블진내과의원,내원,,,내원,,내원,,,
18946,메디파크소아청소년과의원,,내원,,,,,,,
18947,메디파크내과의원,내원,,,내원,내원,내원,내원,,
18948,한양내과의원,내원,,,내원,,내원,,,
18949,연세유앤유외과의원,,,,,,,내원,,
18950,연세베스트외과의원,내원,,,내원,내원,,,,
18951,무지개소아청소년과의원,,내원,,,,,,,
18952,전내과의원,내원,,,내원,,내원,,,
18953,네이브키즈연세소아청소년과의원,,내원,,,,,,,
18954,서현서울내과의원,내원,,,내원,내원,내원,,,
18955,우리영상의학과의원,내원,,,,,내원,내원,,
18956,리체내과신경과의원,내원,,,내원,내원,내원,내원,내원,
18957,드림분당예치과병원,,,내원,,,,,,
18958,밸런스치과병원,,,내원,,,,,,
18959,형치과병원,,,내원,,,,,,
18960,새로분당예치과병원,,,내원,,,,,,
18961,소망치과의원,,,내원,,,,,,
18962,서현치과의원,,,내원,,,,,,
18963,이편한치과의원,,,내원,,,,,,
18964,안진구치과의원,,,내원,,,,,,
18965,두서울치과의원,,,내원,,,,,,
18966,트리폴리스치과의원,,,내원,,,,,,
18967,장세원치과의원,,,내원,,,,,,
18968,서울미치과의원,,,내원,,,,,,
18969,사는기쁨치과의원,,,내원,,,,,,
18970,성가치과의원,,,내원,,,,,,
18971,목길수치과의원,,,내원,,,,,,
18972,초림지세븐치과의원,,,내원,,,,,,
18973,분당상아치과의원,,,내원,,,,,,
18974,조구치과의원,,,내원,,,,,,
18975,분당치과의원,,,내원,,,,,,
18976,토우치과의원,,,내원,,,,,,
18977,지성치과의원,,,내원,,,,,,
18978,박성호치과의원,,,내원,,,,,,
18979,박진치과의원,,,내원,,,,,,
18980,세신치과의원,,,내원,,,,,,
18981,연세이사랑치과의원,,,내원,,,,,,
18982,윤덕상치과의원,,,내원,,,,,,
18983,분당세란치과의원,,,내원,,,,,,
18984,김희삼치과의원,,,내원,,,,,,
18985,문치과의원,,,내원,,,,,,
18986,박상복치과의원,,,내원,,,,,,
18987,류장춘치과의원,,,내원,,,,,,
18988,서울연치과의원,,,내원,,,,,,
18989,노엘치과의원,,,내원,,,,,,
18990,본치과의원,,,내원,,,,,,
18991,연세화이트산타치과의원,,,내원,,,,,,
18992,최낙구치과의원,,,내원,,,,,,
18993,제이치과의원,,,내원,,,,,,
18994,예인치과의원,,,내원,,,,,,
18995,분당하얀치과의원,,,내원,,,,,,
18996,가온치과의원,,,내원,,,,,,
18997,탑치과의원,,,내원,,,,,,
18998,신현대치과의원,,,내원,,,,,,
18999,우방치과의원,,,내원,,,,,,
19000,진익재치과의원,,,내원,,,,,,
19001,분당올치과의원,,,내원,,,,,,
19002,서울SD치과의원,,,내원,,,,,,
19003,안경모치과의원,,,내원,,,,,,
19004,아이사랑치과의원,,,내원,,,,,,
19005,향기로운치과의원,,,내원,,,,,,
19006,한미치과의원,,,내원,,,,,,
19007,나무하나치과의원,,,내원,,,,,,
19008,수치과의원,,,내원,,,,,,
19009,다나치과의원,,,내원,,,,,,
19010,엠디원치과의원,,,내원,,,,,,
19011,한마음치과의원,,,내원,,,,,,
19012,분당NYU치과의원,,,내원,,,,,,
19013,하나치과의원,,,내원,,,,,,
19014,판교우리치과의원,,,내원,,,,,,
19015,샬롬치과의원,,,내원,,,,,,
19016,연세미치과의원,,,내원,,,,,,
19017,심미치과의원,,,내원,,,,,,
19018,연세청춘치과의원,,,내원,,,,,,
19019,하얀이치과의원,,,내원,,,,,,
19020,최승모치과의원,,,내원,,,,,,
19021,분당후즈후치과의원,,,내원,,,,,,
19022,즐거운치과의원,,,내원,,,,,,
19023,트리플에이치과의원,,,내원,,,,,,
19024,유재형치과의원,,,내원,,,,,,
19025,E-호재치과의원,,,내원,,,,,,
19026,서울미래치과의원,,,내원,,,,,,
19027,갤러리e치과의원,,,내원,,,,,,
19028,분당연세치과의원,,,내원,,,,,,
19029,미소웰치과의원,,,내원,,,,,,
19030,조준현치과의원,,,내원,,,,,,
19031,노벨치과의원,,,내원,,,,,,
19032,뷰티플러스치과의원,,,내원,,,,,,
19033,브레이스치과의원,,,내원,,,,,,
19034,메디피움분당치과의원,,,내원+출장,,,,,,
19035,산호세치과의원,,,내원,,,,,,
19036,훼미리치과의원,,,내원,,,,,,
19037,분당웰치과의원,,,내원,,,,,,
19038,연세도앤도치과의원,,,내원,,,,,,
19039,이로운치과의원,,,내원,,,,,,
19040,뉴욕치과의원,,,내원,,,,,,
19041,연세우리치과의원,,,내원,,,,,,
19042,연세이미지치과의원,,,내원,,,,,,
19043,한성치과의원,,,내원,,,,,,
19044,미시간치과의원,,,내원,,,,,,
19045,민치과의원,,,내원,,,,,,
19046,연세고운미소치과의원,,,내원,,,,,,
19047,서울웰치과의원,,,내원,,,,,,
19048,이롬플러스치과의원,,,내원,,,,,,
19049,21세기치과의원,,,내원,,,,,,
19050,파인트리치과의원,,,내원,,,,,,
19051,서울로얄치과의원,,,내원,,,,,,
19052,서울키즈파파치과의원,,,내원,,,,,,
19053,보스턴키즈치과의원,,,내원,,,,,,
19054,미소담치과의원,,,내원,,,,,,
19055,베스티스치과의원,,,내원,,,,,,
19056,제이정치과의원,,,내원,,,,,,
19057,연세보스톤치과의원,,,내원,,,,,,
19058,이한치과의원,,,내원,,,,,,
19059,분당지세븐치과의원,,,내원,,,,,,
19060,연세위브치과의원,,,내원,,,,,,
19061,분당뉴욕치과의원,,,내원,,,,,,
19062,장치영치과의원,,,내원,,,,,,
19063,서울탑치과의원,,,내원,,,,,,
19064,카라치과의원,,,내원,,,,,,
19065,인텔리지치과의원,,,내원,,,,,,
19066,복음치과의원,,,내원,,,,,,
19067,미소선치과의원,,,내원,,,,,,
19068,아름다운치과의원,,,내원,,,,,,
19069,키즈엔젤치과의원,,,내원,,,,,,
19070,수미행치과의원,,,내원,,,,,,
19071,서울N치과의원,,,내원,,,,,,
19072,미금치과의원,,,내원,,,,,,
19073,LA포스치과의원,,,내원,,,,,,
19074,해솔치과의원,,,내원,,,,,,
19075,필립프라임치과의원,,,내원,,,,,,
19076,판교올치과의원,,,내원,,,,,,
19077,분당그린치과의원,,,내원,,,,,,
19078,보스턴완치과의원,,,내원,,,,,,
19079,판교탑치과의원,,,내원,,,,,,
19080,아트앤치과의원,,,내원,,,,,,
19081,연세미소엘치과의원,,,내원,,,,,,
19082,키즈파파치과의원,,,내원,,,,,,
19083,프리미엄치과의원,,,내원,,,,,,
19084,분당삼성치과의원,,,내원,,,,,,
19085,탑플러스치과의원,,,내원,,,,,,
19086,창조치과의원,,,내원,,,,,,
19087,판교어린이치과의원,,,내원,,,,,,
19088,서울원치과의원,,,내원,,,,,,
19089,서울삼성치과의원,,,내원,,,,,,
19090,아이맘치과의원,,,내원,,,,,,
19091,연세나노치과의원,,,내원,,,,,,
19092,연세미소치과의원,,,내원,,,,,,
19093,서울로뎀치과의원,,,내원,,,,,,
19094,분당퍼스트치과의원,,,내원,,,,,,
19095,S플러스치과의원,,,내원,,,,,,
19096,올바른치과의원,,,내원,,,,,,
19097,선치과의원,,,내원,,,,,,
19098,W7치과의원,,,내원,,,,,,
19099,서울Y치과의원,,,내원,,,,,,
19100,연세사랑의치과의원,,,내원,,,,,,
19101,안세미시간치과의원,,,내원,,,,,,
19102,서울이산치과의원,,,내원,,,,,,
19103,사람그리고치과의원,,,내원,,,,,,
19104,웃는하루치과의원,,,내원,,,,,,
19105,분당어린이치과의원,,,내원,,,,,,
19106,피오나치과의원,,,내원,,,,,,
19107,서울에펠치과의원,,,내원,,,,,,
19108,연세CS치과의원,,,내원,,,,,,
19109,메디피움치과의원,,,내원,,,,,,
19110,연세에스치과의원,,,내원,,,,,,
19111,서울로고스치과의원,,,내원,,,,,,
19112,서울더블유치과의원,,,내원,,,,,,
19113,스마일치과의원,,,내원,,,,,,
19114,하늘치과의원,,,내원,,,,,,
19115,엘치과의원,,,내원,,,,,,
19116,서울아름치과의원,,,내원,,,,,,
19117,김진걸치과의원,,,내원,,,,,,
19118,닥터홍치과의원,,,내원,,,,,,
19119,야탑든든한치과의원,,,내원,,,,,,
19120,서울라임치과의원,,,내원,,,,,,
19121,서울미소안치과의원,,,내원,,,,,,
19122,연세아이들치과의원,,,내원,,,,,,
19123,서울하이안치과의원,,,내원,,,,,,
19124,리앤씨치과의원,,,내원,,,,,,
19125,더공감치과의원,,,내원,,,,,,
19126,서울이바른치과교정과치과의원,,,내원,,,,,,
19127,분당형치과의원,,,내원,,,,,,
19128,예림치과의원,,,내원,,,,,,
19129,서울D치과교정과치과의원,,,내원,,,,,,
19130,데일리치과의원,,,내원,,,,,,
19131,수내서울치과의원,,,내원,,,,,,
19132,플란트서울치과의원,,,내원,,,,,,
19133,서울리더스치과의원,,,내원,,,,,,
19134,연희세브란스치과의원,,,내원,,,,,,
19135,보아스치과의원,,,내원,,,,,,
19136,서울패밀리치과의원,,,내원,,,,,,
19137,서울엘리트치과의원,,,내원,,,,,,
19138,연세예치과의원,,,내원,,,,,,
19139,분당건치과의원,,,내원,,,,,,
19140,찬스플란트치과의원,,,내원,,,,,,
19141,김호형웃는치과의원,,,내원,,,,,,
19142,정직한탑치과의원,,,내원,,,,,,
19143,서울하얀치과의원,,,내원,,,,,,
19144,서울턱사랑니치과의원,,,내원,,,,,,
19145,서울더믿음치과의원,,,내원,,,,,,
19146,연세정치과의원,,,내원,,,,,,
19147,홍지호치과의원,,,내원,,,,,,
19148,연세바른치과교정과치과의원,,,내원,,,,,,
19149,서울럭스치과의원,,,내원,,,,,,
19150,서울케이유(KU)치과교정과치과의원,,,내원,,,,,,
19151,연세으뜸치과의원,,,내원,,,,,,
19152,미루나무치과의원,,,내원,,,,,,
19153,더아름다운치과의원,,,내원,,,,,,
19154,연세바로치과교정과치과의원,,,내원,,,,,,
19155,가지런이(e)치과교정과치과의원,,,내원,,,,,,
19156,미금세브란스치과의원,,,내원,,,,,,
19157,연세크리스마스치과의원,,,내원,,,,,,
19158,바른소아치과치과의원,,,내원,,,,,,
19159,판교서울치과교정과치과의원,,,내원,,,,,,
19160,연세위드치과의원,,,내원,,,,,,
19161,제이디치과의원,,,내원,,,,,,
19162,서울퍼펙트치과의원,,,내원,,,,,,
19163,분당미켈란치과의원,,,내원,,,,,,
19164,케이구강악안면외과치과의원,,,내원,,,,,,
19165,마음드림치과의원,,,내원,,,,,,
19166,리볼리치과의원,,,내원,,,,,,
19167,서울하이치과의원,,,내원,,,,,,
19168,프라임치과의원,,,내원,,,,,,
19169,서울린치과교정과의원,,,내원,,,,,,
19170,이창희소아청소년과의원,,내원,,,,,,,
19171,장앤전내과이비인후과의원,,내원,,,,,,,
19172,LH의원,,내원,,,,,,,
19173,필립의원,내원,,,내원,내원,내원,내원,내원,
19174,의료법인진성연세모두의원,내원+출장,,,내원,내원,내원,내원,내원,
19175,예이비인후과의원,,내원,,,,,,,
19176,노유석내과의원,내원,,,내원,,내원,,,
19177,엠디그린의원,내원,,,내원,내원,내원,내원,내원,
19178,분당우리산부인과의원,,,,,,,,내원,
19179,우리가정의학과의원,,내원,,,,,,,
19180,연세유효민내과의원,내원,,,내원,내원,내원,,,
19181,퍼스트소아청소년과의원,,내원,,,,,,,
19182,삼성편한내과의원,내원,,,내원,내원,내원,,,
19183,맑은유영상의학과의원,,,,,,,내원,,
19184,연세더리더스내과의원,내원,,,내원,내원,내원,내원,,
19185,아이들소아청소년과의원,,내원,,,,,,,
19186,21세기미금의원,내원,,,내원,내원,내원,내원,내원,
19187,21세기연세의원,내원,,,내원,내원,내원,내원,내원,
19188,판교연세내과의원,내원,,,내원,내원,내원,내원,내원,
19189,애플소아청소년과의원,,내원,,,,,,,
19190,서울수내과의원,내원,,,내원,내원,내원,,,
19191,이경미산부인과의원,,,,,,,,내원,
19192,메디피움의원,내원,,,내원,내원,내원,내원,내원,
19193,판교연세산부인과의원,,,,,,,,내원,
19194,애플산부인과의원,,,,,,,,내원,
19195,라파이비인후과의원,,내원,,,,,,,
19196,황혜원유외과의원,,,,,,,내원,,
19197,늘해랑소아청소년과의원,,내원,,,,,,,
19198,루비산부인과의원,,,,,,,,내원,
19199,서울삼성내과의원,내원,,,,,내원,,,
19200,티케이정형외과의원,내원,,,,,,,,
19201,서울행복내과의원,내원,,,내원,내원,내원,내원,,
19202,행복한내과의원,내원,,,내원,내원,내원,,,
19203,탑내과의원,내원,,,내원,내원,내원,,,
19204,21세기의원,내원,,,내원,내원,내원,내원,내원,
19205,더엘산부인과의원,,,,,,,,내원,
19206,네이버부속의원,내원,,,,,,,,
19207,분당서울여성의원,,,,,,,,내원,
19208,아라본소아청소년과의원,,내원,,,,,,,
19209,분당삼성내과의원,내원,,,내원,내원,내원,내원,내원,
19210,미나여성의원,,,,,,,,내원,
19211,분당365일의원,내원,,,내원,내원,내원,,,
19212,서울누리의원,내원,,,,,,,,
19213,분당성모이비인후과의원,,내원,,,,,,,
19214,분당유외과의원,,,,,,,내원,,
19215,푸른숲소아청소년과의원,,내원,,,,,,,
19216,판교가온산부인과의원,,,,,,,,내원,
19217,서울리드내과의원,내원,,,내원,내원,내원,내원,내원,
19218,성모편한내과의원,내원,,,내원,내원,내원,,내원,
19219,분당선내과의원,내원,,,내원,내원,내원,내원,내원,
19220,조아산부인과의원,,,,,,,,내원,
19221,리나산부인과의원,,,,,,,,내원,
19222,온봄여성의원,,,,,,,,내원,
19223,에이비씨여성의원,,,,,,,,내원,
19224,삼성에스(S)내과의원,내원,,,내원,내원,내원,내원,내원,
19225,지앤이알파돔메디컬센터의원,내원,,,내원,내원,내원,내원,내원,
19226,판교미래내과의원,내원,,,내원,내원,내원,내원,내원,
19227,판교바른내과의원,내원,,,내원,내원,내원,내원,내원,
19228,웰봄소아청소년과의원,,내원,,,,,,,
19229,세라의원,,,,,,,,내원,
19230,성모원내과의원,내원,,,내원,내원,내원,내원,내원,
19231,연세지니소아청소년과의원,,내원,,,,,,,
19232,연세아이봄여성의원,,,,,,,,내원,
19233,연세우리내과의원,내원,,,내원,내원,내원,,,
19234,봄날에산부인과의원,,,,,,,,내원,
19235,도담소아청소년과의원,,내원,,,,,,,
19236,삼성린산부인과의원,,,,,,,,내원,
19237,티엘씨분당의원,,내원,,,,,,,
19238,서현365의원,,내원,,,,,,,
19239,봄소아청소년과의원,,내원,,,,,,,
19240,분당헤스티아여성의원,,,,,,,,내원,
19241,서현삼성산부인과의원,,,,,,,,내원,
19242,연세웰내과의원,내원,,,내원,내원,내원,내원,내원,
19243,속속린내과의원,내원,,,내원,내원,내원,내원,내원,
19244,오율의원,내원,,,,,,,,
19245,판교이엠365의원,내원,,,,,내원,,,
19246,분당21세기의원,내원,,,내원,내원,내원,내원,내원,
19247,오늘유외과의원,,,,,,,내원,,
19248,서울최편한내과의원,내원,,,내원,내원,내원,내원,내원,
19249,진서울치과의원,,,내원,,,,,,
19250,연세가인치과의원,,,내원,,,,,,
19251,더키성장의원,,내원,,,,,,,
19252,판교자연치과의원,,,내원,,,,,,
19253,경기도의료원의정부병원,내원,내원,내원,내원,내원,내원,내원,내원,내원
19254,가톨릭대학교의정부성모병원,내원,,,내원,내원,내원,내원,내원,내원
19255,의료법인영동의료재단의정부백병원,내원+출장,,내원+출장,내원,내원+출장,내원,내원,내원,내원
19256,추병원,내원,,내원,내원,내원,내원,내원,내원,내원
19257,학교법인을지학원의정부을지대학교병원,내원,,내원,내원,내원,내원,내원,내원,
19258,튼튼어린이병원,,내원,,,,,,,
19259,호원병원,내원,,,내원,내원,내원,내원,내원,
19260,마스터플러스병원,내원,,,내원,내원,내원,내원,내원,
19261,의료법인성베드로병원,내원+출장,,,내원,내원,내원,내원,내원,
19262,신여성병원,내원,내원,,,,,내원,내원,
19263,연세오케이병원,내원,,,내원,내원,내원,내원,내원,
19264,연세고든병원,내원,,,내원,,내원,내원,,
19265,오혜숙산부인과의원,,,,,,,,내원,
19266,최내과의원,내원,,,내원,내원,내원,,,
19267,김재하내과의원,내원,,,,,,,,
19268,의정부중앙방사선과의원,,,,,,,내원,,
19269,승소아청소년과의원,,내원,,,,,,,
19270,대한산업보건협회경기북부의원,내원+출장,,출장,,,,,,
19271,신소연산부인과의원,,,,,,,내원,내원,
19272,참사랑의원,,내원,,,,,,,
19273,정소아청소년과의원,,내원,,,,,,,
19274,연세가정의학과의원,내원,,,,,,,,
19275,박승남소아청소년과의원,,내원,,,,,,,
19276,노경원산부인과의원,,,,,,,,내원,
19277,길내과의원,내원,,,내원,,내원,,,
19278,심승식내과의원,내원,,,내원,내원,내원,내원,,
19279,미소랑의원,내원,,,,,내원,,,
19280,김태형내과의원,내원,,,내원,내원,내원,,,
19281,예일항외과의원,내원,,,내원,내원,,,,
19282,추내과의원,내원,,,내원,내원,내원,내원,내원,
19283,새서울의원,내원,,,내원,내원,,,,
19284,서울가정의학과의원,내원,,,내원,,내원,,,
19285,로앤산부인과의원,,,,,,,,내원,
19286,이·문내과의원,내원,,,내원,내원,내원,내원,내원,
19287,김나연소아과의원,,내원,,,,,,,
19288,노아소아청소년과의원,,내원,,,,,,,
19289,프라미스소아청소년과의원,,내원,,,,,,,
19290,(재)한국산업보건환경연구소부설우리의원,내원+출장,,,,,,,,
19291,소명의원,내원,,,,,내원,,,
19292,가능성모의원,내원,내원,,내원,내원,내원,,,
19293,지형석내과의원,내원,,,내원,내원,내원,내원,내원,
19294,탑연세치과병원,,,내원,,,,,,
19295,닥터뷰티치과병원,,,내원,,,,,,
19296,성원치과의원,,,내원,,,,,,
19297,은혜치과의원,,,내원,,,,,,
19298,제중치과의원,,,내원,,,,,,
19299,송세헌치과의원,,,내원,,,,,,
19300,나치과의원,,,내원,,,,,,
19301,조은이치과의원,,,내원,,,,,,
19302,하예치과의원,,,내원,,,,,,
19303,김현치과의원,,,내원,,,,,,
19304,새한치과의원,,,내원,,,,,,
19305,한성희치과의원,,,내원,,,,,,
19306,우신치과의원,,,내원,,,,,,
19307,e-편한치과의원,,,내원,,,,,,
19308,바른이치과의원,,,내원,,,,,,
19309,한빛치과의원,,,내원,,,,,,
19310,김일섭치과의원,,,내원,,,,,,
19311,뉴욕센트럴치과의원,,,내원,,,,,,
19312,치유플란트치과의원,,,내원,,,,,,
19313,천치과의원,,,내원,,,,,,
19314,정운봉치과의원,,,내원,,,,,,
19315,이성민치과의원,,,내원,,,,,,
19316,중앙박치과의원,,,내원,,,,,,
19317,웰치과의원,,,내원,,,,,,
19318,삼성치과의원,,,내원,,,,,,
19319,삼익치과의원,,,내원,,,,,,
19320,네오치과교정과치과의원,,,내원,,,,,,
19321,예담부부치과의원,,,내원,,,,,,
19322,즐거운치과의원,,,내원,,,,,,
19323,플러스치과의원,,,내원,,,,,,
19324,화이트치과의원,,,내원,,,,,,
19325,한마음서울치과의원,,,내원,,,,,,
19326,금오우리치과의원,,,내원,,,,,,
19327,사랑으로치과의원,,,내원,,,,,,
19328,서울치과의원,,,내원,,,,,,
19329,동서치과의원,,,내원,,,,,,
19330,수석치과의원,,,내원,,,,,,
19331,해피스마일치과교정과치과의원,,,내원,,,,,,
19332,연세김현진치과의원,,,내원,,,,,,
19333,연세치과의원,,,내원,,,,,,
19334,청치과의원,,,내원,,,,,,
19335,행복치과의원,,,내원,,,,,,
19336,서민성치과의원,,,내원,,,,,,
19337,김성수치과의원,,,내원,,,,,,
19338,이롬치과의원,,,내원,,,,,,
19339,이서울치과의원,,,내원,,,,,,
19340,연세W치과의원,,,내원,,,,,,
19341,회룡치과의원,,,내원,,,,,,
19342,서울준치과의원,,,내원,,,,,,
19343,녹양성모치과의원,,,내원,,,,,,
19344,효치과의원,,,내원,,,,,,
19345,연세행복나눔치과의원,,,내원,,,,,,
19346,개구장이소아치과치과의원,,,내원,,,,,,
19347,미소플러스치과의원,,,내원,,,,,,
19348,성베드로치과의원,,,내원,,,,,,
19349,박기환치과의원,,,내원,,,,,,
19350,서울임치과의원,,,내원,,,,,,
19351,연플란트치과의원,,,내원,,,,,,
19352,서울선치과의원,,,내원,,,,,,
19353,연세웰치과의원,,,내원,,,,,,
19354,새봄치과의원,,,내원,,,,,,
19355,연세맘스키즈치과의원,,,내원,,,,,,
19356,정직을심는치과의원,,,내원,,,,,,
19357,천명경치과의원,,,내원,,,,,,
19358,송산치과의원,,,내원,,,,,,
19359,주니어소아치과의원,,,내원,,,,,,
19360,스마일치과의원,,,내원,,,,,,
19361,심미치과의원,,,내원,,,,,,
19362,행복드림치과의원,,,내원,,,,,,
19363,중앙수치과의원,,,내원,,,,,,
19364,다나치과의원,,,내원,,,,,,
19365,본치과의원,,,내원,,,,,,
19366,푸른치과의원,,,내원,,,,,,
19367,예스치과의원,,,내원,,,,,,
19368,이바르게치과교정과치과의원,,,내원,,,,,,
19369,성모본치과의원,,,내원,,,,,,
19370,의정부세브란스치과의원,,,내원,,,,,,
19371,민락치과의원,,,내원,,,,,,
19372,참좋은치과의원,,,내원,,,,,,
19373,그레이스치과의원,,,내원,,,,,,
19374,미소치과의원,,,내원,,,,,,
19375,행복한꿈드림치과의원,,,내원,,,,,,
19376,늘좋은치과의원,,,내원,,,,,,
19377,센트럴치과의원,,,내원,,,,,,
19378,서울보스톤치과의원,,,내원,,,,,,
19379,서울수치과의원,,,내원,,,,,,
19380,상쾌한치과의원,,,내원,,,,,,
19381,임플라인치과의원의정부점,,,내원,,,,,,
19382,삼성열린치과의원,,,내원,,,,,,
19383,청담i(아이)치과의원,,,내원,,,,,,
19384,탑석훈치과의원,,,내원,,,,,,
19385,서울진이치과의원,,,내원,,,,,,
19386,바른이유치과의원,,,내원,,,,,,
19387,서울팀치과의원,,,내원,,,,,,
19388,백세치과의원,,,내원,,,,,,
19389,애플조은치과의원,,,내원,,,,,,
19390,차앤정치과의원,,,내원,,,,,,
19391,에이(A)플란트치과의원,,,내원,,,,,,
19392,이튼치과의원,,,내원,,,,,,
19393,뚜뚜어린이치과의원,,,내원,,,,,,
19394,서울오케이(OK)치과의원,,,내원,,,,,,
19395,다온치과의원,,,내원,,,,,,
19396,연세닥터강치과의원,,,내원,,,,,,
19397,의정부환한미소치과의원,,,내원,,,,,,
19398,서울우리치과의원,,,내원,,,,,,
19399,연세김현치과의원,,,내원,,,,,,
19400,고운우리치과의원,,,내원,,,,,,
19401,바로이치과의원,,,내원,,,,,,
19402,녹양서울치과의원,,,내원,,,,,,
19403,의정부정성다한치과의원,,,내원,,,,,,
19404,고산휴치과의원,,,내원,,,,,,
19405,페리오치과의원,,,내원,,,,,,
19406,서울페이스21치과의원,,,내원,,,,,,
19407,의정부아이엠치과의원,,,내원,,,,,,
19408,연세세브란스치과의원,,,내원,,,,,,
19409,바르다윤치과의원,,,내원,,,,,,
19410,고산의꿈치과의원,,,내원,,,,,,
19411,서울랩치과의원,,,내원,,,,,,
19412,믿음치과의원,,,내원,,,,,,
19413,바른손치과의원,,,내원,,,,,,
19414,또앙또앙키즈치과의원,,,내원,,,,,,
19415,서울가온치과의원,,,내원,,,,,,
19416,하나플란트치과의원,,,내원,,,,,,
19417,미담은치과의원,,,내원,,,,,,
19418,햇살치과의원,,,내원,,,,,,
19419,진심담은치과의원,,,내원,,,,,,
19420,명인플란트치과의원,,,내원,,,,,,
19421,진플란트치과의원,,,내원,,,,,,
19422,라온플러스치과의원,,,내원,,,,,,
19423,애플치과의원,,,내원,,,,,,
19424,의정부본플란트치과의원,,,내원,,,,,,
19425,탑석센트럴치과의원,,,내원,,,,,,
19426,서울진정치과의원,,,내원,,,,,,
19427,의정부모커리한방병원,내원,,,,,,,,
19428,우먼피아여성병원,내원,내원,,,,,내원,내원,
19429,조현정소아과의원,,내원,,,,,,,
19430,이재균내과의원,내원,,,내원,,내원,,,
19431,굿모닝이비인후과의원,,내원,,,,,,,
19432,방보영산부인과의원,,,,,,,,내원,
19433,소망가정의학과의원,내원,,,내원,,내원,,내원,
19434,박희철내과의원,내원,,,내원,내원,내원,내원,내원,
19435,한마음내과의원,내원,,,내원,내원,내원,내원,내원,
19436,하늘담은의원,,내원,,,,,,,
19437,임혜영산부인과의원,,,,,,,,내원,
19438,미래소아과의원,,내원,,,,,,,
19439,숲속샘터의원,,내원,,,,,,,
19440,플로라여성의원,,,,,,,,내원,
19441,새서울헤론의원,내원,,,,,,,,
19442,행복의원,,내원,,,,,,,
19443,서울하나로의원,내원,,,내원,내원,내원,,,
19444,무지개연합의원,,내원,,,,,,,
19445,제일편한내과의원,내원,,,내원,내원,내원,내원,내원,
19446,다나소아청소년과의원,,내원,,,,,,,
19447,연세김내과의원,내원,,,내원,내원,내원,,,
19448,진내과의원,내원,,,내원,내원,내원,내원,,
19449,이윤정쑥쑥소아청소년과의원,,내원,,,,,,,
19450,행복한서울의원,내원,,,,,,,,
19451,박금비산부인과의원,,,,,,,,내원,
19452,서울드림소아청소년과의원,,내원,,,,,,,
19453,아이맘소아청소년과의원,,내원,,,,,,,
19454,백세미래의원,내원,내원,,내원,내원,내원,,내원,
19455,서울아이키소아청소년과의원,,내원,,,,,,,
19456,봄날에내과의원,내원,,,내원,내원,내원,내원,내원,
19457,그랜드연합의원,내원,,,,,,,,
19458,성모수내과의원,내원,,,내원,내원,내원,내원,내원,
19459,맘편한내과의원,내원,,,내원,내원,내원,내원,내원,
19460,별이비인후과의원,,내원,,,,,,,
19461,아람의원,내원,,,내원,내원,내원,,,
19462,서울태내과의원,내원,,,내원,내원,내원,내원,,
19463,장바로내과의원,내원,,,내원,내원,내원,내원,내원,
19464,하늘가정의학과의원,내원,내원,,,,,,,
19465,강앤강내과의원,내원,,,내원,내원,내원,내원,내원,
19466,김승연밝은소아청소년과의원,,내원,,,,,,,
19467,라파가정의학과의원,내원,,,내원,,,,,
19468,고은소아청소년과의원,,내원,,,,,,,
19469,속편한내과의원,내원,,,내원,내원,내원,내원,내원,
19470,서울김내과의원,내원,,,내원,내원,내원,내원,내원,
19471,바른내과의원,내원,,,내원,내원,내원,내원,내원,
19472,성모편한내과의원,내원,,,내원,내원,내원,내원,내원,
19473,삼성바른내과의원,내원,,,내원,내원,내원,내원,내원,
19474,바른소아청소년과의원,,내원,,,,,,,
19475,서울원내과의원,내원,,,내원,내원,내원,내원,내원,
19476,연세소아청소년과의원,,내원,,,,,,,
19477,녹양삼성내과의원,내원,,,내원,내원,내원,내원,내원,
19478,탑석장편한내과의원,내원,,,내원,내원,내원,내원,내원,
19479,이보라소아청소년과의원,,내원,,,,,,,
19480,한동재내과의원,내원,,,내원,내원,내원,,,
19481,서울정통연합의원,내원,,,내원,내원,내원,내원,내원,
19482,연세맑은산부인과의원,,,,,,,,내원,
19483,나음내과의원,내원,,,내원,내원,내원,내원,내원,
19484,서울프라임내과의원,내원,,,내원,내원,내원,내원,내원,
19485,우리모두의원,내원,내원,,,,내원,,,
19486,다편한내과의원,내원,,,내원,내원,내원,내원,내원,
19487,웰봄산부인과의원,,,,,,,,내원,
19488,호원제일내과의원,내원,,,내원,내원,내원,내원,내원,
19489,의정부항외과의원,내원,,,내원,내원,내원,,,
19490,호원이음내과의원,내원,,,내원,내원,내원,내원,내원,
19491,연세이지내과의원,내원,,,내원,내원,내원,내원,내원,
19492,연세내외의원,내원,,,내원,내원,내원,,,
19493,연치과의원,,,내원,,,,,,
19494,버드나무치과의원,,,내원,,,,,,
19495,연세플러스치과의원,,,내원,,,,,,
19496,닥터뷰치과의원의정부역점,,,내원,,,,,,
19497,고산정담치과의원,,,내원,,,,,,
19498,의정부성모치과의원,,,내원,,,,,,
19499,연세스탠다드치과의원,,,내원,,,,,,
19500,의정부연세이예쁜치과교정과치과의원,,,내원,,,,,,
19501,신곡이도내과의원,내원,,,,,,,,
19502,가톨릭대학교부천성모병원,내원,,,내원,내원,내원,내원,내원,내원
19503,순천향대학교부속부천병원,내원,,내원,내원,내원,내원,내원,내원,내원
19504,의료법인대인의료재단다니엘종합병원,내원+출장,내원,내원,내원,내원,내원,내원,내원,내원
19505,부천우리병원,내원,내원,내원,내원,내원,내원,내원,내원,내원
19506,뉴대성병원,내원+출장,내원,내원,내원,내원,내원,내원,내원,
19507,초앤유여성병원,,내원,,,,,내원,내원,
19508,서울여성병원,내원,내원,,내원,내원,내원,내원,내원,
19509,부천중앙병원,내원,,,내원,내원,내원,내원,내원,
19510,현병원,내원,,,,,,,,
19511,연세본사랑병원,내원,,,내원,내원,내원,내원,내원,
19512,스마튼병원,내원,,,내원,내원,내원,내원,,
19513,오정본병원,내원,,,내원,내원,내원,내원,내원,
19514,부천서울어린이병원,,내원,,,,,,,
19515,디딤병원,내원,,,내원,내원,내원,내원,내원,
19516,인본병원,내원,,,내원,내원,내원,,,
19517,더만족병원,내원,,,내원,내원,내원,,,
19518,예손병원,내원,,,내원,내원,내원,내원,,
19519,부천시립노인전문병원,내원,,,,,,,,
19520,유내과의원,내원,,,내원,내원,내원,내원,내원,
19521,성가내과의원,내원,,,내원,,내원,,,
19522,누리안유영길김태형내과김영찬방사선과의원,내원,,,내원,내원,내원,내원,,
19523,미래로소아과의원,,내원,,,,,,,
19524,이용준내과의원,내원,,,내원,,내원,,,
19525,부천중앙산부인과의원,,,,,,,,내원,
19526,성상민소아청소년과의원,,내원,,,,,,,
19527,지앤의원,,내원,,,,,,,
19528,김승주소아청소년과의원,,내원,,,,,,,
19529,신위경소아청소년과의원,,내원,,,,,,,
19530,중앙영상의학과의원,내원,,,내원,내원,내원,내원,내원,
19531,중앙의원,내원,,,내원,,내원,,,
19532,김가정의학과의원,,내원,,,,,,,
19533,권순구내과의원,내원,,,내원,내원,내원,,,
19534,박내과의원,내원,,,내원,내원,내원,내원,내원,
19535,튼튼신경외과의원,내원,,,,,,,,
19536,변내과의원,내원,,,내원,내원,내원,,,
19537,성모내과의원,내원,,,내원,내원,내원,,,
19538,프라임산부인과의원,,,,,,,,내원,
19539,신중동의원,내원,내원,,내원,,,,,
19540,한명길소아청소년과의원,,내원,,,,,,,
19541,박동건소아과의원,,내원,,,,,,,
19542,안소아청소년과의원,,내원,,,,,,,
19543,정수암소아과의원,,내원,,,,,,,
19544,경인영상의학과의원,,,,,,,내원,,
19545,이박산부인과의원,,,,,,,,내원,
19546,아이튼튼소아청소년과의원,,내원,,,,,,,
19547,이정길내과의원,내원,,,내원,내원,내원,,,
19548,보람내과의원,내원,,,내원,,내원,,,
19549,마학기가정의학과의원,,내원,,,,,,,
19550,현소아청소년과의원,,내원,,,,,,,
19551,큰사랑내과의원,내원,,,내원,,,,,
19552,구광내과의원,내원,,,내원,내원,내원,,,
19553,현내과의원,내원,,,내원,,내원,,,
19554,강내과의원,내원,,,내원,,내원,,,
19555,연세한사랑의원,,내원,,,,,,,
19556,상동서울가정의학과의원,내원,,,내원,,내원,,,
19557,힐락소아청소년과의원,,내원,,,,,,,
19558,삼성연합의원,내원,내원,,,,내원,,,
19559,여성사랑산부인과의원,,,,,,,,내원,
19560,박인수내과의원,내원,,,내원,,내원,,,
19561,차앤윤산부인과의원,,,,,,,,내원,
19562,건강한문내과의원,내원,,,내원,내원,내원,,,
19563,변주원내과의원,내원,,,내원,,내원,,내원,
19564,주신내과의원,내원,내원,,내원,,내원,,,
19565,이수용소아청소년과의원,,내원,,,,,,,
19566,정내과의원,내원,,,내원,,내원,,,
19567,박상석내과의원,내원,,,내원,내원,내원,,,
19568,장진석내과의원,내원,내원,,내원,,내원,,,
19569,희경산부인과의원,,,,,,,,내원,
19570,두윤가정의원,,내원,,,,,,,
19571,이소아과의원,,내원,,,,,,,
19572,이안치과병원,,,내원,,,,,,
19573,메르덴치과병원,,,내원,,,,,,
19574,사과나무치과병원,,,내원,,,,,,
19575,명성치과의원,,,내원,,,,,,
19576,안치과의원,,,내원,,,,,,
19577,전혜만치과의원,,,내원,,,,,,
19578,양영환치과의원,,,내원,,,,,,
19579,탑치과의원,,,내원,,,,,,
19580,성모치과의원,,,내원,,,,,,
19581,서울팀치과의원,,,내원,,,,,,
19582,유종필치과의원,,,내원,,,,,,
19583,임영철치과의원,,,내원,,,,,,
19584,조건제치과의원,,,내원,,,,,,
19585,임경대치과의원,,,내원,,,,,,
19586,박은용치과의원,,,내원,,,,,,
19587,늘편한치과의원,,,내원,,,,,,
19588,이준기치과의원,,,내원,,,,,,
19589,최치과의원,,,내원,,,,,,
19590,변치과의원,,,내원,,,,,,
19591,플러스서울치과의원,,,내원,,,,,,
19592,진희영치과의원,,,내원,,,,,,
19593,방치과의원,,,내원,,,,,,
19594,서울수치과의원,,,내원,,,,,,
19595,원강희치과의원,,,내원,,,,,,
19596,연세치과의원,,,내원,,,,,,
19597,김성덕치과의원,,,내원,,,,,,
19598,홍치과의원,,,내원,,,,,,
19599,건강치과의원,,,내원,,,,,,
19600,행복플러스부부치과의원,,,내원,,,,,,
19601,미베스트치과의원,,,내원,,,,,,
19602,늘해랑치과의원,,,내원,,,,,,
19603,세브란스치과의원,,,내원,,,,,,
19604,박진영치과의원,,,내원,,,,,,
19605,미미소치과의원,,,내원,,,,,,
19606,베스트치과의원,,,내원,,,,,,
19607,백치과의원,,,내원,,,,,,
19608,에센스치과의원,,,내원,,,,,,
19609,오세욱치과의원,,,내원,,,,,,
19610,세란치과의원,,,내원,,,,,,
19611,모아치과의원,,,내원,,,,,,
19612,미래치과의원,,,내원,,,,,,
19613,이종규치과의원,,,내원,,,,,,
19614,한빛치과의원,,,내원,,,,,,
19615,치아사랑치과의원,,,내원,,,,,,
19616,김평채치과의원,,,내원,,,,,,
19617,성심치과의원,,,내원,,,,,,
19618,상동모아치과의원,,,내원,,,,,,
19619,민동혁치과의원,,,내원,,,,,,
19620,부천심미치과의원,,,내원,,,,,,
19621,다나치과의원,,,내원,,,,,,
19622,서울파트너치과의원,,,내원,,,,,,
19623,상동사과나무치과의원,,,내원,,,,,,
19624,한독미치과의원,,,내원,,,,,,
19625,강치과의원,,,내원,,,,,,
19626,엄치과의원,,,내원,,,,,,
19627,심직현치과의원,,,내원,,,,,,
19628,한사랑치과의원,,,내원,,,,,,
19629,미치과의원,,,내원,,,,,,
19630,스마일치과의원,,,내원,,,,,,
19631,새론서울치과의원,,,내원,,,,,,
19632,미소하나치과의원,,,내원,,,,,,
19633,우리치과의원,,,내원,,,,,,
19634,즐거운아이치과의원,,,내원,,,,,,
19635,에이스치과의원,,,내원,,,,,,
19636,웰치과의원,,,내원,,,,,,
19637,중동열린치과의원,,,내원+출장,,,,,,
19638,연세클리어치과교정과치과의원,,,내원,,,,,,
19639,노블리안치과의원,,,내원+출장,,,,,,
19640,고강굿모닝치과의원,,,내원,,,,,,
19641,행복한치과의원,,,내원,,,,,,
19642,강남치과의원,,,내원,,,,,,
19643,온누리치과의원,,,내원,,,,,,
19644,도당미래치과의원,,,내원,,,,,,
19645,테크노미래치과의원,,,내원,,,,,,
19646,수치과의원,,,내원,,,,,,
19647,미소가아름다운치과의원,,,내원,,,,,,
19648,선부부치과의원,,,내원,,,,,,
19649,신치과의원,,,내원,,,,,,
19650,이편한치과의원,,,내원,,,,,,
19651,상동사랑이가득한치과의원,,,내원,,,,,,
19652,원종치과의원,,,내원,,,,,,
19653,고강원치과의원,,,내원,,,,,,
19654,바로이치과의원,,,내원,,,,,,
19655,김승인치과의원,,,내원,,,,,,
19656,행복나눔치과의원,,,내원,,,,,,
19657,한솔치과의원,,,내원,,,,,,
19658,e-조은치과의원,,,내원,,,,,,
19659,수플러스+치과의원,,,내원,,,,,,
19660,사랑이가득한치과의원,,,내원,,,,,,
19661,이예스치과의원,,,내원,,,,,,
19662,미소샘치과의원,,,내원,,,,,,
19663,드림치과의원,,,내원,,,,,,
19664,미인치과의원,,,내원,,,,,,
19665,타임치과의원,,,내원,,,,,,
19666,연세u치과의원,,,내원,,,,,,
19667,굿모닝치과의원,,,내원,,,,,,
19668,스카이치과의원,,,내원,,,,,,
19669,메르덴쥬니어치과의원,,,내원,,,,,,
19670,이클린치과의원,,,내원,,,,,,
19671,사랑애치과의원,,,내원,,,,,,
19672,더스타치과의원,,,내원,,,,,,
19673,미앤미치과의원,,,내원,,,,,,
19674,우리가족치과의원,,,내원,,,,,,
19675,역곡사과나무치과의원,,,내원,,,,,,
19676,W치과의원,,,내원,,,,,,
19677,이지치과의원,,,내원,,,,,,
19678,서울앤치과의원,,,내원,,,,,,
19679,서울플란트치과의원,,,내원,,,,,,
19680,유디부천치과의원,,,내원,,,,,,
19681,허브치과의원,,,내원,,,,,,
19682,중동갤러리치과의원,,,내원,,,,,,
19683,엘리트치과의원,,,내원,,,,,,
19684,이연석치과의원,,,내원,,,,,,
19685,연세베스트치과의원,,,내원,,,,,,
19686,서울리치과의원,,,내원,,,,,,
19687,상동21세기치과의원,,,내원,,,,,,
19688,부천씨디씨(CDC)소아치과의원,,,내원,,,,,,
19689,연세원치과의원,,,내원,,,,,,
19690,새숨치과의원,,,내원,,,,,,
19691,원치과의원,,,내원,,,,,,
19692,이다움치과의원,,,내원,,,,,,
19693,부천공감치과의원,,,내원,,,,,,
19694,화이트사과나무치과의원,,,내원,,,,,,
19695,부천정플란트치과의원,,,내원,,,,,,
19696,큐프라임소풍치과의원,,,내원,,,,,,
19697,서울미라클치과의원,,,내원,,,,,,
19698,이종석치과의원,,,내원,,,,,,
19699,예미담치과의원,,,내원,,,,,,
19700,상동서울치과의원,,,내원,,,,,,
19701,현대치과의원,,,내원,,,,,,
19702,민치과의원,,,내원,,,,,,
19703,부천보스톤치과의원,,,내원,,,,,,
19704,중동21세기치과의원,,,내원,,,,,,
19705,원미부부치과의원,,,내원,,,,,,
19706,주드림치과의원,,,내원,,,,,,
19707,임플라인치과의원,,,내원,,,,,,
19708,연세부부치과의원,,,내원,,,,,,
19709,더라은치과의원,,,내원,,,,,,
19710,즐거운치과의원,,,내원,,,,,,
19711,부천꼬마이치과의원,,,내원,,,,,,
19712,작동효치과의원,,,내원,,,,,,
19713,굿닥터스모아치과의원,,,내원,,,,,,
19714,서울굿모닝치과의원,,,내원,,,,,,
19715,연세퍼스트치과의원,,,내원,,,,,,
19716,아름드리치과의원,,,내원,,,,,,
19717,부흥치과의원,,,내원,,,,,,
19718,부천올치과의원,,,내원,,,,,,
19719,서울바른이치과교정과치과의원,,,내원,,,,,,
19720,연세정교한캡치과교정과의원,,,내원,,,,,,
19721,서울숙면치과의원,,,내원,,,,,,
19722,부천청담네오플란트치과의원,,,내원,,,,,,
19723,더맑은치과의원,,,내원,,,,,,
19724,고운얼굴치과의원,,,내원,,,,,,
19725,한결치과의원,,,내원,,,,,,
19726,다미치과의원,,,내원,,,,,,
19727,조유라치과의원,,,내원,,,,,,
19728,화인치과의원,,,내원,,,,,,
19729,연세최강치과의원,,,내원,,,,,,
19730,연세든든치과의원,,,내원,,,,,,
19731,내동열린치과의원,,,내원,,,,,,
19732,우리가족주연치과의원,,,내원,,,,,,
19733,온아치과의원,,,내원,,,,,,
19734,부천그랜드치과의원,,,내원,,,,,,
19735,이가편한치과의원,,,내원,,,,,,
19736,친절한호치과의원,,,내원,,,,,,
19737,바른탑치과의원,,,내원,,,,,,
19738,예인치과의원,,,내원,,,,,,
19739,365봄치과의원,,,내원,,,,,,
19740,연세365치과의원,,,내원,,,,,,
19741,정성플러스치과의원,,,내원,,,,,,
19742,네이버치과의원,,,내원,,,,,,
19743,편한마음치과의원,,,내원,,,,,,
19744,편한치과의원,,,내원,,,,,,
19745,우리들치과의원,,,내원,,,,,,
19746,참조은치과의원,,,내원,,,,,,
19747,오늘의치과의원,,,내원,,,,,,
19748,정성플란트치과의원,,,내원,,,,,,
19749,티파니치과의원,,,내원,,,,,,
19750,커스텀치과의원,,,내원,,,,,,
19751,서울삼성치과의원,,,내원,,,,,,
19752,서울석치과의원,,,내원,,,,,,
19753,서울이로운치과의원,,,내원,,,,,,
19754,연세하이브치과의원,,,내원,,,,,,
19755,고운누리치과의원,,,내원,,,,,,
19756,큐프라임부천치과의원,,,내원,,,,,,
19757,1미리치과의원,,,내원,,,,,,
19758,스탠다드치과의원,,,내원,,,,,,
19759,연세바로치과교정과치과의원,,,내원,,,,,,
19760,상동우수치과의원,,,내원,,,,,,
19761,연세백세치과의원,,,내원,,,,,,
19762,연세미소애치과의원,,,내원,,,,,,
19763,이보다치과의원,,,내원,,,,,,
19764,새이드림치과의원,,,내원,,,,,,
19765,더센트럴치과의원,,,내원,,,,,,
19766,가이드플란트치과의원,,,내원,,,,,,
19767,원종모두온치과의원,,,내원,,,,,,
19768,연세제일플란트치과의원,,,내원,,,,,,
19769,바른홍치과의원,,,내원,,,,,,
19770,서울하윤치과의원,,,내원,,,,,,
19771,상상플란트치과의원,,,내원,,,,,,
19772,부천자생한방병원,내원,,,,,,,,
19773,수와진산부인과의원,,,,,,,,내원,
19774,장메디의원,내원,,,내원,,내원,,,
19775,베스트가정의학과의원,내원,,,,,내원,,,
19776,이현주소아청소년과의원,,내원,,,,,,,
19777,민소아과의원,,내원,,,,,,,
19778,우리들가정의원,,내원,,,,,,,
19779,현내과의원,내원,,,내원,,내원,,,
19780,태소아청소년과의원,,내원,,,,,,,
19781,무지개소아청소년과의원,,내원,,,,,,,
19782,늘편한내과의원,내원,,,내원,,내원,,,
19783,김앤정외과의원,내원,,,내원,내원,내원,내원,내원,
19784,공선희소아청소년과의원,,내원,,,,,,,
19785,사단법인누가참의원,내원,,,,,,,,
19786,김서영의원,,내원,,,,,,,
19787,성모권내과의원,내원,,,내원,내원,내원,,,
19788,프라임연세의원,내원,내원,,,,,,,
19789,포엘산부인과의원,,,,,,,,내원,
19790,중동홍내과의원,내원,,,내원,내원,내원,,내원,
19791,속사랑내과의원,내원,,,내원,내원,내원,내원,내원,
19792,삼성키즈소아청소년과의원,,내원,,,,,,,
19793,정철호내과의원,내원,,,,,내원,,,
19794,부천중앙내과의원,내원,,,내원,내원,내원,내원,내원,
19795,마디성모정형외과의원,내원,,,,,,,,
19796,봄봄소아청소년과의원,,내원,,,,,,,
19797,삼성미래산부인과의원,,,,,,,내원,내원,
19798,신선영내과의원,내원,,,내원,내원,내원,내원,내원,
19799,365벗이비인후과의원,,내원,,,,,,,
19800,중앙내과의원,내원,,,내원,내원,내원,,,
19801,은혜내과의원,내원,,,내원,내원,내원,내원,내원,
19802,김앤리소아청소년과의원,,내원,,,,,,,
19803,서울열린내과의원,내원,,,내원,내원,내원,내원,내원,
19804,맑은내과의원,내원,,,내원,내원,내원,내원,내원,
19805,푸른정형외과의원,내원,,,,,,,,
19806,김찬호내과가정의학과의원,내원,,,내원,내원,내원,내원,내원,
19807,원미내과의원,내원,,,내원,내원,내원,,,
19808,건강한내과의원,내원,,,내원,내원,내원,내원,,
19809,온마음연세의원,내원,,,내원,내원,내원,내원,내원,
19810,아이샘소아청소년과의원,,내원,,,,,,,
19811,닥터노바름의원,내원,,,,,내원,,,
19812,부천의료복지사회적협동조합부천시민의원,내원,,,내원,내원,내원,내원,내원,
19813,아주편한내과의원,내원,,,내원,내원,내원,내원,내원,
19814,위(WE)튼튼내과의원,내원,,,내원,내원,내원,,,
19815,편안한연합의원,내원,,,내원,내원,내원,,,
19816,삼성탑내과의원,내원,,,내원,내원,내원,내원,내원,
19817,남일송내과의원,내원,,,내원,내원,내원,,,
19818,김명건내과의원,내원,,,,,,,,
19819,본디안내과의원,내원,,,,,,,,
19820,위베스트내과의원,내원,,,내원,내원,내원,내원,내원,
19821,참편한여성의원,,,,,,,,내원,
19822,로앤산부인과의원,,,,,,,,내원,
19823,서울장좋은외과의원,내원,,,내원,내원,내원,내원,내원,
19824,성모김내과의원,내원,,,내원,내원,내원,내원,내원,
19825,부천정다운여성의원,,,,,,,,내원,
19826,부천바른내과의원,내원,,,내원,내원,내원,내원,내원,
19827,성모혜민내과의원,내원,,,내원,내원,내원,내원,내원,
19828,탑아산내과의원,내원,,내원,내원,내원,내원,내원,내원,
19829,서울조은내과의원,내원,,,내원,내원,내원,내원,내원,
19830,애플산부인과의원,,,,,,,,내원,
19831,장명선소아청소년과의원,,내원,,,,,,,
19832,연세원사랑내과의원,내원,,,내원,내원,내원,내원,내원,
19833,장좋은내과의원,내원,,,내원,내원,내원,내원,내원,
19834,차차여성의원,,,,,,,내원,내원,
19835,상동드림의원,,내원,,,,,,,
19836,에스티엠(STM)치과의원,,,내원,,,,,,
19837,꿈꾸는소아청소년과의원,,내원,,,,,,,
19838,예닮가정의학과의원,,내원,,,,,,,
19839,연세상상내과의원,내원,,,내원,내원,내원,내원,내원,
19840,부천닥터스치과의원,,,내원,,,,,,
19841,광명성애병원,내원,내원,내원,내원,내원,내원,내원,내원,내원
19842,광명새움병원,내원,,,내원,,내원,,,
19843,아이원병원,,내원,,,,,,,
19844,광명기대찬병원,내원,,,내원,내원,내원,내원,,
19845,철산김소아과의원,,내원,,,,,,,
19846,현대의원,내원,,,,,,,,
19847,정소아과의원,,내원,,,,,,,
19848,서정화내과의원,내원,,,내원,,내원,,,
19849,연세소아과의원,,내원,,,,,,,
19850,김완중내과의원,내원,,,내원,,내원,,,
19851,노내과의원,내원,,,내원,내원,내원,,,
19852,김옥란내과의원,내원,,,내원,내원,내원,내원,내원,
19853,미래여성산부인과의원,,,,,,,내원,내원,
19854,박상현소아청소년과의원,,내원,,,,,,,
19855,강윤철산부인과의원,,,,,,,,내원,
19856,온누리내과의원,내원,,,내원,,내원,,,
19857,임내과의원,내원,,,내원,,내원,,,
19858,우리내과의원,내원,,,내원,,내원,,,
19859,신효경산부인과의원,,,,,,,내원,내원,
19860,광명연합의원,내원,,,내원,,,,,
19861,광명연세내과의원,내원,,,내원,,내원,,,
19862,준소아청소년과의원,,내원,,,,,,,
19863,오성욱의원,내원,,,내원,내원,내원,,,
19864,광명메디피아의원,내원,,,내원,내원,내원,,,
19865,연세가정의학과의원,,내원,,,,,,,
19866,이지의원,내원,,,내원,내원,내원,내원,내원,
19867,연합뉴소아청소년과의원,,내원,,,,,,,
19868,정다운이비인후과의원,,내원,,,,,,,
19869,배헌욱치과의원,,,내원,,,,,,
19870,소하치과의원,,,내원,,,,,,
19871,광명뉴욕치과의원,,,내원,,,,,,
19872,광명리빙웰치과의원,,,내원,,,,,,
19873,안재현치과의원,,,내원,,,,,,
19874,박동관치과의원,,,내원,,,,,,
19875,이상용치과의원,,,내원,,,,,,
19876,베스트치과의원,,,내원,,,,,,
19877,민치과의원,,,내원,,,,,,
19878,유춘식치과의원,,,내원,,,,,,
19879,중앙치과의원,,,내원,,,,,,
19880,제일치과의원,,,내원,,,,,,
19881,광명치과의원,,,내원,,,,,,
19882,에스앤피서울치과의원,,,내원,,,,,,
19883,정광태치과의원,,,내원,,,,,,
19884,아름다운치과의원,,,내원,,,,,,
19885,우리치과의원,,,내원,,,,,,
19886,캘리포니아치과의원,,,내원,,,,,,
19887,스마일치과의원,,,내원,,,,,,
19888,미치과의원,,,내원,,,,,,
19889,건강치과의원,,,내원,,,,,,
19890,광명웰치과의원,,,내원,,,,,,
19891,광명이사랑치과의원,,,내원,,,,,,
19892,한사랑치과의원,,,내원,,,,,,
19893,철산이편한치과의원,,,내원,,,,,,
19894,명인치과의원,,,내원,,,,,,
19895,이앤치과의원,,,내원,,,,,,
19896,유디광명치과의원,,,내원,,,,,,
19897,조은부부치과의원,,,내원,,,,,,
19898,미래치과의원,,,내원,,,,,,
19899,밝은아이치과의원,,,내원,,,,,,
19900,이편한68플란트치과의원,,,내원,,,,,,
19901,수치과의원,,,내원,,,,,,
19902,벗치과의원,,,내원,,,,,,
19903,본플란트치과의원,,,내원,,,,,,
19904,하이치과의원,,,내원,,,,,,
19905,송승헌치과의원,,,내원,,,,,,
19906,임플란티아치과의원,,,내원,,,,,,
19907,하나치과의원,,,내원,,,,,,
19908,디자인치과의원,,,내원,,,,,,
19909,닥터김치과의원,,,내원,,,,,,
19910,김재원치과의원,,,내원,,,,,,
19911,예그린치과의원,,,내원,,,,,,
19912,연세자연치과의원,,,내원,,,,,,
19913,서울앞선치과의원,,,내원,,,,,,
19914,강남이편한치과의원,,,내원,,,,,,
19915,연세문치과의원,,,내원,,,,,,
19916,현치과의원,,,내원,,,,,,
19917,진치과의원,,,내원,,,,,,
19918,서울굿모닝치과의원,,,내원,,,,,,
19919,서울선치과의원,,,내원,,,,,,
19920,서울애플치과의원,,,내원,,,,,,
19921,소연치과의원,,,내원,,,,,,
19922,이그린치과의원,,,내원,,,,,,
19923,키즈웰치과의원,,,내원,,,,,,
19924,해오름치과의원,,,내원,,,,,,
19925,서울율바른치과의원,,,내원,,,,,,
19926,서울삼성치과의원,,,내원,,,,,,
19927,서울청담치과의원,,,내원,,,,,,
19928,하안봄치과의원,,,내원,,,,,,
19929,사랑심는치과의원,,,내원,,,,,,
19930,엠플란트치과의원,,,내원,,,,,,
19931,한솔치과의원,,,내원,,,,,,
19932,연세보스톤치과의원,,,내원,,,,,,
19933,서울센터치과의원,,,내원,,,,,,
19934,케이플란트치과의원,,,내원,,,,,,
19935,55서하플란트치과의원,,,내원,,,,,,
19936,바른에스치과교정과치과의원,,,내원,,,,,,
19937,소하바른치과의원,,,내원,,,,,,
19938,서울감동치과의원,,,내원,,,,,,
19939,하안치과의원,,,내원,,,,,,
19940,광명이케어치과의원,,,내원,,,,,,
19941,연세365치과의원,,,내원,,,,,,
19942,이안치과의원,,,내원,,,,,,
19943,더바른윤치과의원,,,내원,,,,,,
19944,하안새론니치과의원,,,내원,,,,,,
19945,광명주니어소아치과의원,,,내원,,,,,,
19946,서울임플나무치과의원,,,내원,,,,,,
19947,연세구름소아치과의원,,,내원,,,,,,
19948,서울메디치과의원,,,내원,,,,,,
19949,탑티어치과의원,,,내원,,,,,,
19950,서울김앤장치과의원,,,내원,,,,,,
19951,광명탑치과의원,,,내원,,,,,,
19952,서울스마트치과의원,,,내원,,,,,,
19953,광명리더스치과의원,,,내원,,,,,,
19954,연세에스케이치과의원,,,내원,,,,,,
19955,다인치과의원,,,내원+출장,,,,,,
19956,이든치과의원,,,내원,,,,,,
19957,지디플란트치과의원,,,내원,,,,,,
19958,더미소치과의원,,,내원,,,,,,
19959,광명더맑은치과의원,,,내원,,,,,,
19960,서울플란트치과의원,,,내원,,,,,,
19961,서울새봄플란트치과의원,,,내원,,,,,,
19962,내가가는광명치과의원,,,내원,,,,,,
19963,열린치과의원,,,내원,,,,,,
19964,강내과의원,내원,,,내원,내원,내원,내원,내원,
19965,광명수내과의원,내원,,,내원,내원,내원,,,
19966,이즈맘산부인과의원,,내원,,,,,내원,내원,
19967,가족사랑의원,,내원,,,,,,,
19968,성모길내과의원,내원,,,내원,내원,내원,,,
19969,광명허병원내과의원,내원,,,내원,내원,내원,,,
19970,지엠제일산부인과의원,내원,,,,,,내원,내원,
19971,연세튼튼소아청소년과의원,,내원,,,,,,,
19972,별이비인후과의원,,내원,,,,,,,
19973,서울아산임내과의원,내원,,,내원,내원,내원,,,
19974,성모내과의원,내원,,,내원,내원,내원,내원,내원,
19975,왕내과의원,내원,,,내원,내원,내원,내원,내원,
19976,광명방사선과의원,내원,,,내원,,내원,내원,내원,
19977,서울연합내과의원,내원,,,내원,내원,내원,내원,내원,
19978,오내과의원,내원,,,내원,내원,내원,내원,내원,
19979,위드맘소아청소년과의원,,내원,,,,,,,
19980,광명속편한내과의원,내원,,,내원,내원,내원,내원,,
19981,제이메디의원,내원,,,내원,내원,내원,,,
19982,철산센트럴내과의원,내원,,,내원,내원,내원,내원,내원,
19983,소하진내과의원,내원,,,내원,내원,내원,,,
19984,서울아산박내과의원,내원,,,내원,내원,내원,,,
19985,닥터마레산부인과의원,,,,,,,,내원,
19986,서울내과의원,내원,,,내원,내원,내원,,,
19987,누가광명의원,내원,,,내원,내원,내원,내원,내원,
19988,명내과의원,내원,,,내원,내원,내원,,,
19989,파티마산부인과의원,,,,,,,내원,내원,
19990,제일편한내과의원,내원,,,내원,내원,내원,,내원,
19991,서울튼튼소아청소년과의원,,내원,,,,,,,
19992,다나은내과의원,내원,,,내원,내원,내원,내원,내원,
19993,로앤산부인과의원,,,,,,,,내원,
19994,지엠연세가정의학과의원,내원,내원,,,,,,,
19995,장튼튼내과의원,내원,,,내원,내원,내원,내원,내원,
19996,이상칠내과의원,내원,,,,,내원,,,
19997,삼성푸른소아청소년과의원,,내원,,,,,,,
19998,사랑내과의원,내원,,,내원,내원,내원,,,
19999,광명역새빛내과의원,내원,,,내원,내원,내원,내원,,
20000,유소아청소년과의원,,내원,,,,,,,
20001,더조은내과의원,내원,,,내원,내원,내원,내원,내원,
20002,순풍산부인과의원,,,,,,,,내원,
20003,삼성우리내과의원,내원,,,내원,내원,내원,내원,내원,
20004,광명선한산부인과의원,,,,,,,,내원,
20005,광명삼성베스트내과의원,내원,,,내원,내원,내원,내원,내원,
20006,소하연합내과의원,내원,,,내원,내원,내원,내원,내원,
20007,박재정내과의원,내원,,,내원,내원,내원,,,
20008,중앙대학교광명소하검진센터의원,내원,,,내원,내원,내원,내원,내원,
20009,광명웰니스내과의원,내원,,,내원,내원,내원,내원,내원,
20010,서울영동내과의원,내원,,,내원,내원,내원,내원,내원,
20011,광명탑내과의원,내원,,,내원,내원,내원,내원,내원,
20012,맑은미소치과의원,,,내원,,,,,,
20013,광명보람치과의원,,,내원,,,,,,
20014,다봄소아청소년과의원,,내원,,,,,,,
20015,위하는내과의원,내원,,,내원,내원,내원,내원,내원,
20016,서울올케어치과의원,,,내원,,,,,,
20017,의료법인박애의료재단박애병원,내원+출장,,내원+출장,내원,내원+출장,내원,내원,내원,내원
20018,의료법인백송의료재단굿모닝병원,내원+출장,내원,내원+출장,내원,내원+출장,내원,내원,내원,내원
20019,의료법인양진의료재단평택성모병원,내원+출장,내원,내원,내원,내원+출장,내원,내원,내원,내원
20020,의료법인갈렌의료재단박병원,내원+출장,,,내원,내원+출장,내원,내원,내원,내원
20021,의료법인양진의료재단성세아이들병원,,내원,,,,,,,
20022,성심중앙병원,내원,,,내원,내원,내원,내원,내원,
20023,의료법인백성의료재단안중백병원,내원+출장,,내원,내원,내원+출장,내원,내원,내원,
20024,의료법인청파의료재단송탄중앙병원,내원,,,내원,내원,내원,내원,내원,
20025,서울제일병원,내원,,,내원,내원,내원,내원,내원,
20026,평택비전병원,내원,,,내원,내원,내원,,,
20027,스마일본병원,내원,,,,,,,,
20028,평택우리병원,내원,,,내원,내원,내원,,,
20029,서울으뜸소아청소년과의원,,내원,,,,,,,
20030,송정길내과의원,내원,,,내원,내원,내원,내원,내원,
20031,정동국내과의원,내원,,,내원,내원,내원,내원,내원,
20032,이광옥소아청소년과의원,,내원,,,,,,,
20033,평택미영상의학과의원,내원,,,,,내원,,,
20034,최유상소아청소년과의원,,내원,,,,,,,
20035,복음내과의원,내원,,,내원,내원,내원,,,
20036,비전의원,내원,,,,내원,내원,,,
20037,미소아과의원,,내원,,,,,,,
20038,연세가정의원,내원,,,내원,내원,내원,내원,내원,
20039,하나의원,내원,,,,,내원,,,
20040,지엔산부인과의원,,,,,,,내원,내원,
20041,행림내과의원,내원,,,,,,,,
20042,서울내과의원,내원,,,내원,내원,내원,내원,내원,
20043,아이맘한사랑의원,,내원,,,,,,,
20044,소망의원,내원,내원,,내원,내원,내원,내원,내원,
20045,안중산부인과의원,,,,,,,내원,내원,
20046,재우산부인과의원,,,,,,,,내원,
20047,이동석내과의원,내원,,,내원,내원,내원,,,
20048,이선미산부인과의원,,,,,,,,내원,
20049,더네이처소아청소년과의원,,내원,,,,,,,
20050,연세제일의원,내원,내원,,내원,,내원,,,
20051,의료법인양진의료재단성모아이들의원,,내원,,,,,,,
20052,현가정의원,내원,내원,,내원,,내원,,,
20053,이승균이비인후과의원,,내원,,,,,,,
20054,평택사랑외과의원,내원,,,내원,내원,내원,,,
20055,365래온치과병원,,,내원,,,,,,
20056,이완희치과의원,,,내원,,,,,,
20057,서울치과의원,,,내원,,,,,,
20058,이세용치과의원,,,내원,,,,,,
20059,올소플란트치과의원,,,내원,,,,,,
20060,우리치과의원,,,내원,,,,,,
20061,한길치과의원,,,내원,,,,,,
20062,스마일치과의원,,,내원,,,,,,
20063,안정T치과의원,,,내원,,,,,,
20064,현대치과의원,,,내원,,,,,,
20065,느낌이있는필치과의원,,,내원,,,,,,
20066,하북치과의원,,,내원,,,,,,
20067,우리치과의원,,,내원,,,,,,
20068,김환창치과의원,,,내원,,,,,,
20069,한동헌치과교정과치과의원,,,내원,,,,,,
20070,김영준치과의원,,,내원,,,,,,
20071,바른부부치과의원,,,내원+출장,,,,,,
20072,예인치과의원,,,내원,,,,,,
20073,조수현치과의원,,,내원,,,,,,
20074,나.오치과의원,,,내원,,,,,,
20075,사랑을심는치과의원,,,내원,,,,,,
20076,모은종치과의원,,,내원,,,,,,
20077,현치과의원,,,내원,,,,,,
20078,세브란스치과의원,,,내원,,,,,,
20079,안중근치과의원,,,내원,,,,,,
20080,엘치과의원,,,내원,,,,,,
20081,타임치과의원,,,내원,,,,,,
20082,치아사랑치과의원,,,내원,,,,,,
20083,박순규치과의원,,,내원,,,,,,
20084,심덕보치과의원,,,내원,,,,,,
20085,예스치과의원,,,내원,,,,,,
20086,에이스치과의원,,,내원,,,,,,
20087,행복한치과의원,,,내원,,,,,,
20088,수치과의원,,,내원,,,,,,
20089,예튼e치과의원,,,내원,,,,,,
20090,사과나무치과의원,,,내원+출장,,,,,,
20091,이미지연합치과의원,,,내원,,,,,,
20092,이튼치과의원,,,내원,,,,,,
20093,키즈웰치과의원,,,내원,,,,,,
20094,굿모닝치과의원,,,내원,,,,,,
20095,예손치과의원,,,내원,,,,,,
20096,이인치과의원,,,내원,,,,,,
20097,오복치과의원,,,내원,,,,,,
20098,사랑이가득한치과의원,,,내원,,,,,,
20099,고현치과의원,,,내원,,,,,,
20100,율치과의원,,,내원,,,,,,
20101,다나치과의원,,,내원,,,,,,
20102,평택본플란트치과의원,,,내원,,,,,,
20103,김치과의원,,,내원,,,,,,
20104,예원치과의원,,,내원,,,,,,
20105,연세웰치과의원,,,내원,,,,,,
20106,고덕이래치과의원,,,내원,,,,,,
20107,개운한김치과의원,,,내원,,,,,,
20108,경기치과의원,,,내원,,,,,,
20109,평택뉴욕치과의원,,,내원,,,,,,
20110,서울클래식치과의원,,,내원,,,,,,
20111,보스턴치과의원,,,내원,,,,,,
20112,미인플란트치과의원,,,내원+출장,,,,,,
20113,미소연치과의원,,,내원,,,,,,
20114,곰돌이키즈치과의원,,,내원,,,,,,
20115,뉴욕치과의원,,,내원,,,,,,
20116,보스톤드림치과의원,,,내원,,,,,,
20117,송탄참조은치과의원,,,내원,,,,,,
20118,워싱턴치과의원,,,내원,,,,,,
20119,서울다인치과의원,,,내원,,,,,,
20120,비전치과의원,,,내원,,,,,,
20121,부부치과의원,,,내원,,,,,,
20122,소중한치과의원,,,내원,,,,,,
20123,리오치과의원,,,내원,,,,,,
20124,이노스치과의원,,,내원,,,,,,
20125,미소린치과의원,,,내원,,,,,,
20126,화이트라인치과의원,,,내원,,,,,,
20127,오라클치과의원,,,내원,,,,,,
20128,흰돌치과의원,,,내원,,,,,,
20129,위드유치과교정과의원,,,내원,,,,,,
20130,원치과의원,,,내원,,,,,,
20131,포승연세치과의원,,,내원,,,,,,
20132,모두가원하는치과의원,,,내원,,,,,,
20133,반듯한이(e)치과교정과치과의원,,,내원,,,,,,
20134,평택하얀치과의원,,,내원,,,,,,
20135,이지치과의원,,,내원,,,,,,
20136,서울현치과의원,,,내원,,,,,,
20137,정감치과의원,,,내원,,,,,,
20138,서울하이치과의원,,,내원,,,,,,
20139,하이치과의원,,,내원,,,,,,
20140,송탄사과나무치과의원,,,내원,,,,,,
20141,바른이턱치과의원,,,내원,,,,,,
20142,김성수치과의원,,,내원,,,,,,
20143,본치과의원,,,내원,,,,,,
20144,서울유에스씨치과교정과치과의원,,,내원,,,,,,
20145,이로운치과의원,,,내원,,,,,,
20146,퍼스트어린이치과의원,,,내원,,,,,,
20147,와이치과의원,,,내원,,,,,,
20148,아트리움치과의원,,,내원,,,,,,
20149,베스트민치과의원,,,내원,,,,,,
20150,서울매일치과의원,,,내원,,,,,,
20151,서울본치과의원,,,내원,,,,,,
20152,자이안치과의원,,,내원,,,,,,
20153,송담M플란트치과의원,,,내원,,,,,,
20154,서울이라인치과교정과치과의원,,,내원,,,,,,
20155,열린치과의원,,,내원,,,,,,
20156,위드미치과의원,,,내원,,,,,,
20157,더바른치과의원,,,내원,,,,,,
20158,세교현대치과의원,,,내원,,,,,,
20159,키즈앤패밀리치과의원,,,내원,,,,,,
20160,서울비전치과의원,,,내원,,,,,,
20161,다올치과의원,,,내원,,,,,,
20162,서울S치과의원,,,내원,,,,,,
20163,사람사랑치과의원평택지제점,,,내원,,,,,,
20164,사이좋은치과의원,,,내원,,,,,,
20165,365이룩치과의원,,,내원,,,,,,
20166,서울오케이치과의원평택점,,,내원,,,,,,
20167,서울탑플란트치과의원,,,내원,,,,,,
20168,덴하우스구강악안면외과치과의원,,,내원,,,,,,
20169,당신의치과의원,,,내원,,,,,,
20170,서울심플치과의원,,,내원,,,,,,
20171,마음편한치과의원,,,내원,,,,,,
20172,정준치과의원,,,내원,,,,,,
20173,연세고덕에스치과의원,,,내원,,,,,,
20174,이플란트치과의원,,,내원,,,,,,
20175,열린오치과의원,,,내원,,,,,,
20176,지제센트럴치과의원,,,내원,,,,,,
20177,퍼스트탑치과의원,,,내원,,,,,,
20178,연세꿈꾸는치과교정과치과의원,,,내원,,,,,,
20179,안중윤치과의원,,,내원,,,,,,
20180,바로플란트치과의원,,,내원,,,,,,
20181,고덕키즈앤탑치과의원,,,내원,,,,,,
20182,팀플란트치과의원,,,내원,,,,,,
20183,미소플러스치과의원,,,내원,,,,,,
20184,더편한치과의원,,,내원,,,,,,
20185,더다나을치과의원,,,내원,,,,,,
20186,서울새로이치과의원,,,내원,,,,,,
20187,고덕바른차치과의원,,,내원,,,,,,
20188,유케이치과의원,,,내원,,,,,,
20189,오래오래치과의원,,,내원,,,,,,
20190,고덕퍼스트치과의원,,,내원,,,,,,
20191,송탄바른치과의원,,,내원,,,,,,
20192,함박미소치과의원,,,내원,,,,,,
20193,평택유디치과의원,,,내원,,,,,,
20194,연세이타임치과의원,,,내원,,,,,,
20195,나의인생치과의원,,,내원,,,,,,
20196,고덕프라임치과의원,,,내원,,,,,,
20197,서울제일치과의원,,,내원,,,,,,
20198,리젠치과의원,,,내원,,,,,,
20199,삼성스마트치과의원,,,내원,,,,,,
20200,서울클리어치과교정과치과의원,,,내원,,,,,,
20201,맘맘키즈치과의원,,,내원,,,,,,
20202,서울디테일치과의원,,,내원,,,,,,
20203,고덕애플치과의원,,,내원,,,,,,
20204,송탄더봄치과의원,,,내원,,,,,,
20205,탑치과의원,,,내원,,,,,,
20206,지제도솔한방병원,내원,,,,,,,,
20207,연세다온치과의원,,,내원,,,,,,
20208,하나로내과의원,내원,,,내원,내원,내원,,,
20209,아주의원,,내원,,,,,,,
20210,김두희가정의학과의원,,내원,,,,,,,
20211,평택연세내과의원,내원,,,내원,내원,내원,내원,,
20212,명내과의원,내원,,,내원,내원,내원,,,
20213,그레이시여성의원,,,,,,,,내원,
20214,강남뷰베스트의원,,,,,,,,내원,
20215,고려웰니스의원,내원,내원,,내원,,내원,,내원,
20216,삼성조은내과의원,내원,,,내원,내원,내원,내원,내원,
20217,라움산부인과의원,내원,내원,,,,,내원,내원,
20218,오제호내과의원,내원,,,내원,내원,내원,,,
20219,박샘소아청소년과의원,,내원,,,,,,,
20220,속편한내과의원,내원,,,내원,내원,내원,,,
20221,송승호내과의원,내원,,,내원,내원,내원,,,
20222,내몸애항외과의원,내원,,,,내원,,,,
20223,의료법인정오의료재단정음의원,내원,,,,,,,,
20224,건강드림내과의원,내원,,,내원,내원,내원,내원,내원,
20225,굿모닝내과의원,내원,,,내원,내원,내원,,,
20226,이승훈내과의원,내원,,,내원,내원,내원,,,
20227,봉봉소아청소년과의원,,내원,,,,,,,
20228,연세패밀리의원,,내원,,,,,,,
20229,서정성세의원,내원,내원,,내원,내원,내원,내원,내원,
20230,좋은샘가정의학과의원,,내원,,,,,,,
20231,오앤유내과영상의학과의원,내원,,,내원,내원,내원,내원,내원,
20232,고윤희산부인과외과의원,,,,,,,,내원,
20233,평택핑크리본외과의원,,,,,,,내원,,
20234,더네이처산부인과의원,,,,,,,,내원,
20235,건강한내과의원,내원,,,내원,내원,내원,내원,내원,
20236,코코이비인후과의원,,내원,,,,,,,
20237,연세허브가정의학과의원,내원,내원,,내원,내원,내원,,,
20238,군문메디컬의원,,내원,,,,,,,
20239,연세제일의원,내원,,,내원,내원,내원,내원,내원,
20240,연세로이외과의원,내원,,,내원,내원,내원,내원,내원,
20241,연세원내과의원,내원,,,내원,내원,내원,,,
20242,튼튼소아청소년과의원,,내원,,,,,,,
20243,키즈하임소아청소년과의원,,내원,,,,,,,
20244,평택시민의료소비자생활협동조합시민의원,내원,,,,,,,,
20245,서울수의원,,내원,,,,,,,
20246,서울강남내과의원,내원,,,내원,내원,내원,내원,내원,
20247,로뎀나무내과의원,내원,,,내원,내원,내원,,,
20248,포승백내과의원,내원,,,내원,내원,내원,,,
20249,맘시티소아청소년과의원,,내원,,,,,,,
20250,늘푸른가정의학과의원,,내원,,,,,,,
20251,삼성서울내과의원,내원,,,내원,내원,내원,,,
20252,예일산부인과의원,,내원,,,,,내원,내원,
20253,서울아산내과의원,내원,,,내원,내원,내원,내원,내원,
20254,제이에스의원,,,,,,,,내원,
20255,서담소아청소년과의원,,내원,,,,,,,
20256,메디케어의원,내원,,,내원,내원,내원,내원,내원,
20257,연세누리소아청소년과의원,,내원,,,,,,,
20258,삼성드림소아청소년과의원,,내원,,,,,,,
20259,서울탑내과의원,내원,,,내원,내원,내원,내원,내원,
20260,미래이비인후과소아청소년과의원,,내원,,,,,,,
20261,이정래산부인과의원,,,,,,,,내원,
20262,성모힐소아청소년과의원,,내원,,,,,,,
20263,서울아산연합의원,,내원,,,,,,,
20264,드림아이소아청소년과의원,,내원,,,,,,,
20265,우리든든내과의원,내원,,,내원,내원,내원,,,
20266,비전조은내과의원,내원,,,내원,내원,내원,,,
20267,성모유외과의원,내원,,,내원,내원,내원,내원,,
20268,서울유산부인과의원,,,,,,,내원,내원,
20269,포승튼튼의원,내원,,,,,,,,
20270,고덕연세내과의원,내원,,,내원,내원,내원,내원,내원,
20271,평택베스트내과의원,내원,,,내원,내원,내원,내원,내원,
20272,중앙의원,내원,,,내원,내원,내원,내원,,
20273,365그린가족의원,내원,내원,,,,,,,
20274,성모사랑내과의원,내원,,,내원,내원,내원,내원,내원,
20275,아산소리이비인후과의원,,내원,,,,,,,
20276,서울더블유내과평택고덕점의원,내원,,,내원,내원,내원,내원,내원,
20277,지엔연세소아청소년과의원,,내원,,,,,,,
20278,고덕타임내과의원,내원,,,내원,내원,내원,내원,내원,
20279,연세바른내과의원,내원,,,내원,내원,내원,내원,내원,
20280,연세우리아이소아청소년과의원,,내원,,,,,,,
20281,고덕바른소아청소년과의원,,내원,,,,,,,
20282,아이봄소아청소년과의원,,내원,,,,,,,
20283,지제성모내과의원,내원,,,내원,내원,내원,,,
20284,유키즈소아청소년과의원,,내원,,,,,,,
20285,속편한주내과의원,내원,,,내원,내원,내원,내원,내원,
20286,모산이음산부인과의원,,,,,,,내원,내원,
20287,아라온여성의원,,,,,,,,내원,
20288,삼성성모연합의원,내원,,,내원,내원,내원,,,
20289,송탄오케이의원,내원,,,내원,내원,내원,내원,내원,
20290,평택반디소아청소년과의원,,내원,,,,,,,
20291,더365의원,내원,,,,,,,,
20292,중앙치과의원,,,내원,,,,,,
20293,아이소망소아치과의원,,,내원,,,,,,
20294,약속플러스치과의원,,,내원,,,,,,
20295,모산아르떼치과의원,,,내원,,,,,,
20296,더하기치과의원,,,내원,,,,,,
20297,고덕마음쏙소아치과의원,,,내원,,,,,,
20298,동두천중앙성모병원,내원,,,내원,내원,내원,내원,내원,
20299,재)서울의원,내원,,,내원,내원,내원,,내원,
20300,제일산부인과의원,,,,,,,,내원,
20301,염산부인과의원,,,,,,,,내원,
20302,이영길내과의원,내원,,,내원,내원,내원,내원,내원,
20303,이강소아과의원,,내원,,,,,,,
20304,해성산부인과의원,내원,,,내원,내원,내원,내원,내원,
20305,이은종내과의원,내원,,,내원,내원,내원,내원,내원,
20306,서울앤서울소아과의원,,내원,,,,,,,
20307,서울이비인후과의원,,내원,,,,,,,
20308,안성훈치과의원,,,내원,,,,,,
20309,좋은얼굴최선배치과의원,,,내원,,,,,,
20310,즐거운최앤김치과의원,,,내원,,,,,,
20311,이치과의원,,,내원,,,,,,
20312,연세치과의원,,,내원,,,,,,
20313,미소드림치과의원,,,내원,,,,,,
20314,동두천치과의원,,,내원,,,,,,
20315,성모치과의원,,,내원,,,,,,
20316,동두천유디치과의원,,,내원,,,,,,
20317,가지런이치과교정과치과의원,,,내원,,,,,,
20318,조은아이치과의원,,,내원,,,,,,
20319,연세우람치과의원,,,내원,,,,,,
20320,탑치과의원,,,내원,,,,,,
20321,이웃사랑치과의원,,,내원,,,,,,
20322,서울좋은치과의원,,,내원,,,,,,
20323,큰치과의원,,,내원,,,,,,
20324,지행열린치과의원,,,내원,,,,,,
20325,연세세브란스치과의원,,,내원,,,,,,
20326,지행수치과의원,,,내원,,,,,,
20327,서울공감치과의원,,,내원,,,,,,
20328,온아치과의원,,,내원,,,,,,
20329,서울새로이치과의원,,,내원,,,,,,
20330,인플란트치과의원,,,내원,,,,,,
20331,아이맘소아청소년과의원,,내원,,,,,,,
20332,서울행복의원,내원,,,,,,,,
20333,속내과의원,내원,,,내원,내원,내원,내원,내원,
20334,수가정의학과의원,,내원,,,,,,,
20335,지행탑내과의원,내원,,,내원,내원,내원,내원,내원,
20336,성모바른내과의원,내원,,,내원,내원,내원,내원,내원,
20337,김봉환치과의원,,,내원,,,,,,
20338,YS삼성치과의원,,,내원,,,,,,
20339,서울S치과의원,,,내원,,,,,,
20340,김치과의원,,,내원,,,,,,
20341,웃음가득치과의원,,,내원,,,,,,
20342,행복한치과의원,,,내원,,,,,,
20343,연천군보건의료원,내원,내원,내원,내원,내원,내원,내원,내원,
20344,서울의원,내원,,,내원,내원,내원,,,
20345,왕편한내과의원,내원,,,내원,내원,내원,내원,내원,
20346,서울올바른치과의원,,,내원,,,,,,
20347,고려대학교의과대학부속안산병원,내원+출장,내원,,내원,내원,내원,내원,내원,
20348,대아의료재단한도병원,내원+출장,내원,내원+출장,내원,내원,내원,내원,내원,내원
20349,근로복지공단안산병원,내원+출장,내원,내원,내원,내원,내원,내원,내원,내원
20350,의료법인플러스의료재단단원병원,내원,내원,,내원,내원,내원,내원,내원,내원
20351,의료법인칠석의료재단사랑의병원,내원,,,내원,내원,내원,내원,내원,내원
20352,세창의료재단우성여성병원,내원,내원,,,,,내원,내원,
20353,동안산병원,내원,,,내원,내원,내원,내원,내원,
20354,박진영병원,내원,,,내원,내원,내원,,,
20355,기둥병원,내원,,,내원,내원,내원,내원,내원,
20356,의료법인서전의료재단한사랑병원,내원,내원,,내원,내원,내원,내원,내원,
20357,안산튼튼병원,내원,,,내원,,내원,,,
20358,에이스병원,내원,,,내원,내원,내원,내원,내원,
20359,온누리병원,내원,,,내원,내원,내원,내원,내원,
20360,제이케이병원,내원,,,,,,,,
20361,한빛여성병원,,내원,,,,,내원,내원,
20362,안산21세기병원,내원,,,내원,내원,내원,,,
20363,고든병원,내원,,,,,내원,,,
20364,이용주산부인과의원,,,,,,,,내원,
20365,안산서해의원,내원+출장,,,내원,내원+출장,내원,내원,내원,
20366,김태준내과의원,내원,,,내원,내원,내원,,,
20367,강남의원,내원,,,내원,내원,내원,,,
20368,참소아과의원,,내원,,,,,,,
20369,메이퀸이지은산부인과의원,,,,,,,내원,내원,
20370,김성봉내과의원,내원,,,내원,내원,내원,내원,내원,
20371,고광섭내과의원,내원,,,내원,내원,내원,,,
20372,김영준내과의원,내원,,,내원,,내원,,,
20373,정가정의원,내원,,,내원,,내원,,,
20374,유소아과의원,,내원,,,,,,,
20375,정우산부인과의원,,,,,,,,내원,
20376,고려메디웰의원,내원,,,내원,내원,내원,내원,내원,
20377,제일성모의원,내원,,,내원,,내원,,,
20378,삼성드림의원,내원,내원,,,,,,,
20379,명성의원,,내원,,,,,,,
20380,내마음내과의원,내원,,,내원,내원,내원,내원,내원,
20381,지성메디칼의원,내원,내원,,내원,내원,내원,내원,내원,
20382,이화산부인과의원,,,,,,,,내원,
20383,행복한여성의원,,,,,,,,내원,
20384,배현미산부인과의원,,,,,,,,내원,
20385,이홍준소아과의원,,내원,,,,,,,
20386,대한산업보건협회부설안산성모의원,내원+출장,,,,,,,,
20387,연세이비인후과의원,,내원,,,,,,,
20388,열린산부인과의원,,,,,,,,내원,
20389,선부고려소아과의원,,내원,,,,,,,
20390,연세꿈소아청소년과의원,,내원,,,,,,,
20391,연세의원,,,,,,,,내원,
20392,송기헌소아과의원,,내원,,,,,,,
20393,양세의원,내원,,,내원,내원,내원,,,
20394,미모산부인과의원,,,,,,,,내원,
20395,연세성모의원,,내원,,,,,,,
20396,서울성모의원,,내원,,,,,,,
20397,속편한내과의원,내원,,,내원,내원,내원,,,
20398,고잔우리들소아과의원,,내원,,,,,,,
20399,안산의료복지사회적협동조합새안산의원,내원,,,내원,내원,내원,내원,내원,
20400,B.M산부인과의원,,,,,,,내원,내원,
20401,이화소아청소년과의원,,내원,,,,,,,
20402,선부연세내과의원,내원,,,내원,내원,내원,내원,내원,
20403,필미즈의원,,,,,,,,내원,
20404,경혜신소아과의원,,내원,,,,,,,
20405,한사랑내과의원,내원,,,내원,내원,내원,,,
20406,현대내과의원,내원,,,내원,,내원,,,
20407,스마일내과의원,내원,,,내원,내원,내원,,,
20408,한마음소아청소년과의원,,내원,,,,,,,
20409,연세가정의학과의원,내원,,,내원,내원,내원,,,
20410,더베스트내과의원,내원,,,내원,내원,내원,내원,내원,
20411,서울내과의원,내원,,,내원,내원,내원,,,
20412,사랑드림내과의원,내원,,,,,내원,,,
20413,스타소아청소년과의원,,내원,,,,,,,
20414,이정선내과의원,내원,,,내원,내원,내원,,,
20415,건강한미래항외과의원,내원,,,내원,내원,내원,내원,내원,
20416,명문소아청소년과의원,,내원,,,,,,,
20417,조은맘산부인과의원,,,,,,,,내원,
20418,희망의원,,내원,,,,,,,
20419,하나의원,내원,내원,,내원,내원,,,,
20420,상록우리들소아청소년과의원,,내원,,,,,,,
20421,한국치과병원,,,내원,,,,,,
20422,궁치과병원,,,내원,,,,,,
20423,탑치과병원,,,내원+출장,,,,,,
20424,상치과의원,,,내원,,,,,,
20425,예인치과의원,,,내원,,,,,,
20426,이영규치과의원,,,내원,,,,,,
20427,참조은치과의원,,,내원,,,,,,
20428,오정진치과의원,,,내원,,,,,,
20429,연세제일치과의원,,,내원,,,,,,
20430,강현부부치과의원,,,내원,,,,,,
20431,다나치과의원,,,내원,,,,,,
20432,선치과의원,,,내원,,,,,,
20433,행복한치과의원,,,내원,,,,,,
20434,우성치과의원,,,내원,,,,,,
20435,하나치과의원,,,내원,,,,,,
20436,온누리치과의원,,,내원,,,,,,
20437,안산치과의원,,,내원,,,,,,
20438,대한치과의원,,,내원,,,,,,
20439,정영호치과의원,,,내원,,,,,,
20440,하상윤치과의원,,,내원,,,,,,
20441,노동주치과의원,,,내원,,,,,,
20442,서울치과의원,,,내원,,,,,,
20443,밝은치과의원,,,내원,,,,,,
20444,열린치과의원,,,내원,,,,,,
20445,한결치과의원,,,내원,,,,,,
20446,미서울치과의원,,,내원,,,,,,
20447,미치과의원,,,내원,,,,,,
20448,한사랑우리치과의원,,,내원,,,,,,
20449,명치과의원,,,내원,,,,,,
20450,한림치과의원,,,내원,,,,,,
20451,동안산치과의원,,,내원,,,,,,
20452,반월치과의원,,,내원,,,,,,
20453,김소강치과의원,,,내원,,,,,,
20454,신길치과의원,,,내원,,,,,,
20455,에이플란트치과의원,,,내원,,,,,,
20456,바른수치과의원,,,내원,,,,,,
20457,부곡치과의원,,,내원,,,,,,
20458,류창석치과의원,,,내원,,,,,,
20459,연세하늘치과의원,,,내원,,,,,,
20460,이가편한필치과의원,,,내원,,,,,,
20461,대웅치과의원,,,내원,,,,,,
20462,백치과의원,,,내원,,,,,,
20463,예쁜마음치과의원,,,내원,,,,,,
20464,편한e치과의원,,,내원,,,,,,
20465,늘푸른치과의원,,,내원,,,,,,
20466,임마누엘치과의원,,,내원,,,,,,
20467,백승호치과의원,,,내원,,,,,,
20468,새안산치과의원,,,내원,,,,,,
20469,형치과의원,,,내원,,,,,,
20470,미소가있는치과의원,,,내원,,,,,,
20471,미래치과의원,,,내원,,,,,,
20472,아름다운치과의원,,,내원,,,,,,
20473,상아치과의원,,,내원,,,,,,
20474,에이치앤에이치치과의원,,,내원,,,,,,
20475,맥치과의원,,,내원,,,,,,
20476,안녕하세요치과의원,,,내원,,,,,,
20477,이클린치과의원,,,내원,,,,,,
20478,푸른치과의원,,,내원,,,,,,
20479,베스트치과의원,,,내원,,,,,,
20480,강남치과의원,,,내원,,,,,,
20481,듀오치과의원,,,내원,,,,,,
20482,예스치과의원,,,내원,,,,,,
20483,공단치과의원,,,내원+출장,,,,,,
20484,킴스치과의원,,,내원,,,,,,
20485,예담치과의원,,,내원,,,,,,
20486,상록우리치과의원,,,내원,,,,,,
20487,안녕하세요부부치과의원,,,내원,,,,,,
20488,으뜸치과의원,,,내원,,,,,,
20489,미소인치과의원,,,내원,,,,,,
20490,해맑은치과의원,,,내원,,,,,,
20491,본오이사랑치과의원,,,내원,,,,,,
20492,세화치과의원,,,내원,,,,,,
20493,e-좋은치과의원,,,내원,,,,,,
20494,봄빛치과의원,,,내원,,,,,,
20495,효치과의원,,,내원,,,,,,
20496,진솔치과의원,,,내원,,,,,,
20497,e-편한치과의원,,,내원,,,,,,
20498,행복한어린이치과의원,,,내원,,,,,,
20499,해바라기치과의원,,,내원,,,,,,
20500,E-믿음치과의원,,,내원,,,,,,
20501,굿치과의원,,,내원,,,,,,
20502,한마음치과의원,,,내원,,,,,,
20503,예스플란트치과의원,,,내원,,,,,,
20504,화이트치과의원,,,내원,,,,,,
20505,상큼한치과의원,,,내원,,,,,,
20506,와동킴스치과의원,,,내원,,,,,,
20507,서울키즈파파치과의원,,,내원,,,,,,
20508,닥터조치과의원,,,내원,,,,,,
20509,삼성큐치과의원,,,내원,,,,,,
20510,한사랑치과의원,,,내원,,,,,,
20511,서울하이안치과의원,,,내원,,,,,,
20512,서울S치과의원,,,내원,,,,,,
20513,안산의료복지사회적협동조합새안산우리치과의원,,,내원,,,,,,
20514,일등치과의원,,,내원,,,,,,
20515,이엘치과의원,,,내원,,,,,,
20516,반월정성치과의원,,,내원+출장,,,,,,
20517,허브치과의원,,,내원,,,,,,
20518,서울ONE치과의원,,,내원,,,,,,
20519,M치과의원,,,내원,,,,,,
20520,이동훼미리치과의원,,,내원,,,,,,
20521,민들레치과의원,,,내원,,,,,,
20522,굿모닝치과의원,,,내원,,,,,,
20523,서울삼성치과의원,,,내원,,,,,,
20524,이튼치과의원,,,내원,,,,,,
20525,담덕치과의원,,,내원,,,,,,
20526,서울이플란트치과의원,,,내원,,,,,,
20527,수암치과의원,,,내원,,,,,,
20528,연세하이치과의원,,,내원,,,,,,
20529,정치과의원,,,내원,,,,,,
20530,우리가족치과의원,,,내원,,,,,,
20531,건강한e치과의원,,,내원,,,,,,
20532,안세치과의원,,,내원,,,,,,
20533,정인치과의원,,,내원,,,,,,
20534,유디중앙역치과의원,,,내원,,,,,,
20535,하늘치과의원,,,내원,,,,,,
20536,본연합치과의원,,,내원,,,,,,
20537,원의료소비자생활협동조합감골치과의원,,,내원,,,,,,
20538,미소담치과의원,,,내원,,,,,,
20539,두리서울치과의원,,,내원,,,,,,
20540,새이치과의원,,,내원,,,,,,
20541,독일치과의원,,,내원,,,,,,
20542,믿음치과의원,,,내원,,,,,,
20543,이-믿음치과의원,,,내원,,,,,,
20544,굿닥터플란트치과의원,,,내원,,,,,,
20545,초지메이저치과의원,,,내원,,,,,,
20546,서울위드치과의원,,,내원,,,,,,
20547,라임프로치과의원,,,내원,,,,,,
20548,이포유(e4u)치과의원,,,내원,,,,,,
20549,안산마인드치과의원,,,내원,,,,,,
20550,연세플란트치과의원,,,내원,,,,,,
20551,센트럴치과의원,,,내원,,,,,,
20552,베스트원치과의원,,,내원,,,,,,
20553,리앤키즈치과의원,,,내원,,,,,,
20554,미플란트치과의원,,,내원+출장,,,,,,
20555,서울신치과의원,,,내원,,,,,,
20556,안산본플란트치과의원,,,내원,,,,,,
20557,더서울디지털치과의원,,,내원,,,,,,
20558,자이탑치과의원,,,내원,,,,,,
20559,튼튼치과의원,,,내원,,,,,,
20560,더조은치과의원,,,내원,,,,,,
20561,서울지혜로운치과의원,,,내원,,,,,,
20562,처음가는소아치과의원,,,내원,,,,,,
20563,바로드림치과의원,,,내원,,,,,,
20564,연세세브란스치과의원,,,내원,,,,,,
20565,안산레이크치과의원,,,내원,,,,,,
20566,반월바른플란트치과의원,,,내원,,,,,,
20567,365오케이치과의원,,,내원,,,,,,
20568,연세리더스치과교정과치과의원,,,내원,,,,,,
20569,스타플란트치과의원,,,내원,,,,,,
20570,뉴욕정치과의원,,,내원,,,,,,
20571,서울중앙치과의원,,,내원,,,,,,
20572,안산중앙치과의원,,,내원,,,,,,
20573,서울안심치과의원,,,내원,,,,,,
20574,아이엠플란트치과의원,,,내원,,,,,,
20575,더화이트치과의원,,,내원,,,,,,
20576,상록제일치과의원,,,내원,,,,,,
20577,늘푸른한방병원,내원,,,,,,,,
20578,고잔제일소아과의원,,내원,,,,,,,
20579,서울가정의원,,내원,,,,,,,
20580,맑은샘이비인후과의원,,내원,,,,,,,
20581,진내과의원,내원,,,내원,내원,내원,내원,내원,
20582,연세조내과의원,내원,,,내원,내원,내원,,,
20583,한솔가정의학과의원,,내원,,,,,,,
20584,고잔연세소아청소년과의원,,내원,,,,,,,
20585,참조은내과의원,내원,,,내원,내원,내원,,내원,
20586,우리들내과의원,내원,,,내원,내원,내원,내원,,
20587,365열린의원,내원,내원,,,,,,,
20588,별소아청소년과의원,,내원,,,,,,,
20589,삼성키즈소아청소년과의원,,내원,,,,,,,
20590,해맑은소아청소년과의원,,내원,,,,,,,
20591,참내과의원,내원,,,내원,내원,내원,,내원,
20592,위내과의원,내원,,,내원,내원,내원,,,
20593,두리연합의원,내원,,,내원,내원,내원,내원,내원,
20594,굿모닝이비인후과의원,,내원,,,,,,,
20595,성민의원,내원,,,내원,내원,내원,내원,내원,
20596,드림소아청소년과의원,,내원,,,,,,,
20597,다솜의원,,내원,,,,,,,
20598,모아내과의원,내원,,,내원,내원,내원,,,
20599,강남수내과의원,내원,,,내원,내원,내원,,,
20600,안산무지개연합의원,내원,내원,,,,,,,
20601,한사랑의원,,내원,,,,,,,
20602,편한내과의원,내원,,,내원,내원,내원,,내원,
20603,365드림의원,,내원,,,,,,,
20604,제일조은내과의원,내원,,,내원,내원,내원,내원,,
20605,마음속내과의원,내원,,,내원,내원,내원,내원,내원,
20606,미즈피아산부인과의원,내원,내원,,,,,내원,내원,
20607,안산의료복지사회적협동조합새안산상록의원,내원,내원,,내원,,,,,
20608,마성호내과의원,내원,내원,,내원,,내원,,,
20609,원소아청소년과의원,,내원,,,,,,,
20610,베스트원의원,내원,,,내원,내원,내원,,,
20611,수가정의학과의원,내원,내원,,내원,,내원,내원,,
20612,365속시원한가정의학과의원,내원,,,내원,내원,내원,,,
20613,서울유항외과의원,내원,,,내원,내원,,,,
20614,한사랑외과의원,내원,,,내원,내원,내원,내원,,
20615,꾸러기소아청소년과의원,,내원,,,,,,,
20616,세인트파크산부인과의원,,,,,,,,내원,
20617,안산윤내과의원,내원,,,내원,내원,내원,내원,,
20618,유호여성의원,,,,,,,,내원,
20619,365장편한호내과의원,내원,,,내원,내원,내원,,,
20620,루카스건강검진센터루카스내과의원,내원,,,내원,내원,내원,내원,내원,
20621,안산중앙내과의원,내원,,,내원,내원,내원,내원,내원,
20622,삼성참편한내과의원,내원,,,내원,내원,내원,내원,내원,
20623,코알라소아청소년과의원,,내원,,,,,,,
20624,맑은수내과의원,내원,,,,,,,,
20625,안산봄내과의원,내원,,,,,,,내원,
20626,하트봄내과의원,내원,,,,,,,,
20627,중앙코끼리소아청소년과의원,,내원,,,,,,,
20628,우리예담의료소비자생활협동조합한국의원,내원,,,,,,,,
20629,연세새로운내과의원,내원,,,,,,,,
20630,온내과의원,내원,내원,,내원,내원,내원,내원,내원,
20631,로앤산부인과의원,,,,,,,,내원,
20632,초지라온산부인과의원,,,,,,,,내원,
20633,성심베스트내과의원,내원,,,내원,내원,내원,내원,내원,
20634,파인메디내과의원,내원,,,내원,내원,내원,내원,내원,
20635,이오내과의원,내원,,,,,,,,
20636,공단서울치과의원,,,내원,,,,,,
20637,심미치과의원,,,내원,,,,,,
20638,연세더편한치과의원,,,내원,,,,,,
20639,믿음플란트치과의원,,,내원,,,,,,
20640,우리약속치과의원,,,내원,,,,,,
20641,안산탑내과의원,내원,,,내원,내원,내원,내원,내원,
20642,서울은치과의원,,,내원,,,,,,
20643,아너스치과교정과치과의원,,,내원,,,,,,
20644,박상학소아청소년과의원,,내원,,,,,,,
20645,정선문내과의원,내원,,,내원,내원,내원,,,
20646,이기헌내과의원,내원,내원,,,,,,,
20647,김지영산부인과의원,,,,,,,,내원,
20648,이내과의원,내원,내원,,내원,내원,내원,,,
20649,과천예일의원,내원,,,,,내원,,,
20650,비욘드치과병원,,,내원,,,,,,
20651,방치과의원,,,내원,,,,,,
20652,명치과의원,,,내원,,,,,,
20653,렉스과천치과의원,,,내원,,,,,,
20654,그린치과의원,,,내원,,,,,,
20655,과천아름다운치과의원,,,내원,,,,,,
20656,한치과의원,,,내원,,,,,,
20657,신영치과의원,,,내원,,,,,,
20658,이즈치과의원,,,내원,,,,,,
20659,서울웰치과의원,,,내원,,,,,,
20660,과천호산나치과의원,,,내원,,,,,,
20661,예다한치과의원,,,내원,,,,,,
20662,연세세이브치과의원,,,내원,,,,,,
20663,리더스치과의원,,,내원,,,,,,
20664,LA성모치과의원,,,내원,,,,,,
20665,연세센트럴치과의원,,,내원,,,,,,
20666,연세과천사랑치과의원,,,내원,,,,,,
20667,고릴라소아치과의원,,,내원,,,,,,
20668,과천중앙치과의원,,,내원,,,,,,
20669,이주영치과의원,,,내원,,,,,,
20670,연세가정의학과의원,,내원,,,,,,,
20671,다솜소아청소년과의원,,내원,,,,,,,
20672,고운산부인과의원,,,,,,,,내원,
20673,탑내과의원,내원,,,내원,내원,내원,내원,내원,
20674,건강드림내과의원,내원,,,내원,내원,내원,내원,내원,
20675,포키즈소아청소년과의원,,내원,,,,,,,
20676,과천365소아청소년과의원,,내원,,,,,,,
20677,과천서울플러스내과의원,내원,,,내원,내원,내원,내원,내원,
20678,더편한내과의원,내원,,,내원,내원,내원,,,
20679,다봄아산내과의원,내원,,,내원,내원,내원,내원,내원,
20680,서울행복내과의원,내원,,,내원,내원,내원,내원,내원,
20681,삼성나비산부인과의원,,,,,,,,내원,
20682,삼성이튼치과의원,,,내원,,,,,,
20683,자이안치과의원,,,내원,,,,,,
20684,남양주한양병원,내원,,,내원,내원,내원,내원,내원,
20685,현대병원,내원,내원,내원,내원,내원,내원,내원,내원,내원
20686,남양주양병원,내원,,내원,내원,내원,내원,내원,내원,
20687,하나소아청소년과병원,내원,내원,,,,,,,
20688,남양주21세기병원,내원,,,내원,내원,내원,,,
20689,의료법인혜수의료재단베리굿병원,내원,,,내원,내원,내원,내원,내원,
20690,다산의료소비자생활협동조합정석소아청소년과병원,,내원,,,,,,,
20691,원병원,내원,,,내원,내원,내원,내원,내원,
20692,아이맘어린이병원,내원,내원,,,,,,,
20693,서울에이스병원,내원,,,내원,내원,내원,내원,내원,
20694,엘병원,내원,,내원,내원,내원,내원,내원,내원,
20695,삼성바른병원,내원,,,내원,내원,내원,내원,내원,
20696,남양주백병원,내원,,,내원,내원,내원,내원,내원,
20697,진접한양병원,내원,,,내원,내원,내원,내원,내원,
20698,혜성병원,내원,,,내원,내원,내원,내원,내원,
20699,다산청아람어린이병원,내원,내원,,,,,,,
20700,웰소아청소년과의원,,내원,,,,,,,
20701,은혜산부인과의원,,,,,,,,내원,
20702,전소아청소년과의원,,내원,,,,,,,
20703,이강석내과의원,내원,,,내원,,내원,,,
20704,열린메디칼의원,,내원,,,,,,,
20705,주리애산부인과의원,,,,,,,,내원,
20706,프렌닥터중앙의원,내원,,,내원,내원,내원,내원,내원,
20707,권오윤내과의원,내원,,,내원,내원,내원,내원,내원,
20708,안종훈내과의원,내원,,,내원,내원,내원,내원,내원,
20709,위드미메디컬소아청소년과의원,,내원,,,,,,,
20710,다산진소아청소년과의원,,내원,,,,,,,
20711,김철하소아청소년과의원,,내원,,,,,,,
20712,한양성모의원,내원,,,내원,내원,내원,,,
20713,이근산부인과의원,,,,,,,,내원,
20714,튼튼소아청소년과의원,,내원,,,,,,,
20715,염광의원,내원,,,내원,,내원,,내원,
20716,남정우산부인과의원,,,,,,,,내원,
20717,서울연합내과의원,내원,,,내원,내원,내원,내원,내원,
20718,서울의원,내원,,,내원,내원,내원,,,
20719,메디피아산부인과의원,내원,,,내원,내원,내원,내원,내원,
20720,오남삼성의원,내원,,,,,내원,,,
20721,민산부인과의원,,,,,,,,내원,
20722,김란산부인과의원,,,,,,,,내원,
20723,박내과의원,내원,,,내원,,내원,,,
20724,이명기내과의원,내원,,,내원,내원,내원,내원,내원,
20725,중앙내과의원,내원,,,,,,,,
20726,늘푸른의원,내원,,,내원,,내원,,,
20727,서울산부인과의원,,,,,,,,내원,
20728,오남이비인후과의원,,내원,,,,,,,
20729,연세사랑소아청소년과의원,,내원,,,,,,,
20730,진건메디의원,내원,,,내원,내원,내원,내원,내원,
20731,강내과의원,내원,,,내원,내원,내원,내원,,
20732,박종서내과의원,내원,,,내원,내원,내원,,,
20733,강의원,,내원,,,,,,,
20734,현대정형외과의원,내원,,,,,,,,
20735,호평아산내과의원,내원,,,내원,내원,내원,내원,내원,
20736,청학제일의원,내원,,,내원,내원,내원,,,
20737,별내마리산부인과의원,,내원,,,,,내원,내원,
20738,고려이비인후과의원,,내원,,,,,,,
20739,한사랑의원,내원,,,내원,,내원,,,
20740,우리내과의원,내원,,,내원,,,,,
20741,한나산부인과의원,,,,,,,,내원,
20742,삼성엠알진단방사선과의원,내원,내원,,내원,내원,내원,내원,내원,
20743,현대아산내과의원,내원,,,내원,내원,내원,내원,내원,
20744,박소아청소년과의원,,내원,,,,,,,
20745,장현치과의원,,,내원,,,,,,
20746,한양치과의원,,,내원,,,,,,
20747,최형수치과의원,,,내원,,,,,,
20748,해피스마일치과의원,,,내원,,,,,,
20749,예사랑치과의원,,,내원,,,,,,
20750,e그린치과의원,,,내원,,,,,,
20751,이원용치과의원,,,내원,,,,,,
20752,정치과의원,,,내원,,,,,,
20753,연세미치과의원,,,내원,,,,,,
20754,원치과의원,,,내원,,,,,,
20755,행복한미소치과의원,,,내원,,,,,,
20756,영재치과의원,,,내원,,,,,,
20757,백치과의원,,,내원,,,,,,
20758,진접치과의원,,,내원,,,,,,
20759,더뉴부부치과의원,,,내원,,,,,,
20760,양치과의원,,,내원,,,,,,
20761,덕소미치과의원,,,내원,,,,,,
20762,하와유치과의원,,,내원,,,,,,
20763,해맑은치과의원,,,내원,,,,,,
20764,대양치과의원,,,내원,,,,,,
20765,믿음치과의원,,,내원,,,,,,
20766,사랑치과의원,,,내원,,,,,,
20767,연세본치과의원,,,내원,,,,,,
20768,노기성치과의원,,,내원,,,,,,
20769,주치과의원,,,내원,,,,,,
20770,부부치과의원,,,내원,,,,,,
20771,지금치과의원,,,내원,,,,,,
20772,365치과의원,,,내원,,,,,,
20773,진접서울치과의원,,,내원,,,,,,
20774,미플러스치과의원,,,내원,,,,,,
20775,연세아트치과의원,,,내원,,,,,,
20776,이종석치과의원,,,내원,,,,,,
20777,스마일온치과의원,,,내원,,,,,,
20778,쥬니어치과의원,,,내원,,,,,,
20779,서울탑치과의원,,,내원,,,,,,
20780,연세김치과의원,,,내원,,,,,,
20781,치아나라치과교정과치과의원,,,내원,,,,,,
20782,백치과의원,,,내원,,,,,,
20783,엑셀란트치과의원,,,내원,,,,,,
20784,치아나라234치과의원,,,내원,,,,,,
20785,굿모닝치과의원,,,내원,,,,,,
20786,평내서울치과의원,,,내원,,,,,,
20787,이지플란트치과의원,,,내원,,,,,,
20788,별내보스톤치과의원,,,내원,,,,,,
20789,퍼스트치과의원,,,내원,,,,,,
20790,이스타일치과의원,,,내원,,,,,,
20791,마석치과의원,,,내원,,,,,,
20792,나비드키즈치과의원,,,내원,,,,,,
20793,하이서울치과의원,,,내원,,,,,,
20794,수치과의원,,,내원,,,,,,
20795,남양주클라인치과의원,,,내원,,,,,,
20796,요요치과의원,,,내원,,,,,,
20797,뉴욕플란트치과의원,,,내원,,,,,,
20798,서울OK치과의원,,,내원,,,,,,
20799,이앤이치과의원,,,내원,,,,,,
20800,유펜치과의원,,,내원,,,,,,
20801,삼성플러스치과의원,,,내원,,,,,,
20802,하나치과의원,,,내원,,,,,,
20803,UIC시카고치과의원,,,내원,,,,,,
20804,맑은이치과의원,,,내원,,,,,,
20805,이사랑부부치과의원,,,내원,,,,,,
20806,이맑은미소치과의원,,,내원,,,,,,
20807,연세믿음치과의원,,,내원,,,,,,
20808,애플치과의원,,,내원,,,,,,
20809,연세웰키즈치과의원,,,내원,,,,,,
20810,서울리드치과의원,,,내원,,,,,,
20811,하시온치과의원,,,내원,,,,,,
20812,다빛치과의원,,,내원,,,,,,
20813,진접애플치과의원,,,내원,,,,,,
20814,연세후치과의원,,,내원,,,,,,
20815,리더스치과의원,,,내원,,,,,,
20816,아름다운턱치과의원,,,내원,,,,,,
20817,하늘의정원치과의원,,,내원,,,,,,
20818,해피트리치과의원,,,내원,,,,,,
20819,다산예인치과의원,,,내원,,,,,,
20820,별내S치과의원,,,내원,,,,,,
20821,별내S주니어치과의원,,,내원,,,,,,
20822,마석타임치과의원,,,내원,,,,,,
20823,사랑심는치과의원,,,내원,,,,,,
20824,별내서울치과의원,,,내원,,,,,,
20825,서울엔치과의원,,,내원,,,,,,
20826,별내연세치과의원,,,내원,,,,,,
20827,연세W치과의원,,,내원,,,,,,
20828,열린치과의원,,,내원,,,,,,
20829,서울삼성치과의원,,,내원,,,,,,
20830,서울웰치과의원,,,내원,,,,,,
20831,다산센트럴치과의원,,,내원,,,,,,
20832,얼굴에미소치과의원,,,내원,,,,,,
20833,서울휴치과의원,,,내원,,,,,,
20834,이턱바로치과의원,,,내원,,,,,,
20835,하앤유치과의원,,,내원,,,,,,
20836,디지털프라임치과의원,,,내원,,,,,,
20837,귤치과의원,,,내원,,,,,,
20838,연세프렌즈치과의원,,,내원,,,,,,
20839,마석아트치과의원,,,내원,,,,,,
20840,설동주치과의원,,,내원,,,,,,
20841,서울행복치과의원,,,내원,,,,,,
20842,서울수치과의원,,,내원,,,,,,
20843,서울원치과의원,,,내원,,,,,,
20844,The열린치과의원,,,내원,,,,,,
20845,서울진접소아치과의원,,,내원,,,,,,
20846,행복한치과의원,,,내원,,,,,,
20847,연세조이치과의원,,,내원,,,,,,
20848,별내올치과의원,,,내원,,,,,,
20849,서울덕치과의원,,,내원,,,,,,
20850,미유치과의원,,,내원,,,,,,
20851,강남미소지음치과의원,,,내원,,,,,,
20852,이사랑치과의원,,,내원,,,,,,
20853,온아치과의원,,,내원,,,,,,
20854,별가람소아치과의원,,,내원,,,,,,
20855,이솔치과의원,,,내원,,,,,,
20856,라파엘치과의원,,,내원,,,,,,
20857,참좋은치과의원,,,내원,,,,,,
20858,준치과의원,,,내원,,,,,,
20859,조은미소치과의원,,,내원,,,,,,
20860,다산오아시스치과의원,,,내원,,,,,,
20861,연세고마운치과의원,,,내원,,,,,,
20862,마석서울연합치과의원,,,내원,,,,,,
20863,연세온가족치과의원,,,내원,,,,,,
20864,서울다산어린이치과의원,,,내원,,,,,,
20865,다산리더스치과의원,,,내원,,,,,,
20866,다산미소치과의원,,,내원,,,,,,
20867,서울퍼스트치과의원,,,내원,,,,,,
20868,다산이사랑치과의원,,,내원,,,,,,
20869,우리가족치과의원,,,내원,,,,,,
20870,이루어치과의원,,,내원,,,,,,
20871,이지영치과교정과치과의원,,,내원,,,,,,
20872,온아치과의원,,,내원,,,,,,
20873,서울리온치과의원,,,내원,,,,,,
20874,열린우리치과의원,,,내원,,,,,,
20875,다산아우름치과의원,,,내원,,,,,,
20876,서울라온치과의원,,,내원,,,,,,
20877,다산바른치과의원,,,내원,,,,,,
20878,지금편한치과의원,,,내원,,,,,,
20879,별내우리치과의원,,,내원,,,,,,
20880,바른마음치과의원,,,내원,,,,,,
20881,네플란트치과의원,,,내원,,,,,,
20882,서울연합치과의원,,,내원,,,,,,
20883,서울웃는아이치과의원,,,내원,,,,,,
20884,가디언즈치과의원,,,내원,,,,,,
20885,다산탑구강악안면외과치과의원,,,내원,,,,,,
20886,더퍼스트치과의원,,,내원,,,,,,
20887,연세미소미함치과의원,,,내원,,,,,,
20888,서울인성치과의원,,,내원,,,,,,
20889,서울알프하임치과의원,,,내원,,,,,,
20890,다모아치과의원,,,내원,,,,,,
20891,서울새로이치과의원,,,내원,,,,,,
20892,연세웰치과의원,,,내원,,,,,,
20893,다산이편한치과의원,,,내원,,,,,,
20894,서울오케이치과의원별가람점,,,내원,,,,,,
20895,호평나무치과의원,,,내원,,,,,,
20896,임플라인치과의원,,,내원,,,,,,
20897,맑은우리치과의원,,,내원,,,,,,
20898,별가람치과의원,,,내원,,,,,,
20899,아이엔소아치과의원,,,내원,,,,,,
20900,이로이치과의원,,,내원,,,,,,
20901,오남임플라인치과의원,,,내원,,,,,,
20902,심영보치과보존과의원,,,내원,,,,,,
20903,원플란트치과의원,,,내원,,,,,,
20904,서울힘찬플란트치과의원,,,내원,,,,,,
20905,휴메디병원,내원,,,내원,내원,내원,내원,내원,
20906,삼성성인내과의원,내원,,,내원,내원,내원,내원,,
20907,고운여성의원,,,,,,,,내원,
20908,행복한연세가정의학과의원,,내원,,,,,,,
20909,시원한이비인후과의원,,내원,,,,,,,
20910,서울아산내과의원,내원,,,내원,내원,내원,,,
20911,주내과의원,내원,,,내원,내원,내원,내원,내원,
20912,홍순철소아청소년과의원,,내원,,,,,,,
20913,한사랑내과의원,내원,,,내원,,내원,,,
20914,참의원,내원,,,내원,,내원,,,
20915,굿모닝이비인후과의원,,내원,,,,,,,
20916,조은산부인과의원,,,,,,,,내원,
20917,오남강내과의원,내원,,,내원,,내원,,,
20918,삼성서울연합의원,내원,,,내원,내원,내원,내원,내원,
20919,문소아청소년과의원,,내원,,,,,,,
20920,소망의원,,내원,,,,,,,
20921,김경욱내과의원,내원,,,내원,내원,내원,,,
20922,참소아청소년과의원,,내원,,,,,,,
20923,관절사랑정형외과의원,,내원,,,,,,,
20924,최진현소아청소년과의원,,내원,,,,,,,
20925,편한내과의원,내원,,,내원,내원,내원,내원,,
20926,연세가정의학과의원,내원,내원,,내원,내원,내원,,,
20927,해비치소아청소년과의원,,내원,,,,,,,
20928,김소아청소년과의원,,내원,,,,,,,
20929,연세스타의원,,내원,,,,,,,
20930,삼성에이스내과의원,내원,,,내원,내원,내원,,,
20931,밝은아이소아청소년과의원,,내원,,,,,,,
20932,드림아이산부인과의원,,,,,,,,내원,
20933,한내과의원,내원,내원,,내원,내원,내원,내원,내원,
20934,해맑은소아청소년과의원,,내원,,,,,,,
20935,미앤느여성의원,,,,,,,,내원,
20936,그릿시내내과의원,내원,,,내원,내원,,,내원,
20937,신플러스내과의원,내원,,,내원,내원,내원,,,
20938,참내과의원,내원,,,내원,,내원,,,
20939,드림산부인과의원,,,,,,,,내원,
20940,연세별가람소아청소년과의원,,내원,,,,,,,
20941,아이메디컬의원,내원,내원,,,,,,,
20942,프라임내과의원,내원,,,내원,내원,내원,내원,내원,
20943,서봉수내과의원,내원,,,내원,내원,내원,내원,내원,
20944,이룸이비인후과의원,,내원,,,,,,,
20945,해밀소아청소년과의원,,내원,,,,,,,
20946,The서울아산내과의원,내원,,,내원,내원,내원,내원,내원,
20947,마석아산내과의원,내원,,,내원,내원,내원,내원,,
20948,삼성드림소아청소년과의원,,내원,,,,,,,
20949,서울드림내과의원,내원,,,내원,내원,내원,내원,내원,
20950,임내과의원,내원,,,내원,내원,내원,내원,내원,
20951,바른내과의원,내원,,,내원,내원,내원,,,
20952,위드유소아청소년과의원,,내원,,,,,,,
20953,다산지아이내과의원,내원,,,내원,내원,내원,,,
20954,진접아산내과의원,내원,,,내원,내원,내원,내원,내원,
20955,다산바른내과의원,내원,,,내원,내원,내원,내원,내원,
20956,별내편한내과의원,내원,,,내원,내원,내원,내원,내원,
20957,삼성키즈소아청소년과의원,,내원,,,,,,,
20958,다산정내과의원,내원,,,내원,내원,내원,내원,내원,
20959,라라봄소아청소년과의원,,내원,,,,,,,
20960,다산소연산부인과의원,,,,,,,내원,내원,
20961,아산장편한내과의원,내원,,,내원,내원,내원,내원,내원,
20962,아산봄소아청소년과의원,,내원,,,,,,,
20963,다산길내과의원,내원,,,내원,내원,내원,,,
20964,화도연합내과의원,내원,,,내원,내원,내원,내원,내원,
20965,건강드림내과의원,내원,,,내원,내원,내원,내원,내원,
20966,속편한아산내과의원,내원,,,내원,내원,내원,내원,,
20967,솔소아청소년과의원,,내원,,,,,,,
20968,연세별내내과의원,내원,,,내원,내원,내원,내원,내원,
20969,서울굿모닝내과의원,내원,,,내원,내원,내원,내원,내원,
20970,방글소아청소년과의원,,내원,,,,,,,
20971,서울온케어의원,내원,,,,,,,,
20972,금곡의원,내원,,,,,,,,
20973,바른아산내과의원,내원,,,내원,내원,내원,내원,내원,
20974,한앤수소아청소년과의원,,내원,,,,,,,
20975,삼성베스트유외과의원,,,,,,,내원,,
20976,다산항외과의원,내원,,,내원,내원,,,,
20977,남양주프라임정형외과의원,내원,,,내원,내원,내원,,,
20978,유앤미산부인과의원,,,,,,,,내원,
20979,별내박내과의원,내원,,,내원,내원,내원,내원,내원,
20980,채움플러스의원별내,내원,,,내원,내원,내원,내원,내원,
20981,다산유외과의원,,,,,,,내원,,
20982,고려엔도홍내과의원,내원,,,내원,내원,내원,내원,,
20983,청담수여성의원,,,,,,,,내원,
20984,다산김소아청소년과의원,,내원,,,,,,,
20985,삼성바른내과의원,내원,,,내원,내원,내원,내원,내원,
20986,성모온산부인과의원,,,,,,,,내원,
20987,굿모닝메디의원,내원,,,내원,내원,내원,내원,내원,
20988,아이언소아청소년과의원,,내원,,,,,,,
20989,아산더편한산부인과의원,,,,,,,,내원,
20990,연세고래소아청소년과의원,,내원,,,,,,,
20991,건강한내과의원,내원,,,내원,내원,내원,,,
20992,바른우리의원,,내원,,,,,,,
20993,서울퍼스트내과의원,내원,,,내원,내원,내원,내원,내원,
20994,연세도곡내과의원,내원,,,내원,내원,내원,내원,내원,
20995,황창연내과의원,내원,,,내원,내원,내원,,,
20996,다산봄소아청소년과의원,,내원,,,,,,,
20997,올바른소아청소년과의원,,내원,,,,,,,
20998,규림소아청소년과의원,,내원,,,,,,,
20999,삼성프라임산부인과의원,,내원,,,,,,내원,
21000,마석심내과의원,내원,,,내원,내원,내원,,,
21001,다산우리내과의원,내원,,,내원,내원,내원,내원,내원,
21002,김지영산부인과의원,,,,,,,,내원,
21003,아산튼튼소아청소년과의원,,내원,,,,,,,
21004,청학의원,내원,,,내원,내원,내원,내원,내원,
21005,김상희유외과의원,,,,,,,내원,,
21006,김은옥소아청소년과의원,,내원,,,,,,,
21007,남양주퍼스트내과의원,내원,,,내원,내원,내원,,,
21008,다산민내과의원,내원,,,내원,내원,내원,내원,내원,
21009,드림팩토리치과의원,,,내원,,,,,,
21010,다산플러스치과의원,,,내원,,,,,,
21011,모두찾는치과의원,,,내원,,,,,,
21012,올바름치과의원,,,내원,,,,,,
21013,다산베스트치과의원,,,내원,,,,,,
21014,르함치과의원,,,내원,,,,,,
21015,다모아치과의원,,,내원,,,,,,
21016,서울우리치과의원,,,내원,,,,,,
21017,서울우리들치과의원,,,내원,,,,,,
21018,바른정치과의원,,,내원,,,,,,
21019,한양치과의원,,,내원,,,,,,
21020,연세별빛미소치과의원,,,내원,,,,,,
21021,늘봄박치과의원,,,내원,,,,,,
21022,서울제대로치과의원,,,내원,,,,,,
21023,서울리움치과의원,,,내원,,,,,,
21024,서울브라보치과의원,,,내원,,,,,,
21025,천사치과의원,,,내원,,,,,,
21026,평내미소치과의원,,,내원,,,,,,
21027,나비드치과의원,,,내원,,,,,,
21028,소화연웰니스내과의원,내원,,,내원,내원,내원,내원,내원,
21029,덕소탑내과의원,내원,,,내원,내원,내원,내원,내원,
21030,인서현치과의원,,,내원,,,,,,
21031,에이치제이매그놀리아국제병원,내원,내원,,내원,내원,내원,내원,내원,
21032,홍인의원,내원,,,내원,내원,내원,내원,내원,
21033,한림의원,내원,,,내원,,내원,,,
21034,임내과의원,내원,,,내원,내원,내원,내원,내원,
21035,제일부부치과의원,,,내원+출장,,,,,,
21036,서울치과의원,,,내원,,,,,,
21037,류치과의원,,,내원,,,,,,
21038,서울마음치과의원,,,내원,,,,,,
21039,연세이사랑치과의원,,,내원,,,,,,
21040,에이치제이매그놀리아국제치과의원,,,내원,,,,,,
21041,우리들치과의원,,,내원,,,,,,
21042,현리명치과의원,,,내원,,,,,,
21043,서울연합치과의원,,,내원,,,,,,
21044,푸른치과의원,,,내원,,,,,,
21045,가평본치과의원,,,내원,,,,,,
21046,신동미소치과의원,,,내원,,,,,,
21047,이편한치과의원,,,내원,,,,,,
21048,뉴욕치과의원,,,내원,,,,,,
21049,천병철내과의원,내원,,,내원,내원,내원,,,
21050,서울베스트치과의원,,,내원,,,,,,
21051,연세세브란스치과의원,,,내원,,,,,,
21052,서울정성치과의원,,,내원,,,,,,
21053,오산한국병원,내원+출장,내원,내원+출장,내원,내원+출장,내원,내원,내원,내원
21054,조은오산병원,내원+출장,내원,,내원,내원+출장,내원,내원,내원,내원
21055,서울어린이병원,,내원,,,,,,,
21056,버팀병원,내원,,,내원,내원,내원,,,
21057,오산세종병원,내원,,,,,내원,,,
21058,송호욱병원,내원,,,,,,,,
21059,웰봄병원,,내원,,,,,,,
21060,삼성본병원,내원,,,내원,내원,내원,내원,내원,
21061,오산메디컬재활요양병원,내원,,,,,,,,
21062,김상현소아청소년과의원,,내원,,,,,,,
21063,현소아청소년과의원,,내원,,,,,,,
21064,문소아청소년과의원,,내원,,,,,,,
21065,김성우의원,,내원,,,,,,,
21066,우먼필산부인과의원,,내원,,,,,내원,내원,
21067,송철용의원,,내원,,,,,,,
21068,강정협내과의원,내원,내원,,내원,내원,내원,,,
21069,예가정의학과의원,내원,내원,,,,,,내원,
21070,세교아주소아청소년과의원,,내원,,,,,,,
21071,황운정산부인과의원,,,,,,,,내원,
21072,유림치과병원,,,내원,,,,,,
21073,박치과의원,,,내원,,,,,,
21074,한빛치과의원,,,내원,,,,,,
21075,화이트덴트치과의원,,,내원,,,,,,
21076,연세퍼스트치과의원,,,내원,,,,,,
21077,마이홈치과의원,,,내원+출장,,,,,,
21078,열린치과의원,,,내원,,,,,,
21079,한길치과의원,,,내원,,,,,,
21080,미래치과의원,,,내원,,,,,,
21081,바른이치과의원,,,내원,,,,,,
21082,그린치과의원,,,내원,,,,,,
21083,세교미소치과의원,,,내원,,,,,,
21084,한마음치과의원,,,내원,,,,,,
21085,삼성플란트치과의원,,,내원,,,,,,
21086,로덴부부치과의원,,,내원,,,,,,
21087,평화치과의원,,,내원,,,,,,
21088,이젤치과의원,,,내원,,,,,,
21089,애플치과의원,,,내원,,,,,,
21090,스마일치과의원,,,내원,,,,,,
21091,명인치과의원,,,내원,,,,,,
21092,미소드림치과의원,,,내원,,,,,,
21093,연세올리브치과의원,,,내원,,,,,,
21094,햇살좋은치과의원,,,내원,,,,,,
21095,한사랑치과의원,,,내원,,,,,,
21096,새이로치과의원,,,내원,,,,,,
21097,오산수치과의원,,,내원,,,,,,
21098,키즈웰치과의원,,,내원,,,,,,
21099,원플란트치과의원,,,내원,,,,,,
21100,연세준치과의원,,,내원,,,,,,
21101,연세삼성치과의원,,,내원,,,,,,
21102,연세밀레니엄치과의원,,,내원,,,,,,
21103,메트로치과의원,,,내원,,,,,,
21104,세교플러스치과의원,,,내원,,,,,,
21105,네이버치과의원,,,내원,,,,,,
21106,곰플란트치과의원,,,내원,,,,,,
21107,라임치과의원,,,내원,,,,,,
21108,미플란트치과의원,,,내원,,,,,,
21109,아이숲치과의원,,,내원,,,,,,
21110,오산본플란트치과의원,,,내원,,,,,,
21111,장인치과의원,,,내원,,,,,,
21112,서울햇빛어린이치과의원,,,내원,,,,,,
21113,오산미소치과의원,,,내원,,,,,,
21114,오산시민치과의원,,,내원,,,,,,
21115,튼튼치과의원,,,내원,,,,,,
21116,세교하늘치과의원,,,내원,,,,,,
21117,서울늘솜치과의원,,,내원,,,,,,
21118,세교퍼스트치과의원,,,내원,,,,,,
21119,오늘은치과의원,,,내원,,,,,,
21120,서울버팀치과의원,,,내원+출장,,,,,,
21121,세교엘리트치과의원,,,내원,,,,,,
21122,세교이편한치과의원,,,내원,,,,,,
21123,연세치과의원,,,내원,,,,,,
21124,킹콩치과의원,,,내원,,,,,,
21125,세교아이들치과의원,,,내원,,,,,,
21126,이조은치과의원,,,내원+출장,,,,,,
21127,연세e편한치과의원,,,내원,,,,,,
21128,오산디에스치과의원,,,내원,,,,,,
21129,이포유치과의원,,,내원,,,,,,
21130,공룡치과의원,,,내원+출장,,,,,,
21131,유앤이치과의원,,,내원+출장,,,,,,
21132,서울수려한치과의원,,,내원,,,,,,
21133,서울홍진선치과의원,,,내원,,,,,,
21134,오산다원의료소비자생활협동조합참조은치과의원,,,내원,,,,,,
21135,365서울차오름치과의원,,,내원,,,,,,
21136,다원플란트치과의원,,,내원,,,,,,
21137,365라온누리치과의원,,,내원,,,,,,
21138,이소치과의원,,,내원,,,,,,
21139,유준상가정의학과의원,,내원,,,,,,,
21140,이호수내과의원,내원,,,내원,내원,,,,
21141,항편한외과의원,내원,,,내원,내원,,,,
21142,속편한내과의원,내원,,,내원,내원,내원,,,
21143,무지개연합의원,,내원,,,,,,,
21144,연세정의원,내원,,,내원,내원,내원,,내원,
21145,오산시민의원,내원,,,,,,,,
21146,행복한가족의원,,내원,,,,,,,
21147,참사랑내과의원,내원,,,내원,내원,내원,,,
21148,오산다원의료소비자생활협동조합참조은의원,내원+출장,,,,,,,,
21149,오산산부인과의원,,,,,,,내원,내원,
21150,건강한가족의원,내원,내원,,내원,내원,내원,내원,내원,
21151,삼성연합의원,내원,,,,,,,,
21152,세교중앙내과의원,내원,,,내원,내원,내원,내원,내원,
21153,삼성드림소아청소년과의원,,내원,,,,,,,
21154,연세우리소아청소년과의원,,내원,,,,,,,
21155,연세원내과의원,내원,,,내원,내원,내원,내원,내원,
21156,웰봄내과의원,내원,,,내원,내원,내원,내원,,
21157,누리소아청소년과의원,,내원,,,,,,,
21158,세교삼성내과의원,내원,,,내원,내원,내원,내원,내원,
21159,온가족소아청소년과의원,,내원,,,,,,,
21160,장편한현내과의원,내원,,,내원,내원,내원,내원,내원,
21161,오케이성모내과의원,내원,,,내원,내원,내원,내원,내원,
21162,바른수내과의원,내원,,,내원,내원,내원,내원,,
21163,서울웰치과의원,,,내원,,,,,,
21164,서울아름다운치과의원,,,내원,,,,,,
21165,원광대학교산본병원,내원,내원,내원,내원,내원,내원,내원,내원,내원
21166,효산의료재단지샘병원,내원+출장,내원,내원+출장,내원,내원,내원,내원,내원,내원
21167,산본제일병원,내원,내원,,내원,내원,내원,내원,내원,
21168,남천병원,내원+출장,,내원,내원,내원+출장,내원,내원,내원,
21169,연세항맥외과의원,내원,,,내원,내원,내원,내원,,
21170,사랑이가득한소아과의원,,내원,,,,,,,
21171,한사랑소아과의원,,내원,,,,,,,
21172,하늘소아청소년과의원,,내원,,,,,,,
21173,좋은숨김휘정내과의원,내원,,,내원,내원,내원,,,
21174,오내과의원,내원,,,내원,,내원,,,
21175,김정호내과의원,내원,,,내원,,내원,,,
21176,남연호내과의원,내원,,,내원,,내원,,,
21177,홍기영내과의원,내원,,,내원,,내원,,,
21178,김석헌내과의원,내원,,,내원,내원,내원,,,
21179,연세속시원의원,내원,,,내원,내원,내원,내원,,
21180,김성근내과의원,내원,,,내원,,내원,,,
21181,전소아과의원,,내원,,,,,,,
21182,천내과의원,내원,,,내원,내원,내원,,,
21183,드림연합소아청소년과의원,,내원,,,,,,,
21184,중앙신경외과의원,,내원,,,,,,,
21185,세인소아청소년과의원,,내원,,,,,,,
21186,건강드림내과영상의학과의원,내원,,,내원,내원,내원,내원,내원,
21187,김영환소아과의원,,내원,,,,,,,
21188,산본연세내과의원,내원,,,내원,내원,내원,,,
21189,윈치과병원,,,내원,,,,,,
21190,곽종민치과의원,,,내원,,,,,,
21191,군포치과의원,,,내원,,,,,,
21192,김건치과의원,,,내원,,,,,,
21193,서치과의원,,,내원,,,,,,
21194,김상우치과의원,,,내원,,,,,,
21195,가든치과의원,,,내원,,,,,,
21196,양치과의원,,,내원,,,,,,
21197,서울플러스치과의원,,,내원,,,,,,
21198,산본치과의원,,,내원,,,,,,
21199,본치과의원,,,내원,,,,,,
21200,조병도치과의원,,,내원,,,,,,
21201,제일치과의원,,,내원,,,,,,
21202,송치과의원,,,내원,,,,,,
21203,한솔치과의원,,,내원,,,,,,
21204,최재기치과의원,,,내원,,,,,,
21205,연세치과의원,,,내원,,,,,,
21206,중앙치과의원,,,내원,,,,,,
21207,조시형치과의원,,,내원,,,,,,
21208,예인부부치과의원,,,내원,,,,,,
21209,이규호치과의원,,,내원,,,,,,
21210,온누리예치과의원,,,내원,,,,,,
21211,선우치과의원,,,내원,,,,,,
21212,문윤자치과의원,,,내원,,,,,,
21213,뿌리치과의원,,,내원,,,,,,
21214,김이서울치과의원,,,내원,,,,,,
21215,우리치과의원,,,내원,,,,,,
21216,스마일라인치과의원,,,내원,,,,,,
21217,엠디치과의원,,,내원,,,,,,
21218,한양치과의원,,,내원,,,,,,
21219,정수치과의원,,,내원,,,,,,
21220,미소부부치과의원,,,내원,,,,,,
21221,다솜연세치과의원,,,내원,,,,,,
21222,미플러스치과의원,,,내원,,,,,,
21223,오앤드정부부치과의원,,,내원,,,,,,
21224,베스트플란트치과의원,,,내원,,,,,,
21225,가나치과의원,,,내원,,,,,,
21226,로얄패밀리치과의원,,,내원,,,,,,
21227,신연세치과의원,,,내원,,,,,,
21228,연세123치과교정과치과의원,,,내원,,,,,,
21229,세아치과의원,,,내원,,,,,,
21230,에이스치과의원,,,내원,,,,,,
21231,e-좋은치과의원,,,내원,,,,,,
21232,이엔미치과의원,,,내원,,,,,,
21233,365더편한치과의원,,,내원,,,,,,
21234,김현치과교정과치과의원,,,내원,,,,,,
21235,수치과의원,,,내원,,,,,,
21236,하나치과의원,,,내원,,,,,,
21237,이튼치과의원,,,내원,,,,,,
21238,명문치과의원,,,내원,,,,,,
21239,굿모닝치과의원,,,내원,,,,,,
21240,즐거운치과의원,,,내원,,,,,,
21241,산본효치과의원,,,내원+출장,,,,,,
21242,프라임치과의원,,,내원,,,,,,
21243,상쾌한치과의원,,,내원,,,,,,
21244,e-미소치과의원,,,내원,,,,,,
21245,산본어린이치과의원,,,내원,,,,,,
21246,하늘치과의원,,,내원,,,,,,
21247,연세수치과의원,,,내원,,,,,,
21248,서울하이안치과의원,,,내원,,,,,,
21249,한빛치과의원,,,내원,,,,,,
21250,군포에이스치과의원,,,내원,,,,,,
21251,오케이치과의원,,,내원,,,,,,
21252,유디치과의원,,,내원,,,,,,
21253,연세탑치과의원,,,내원,,,,,,
21254,서울휴먼치과의원,,,내원,,,,,,
21255,스마트치과의원,,,내원,,,,,,
21256,산본나란이치과의원,,,내원,,,,,,
21257,연세문치과의원,,,내원,,,,,,
21258,한사랑치과의원,,,내원,,,,,,
21259,서울아이티치과의원,,,내원,,,,,,
21260,군포도담치과의원,,,내원,,,,,,
21261,플레루김치과의원,,,내원,,,,,,
21262,이지원치과교정과치과의원,,,내원,,,,,,
21263,바로이치과의원,,,내원,,,,,,
21264,잘해주는치과의원,,,내원,,,,,,
21265,산본엘치과의원,,,내원,,,,,,
21266,참이지치과의원,,,내원,,,,,,
21267,서울에스치과의원,,,내원,,,,,,
21268,순수치과의원,,,내원,,,,,,
21269,예미담치과의원,,,내원,,,,,,
21270,산본유니드치과의원,,,내원,,,,,,
21271,화이트치과의원,,,내원,,,,,,
21272,미래플란트치과의원,,,내원,,,,,,
21273,군포본플란트치과의원,,,내원,,,,,,
21274,서울해수치과의원,,,내원,,,,,,
21275,서울미라클치과의원,,,내원,,,,,,
21276,서울이랑드치과의원,,,내원,,,,,,
21277,베스트플란트치과의원,,,내원,,,,,,
21278,마음치주과치과의원,,,내원,,,,,,
21279,군포365치과의원,,,내원,,,,,,
21280,연세바로세움치과의원,,,내원,,,,,,
21281,박형근내과의원,내원,,,내원,내원,내원,내원,,
21282,연세선내과의원,내원,,,내원,,내원,,,
21283,엔젤산부인과의원,,,,,,,,내원,
21284,속편한내과의원,내원,,,내원,내원,내원,내원,내원,
21285,늘푸른소아과의원,,내원,,,,,,,
21286,현대중앙의원,내원,,,내원,,내원,,,
21287,삼성조은내과의원,내원,,,내원,내원,내원,내원,내원,
21288,은하여성의원,,,,,,,내원,내원,
21289,준내과의원,내원,,,내원,내원,내원,,,
21290,부곡사랑빛의원,내원,내원,,,,,,,
21291,솔소아청소년과의원,,내원,,,,,,,
21292,365편한내과의원,내원,,,내원,내원,내원,,,
21293,마음속내과의원,내원,,,내원,내원,내원,내원,,
21294,엘키즈의원,,내원,,,,,,,
21295,더건강한내과의원,내원,,,내원,내원,내원,내원,내원,
21296,정은주산부인과의원,,,,,,,,내원,
21297,김성진내과의원,내원,,,,,,,,
21298,마음유외과의원,,,,,,,내원,,
21299,서울굿모닝내과의원,내원,,,내원,내원,내원,내원,내원,
21300,산본연세소아청소년과의원,,내원,,,,,,,
21301,아름다운항외과의원,내원,,,내원,내원,내원,,,
21302,더스마트의원,내원,내원,,,,,,,
21303,연세이현진산부인과의원,,,,,,,,내원,
21304,프라임내과의원,내원,,,내원,내원,내원,내원,내원,
21305,서울삼성치과의원,,,내원,,,,,,
21306,서울우리치과의원,,,내원,,,,,,
21307,서울그린치과의원,,,내원,,,,,,
21308,의료법인의왕시티의료재단시티병원,내원,,,내원,내원,내원,내원,내원,
21309,서울소아청소년과의원,,내원,,,,,,,
21310,정내과의원,내원,,,내원,,내원,,,
21311,더미래소아청소년과의원,,내원,,,,,,,
21312,롯데정내과의원,내원,,,내원,내원,내원,내원,,
21313,박현희산부인과의원,,,,,,,,내원,
21314,의왕연세소아청소년과의원,,내원,,,,,,,
21315,누리이비인후과의원,,내원,,,,,,,
21316,부곡내과의원,내원,,,,,내원,,,
21317,의왕예치과의원,,,내원,,,,,,
21318,노박치과의원,,,내원,,,,,,
21319,미소치과의원,,,내원,,,,,,
21320,박일윤치과의원,,,내원,,,,,,
21321,이편한치과의원,,,내원,,,,,,
21322,동산웰치과의원,,,내원,,,,,,
21323,정진숙치과의원,,,내원,,,,,,
21324,뉴욕보강치과의원,,,내원,,,,,,
21325,청계사랑치과의원,,,내원,,,,,,
21326,내손치과의원,,,내원,,,,,,
21327,하나치과의원,,,내원,,,,,,
21328,조은치과의원,,,내원,,,,,,
21329,해맑은치과의원,,,내원,,,,,,
21330,아름다운미치과의원,,,내원,,,,,,
21331,바른정치과의원,,,내원,,,,,,
21332,참사랑치과의원,,,내원,,,,,,
21333,하얀미소치과의원,,,내원,,,,,,
21334,서울플러스치과의원,,,내원,,,,,,
21335,즐거운치과의원,,,내원,,,,,,
21336,서울류치과의원,,,내원,,,,,,
21337,미래로치과의원,,,내원,,,,,,
21338,위드플란트치과의원,,,내원,,,,,,
21339,굿모닝치과의원,,,내원,,,,,,
21340,서울치과의원,,,내원,,,,,,
21341,다나은치과의원,,,내원,,,,,,
21342,사람과치과의원,,,내원,,,,,,
21343,오케이치과의원,,,내원,,,,,,
21344,시티치과의원,,,내원,,,,,,
21345,인덕원신준세치과의원,,,내원,,,,,,
21346,정치과의원,,,내원,,,,,,
21347,서울양치과의원,,,내원,,,,,,
21348,연세어린이치과의원,,,내원,,,,,,
21349,포일그린치과의원,,,내원,,,,,,
21350,서울성모치과의원,,,내원,,,,,,
21351,서울공감치과의원,,,내원,,,,,,
21352,굿플란트치과의원,,,내원,,,,,,
21353,서울백운호수치과의원,,,내원,,,,,,
21354,서울하이안치과의원,,,내원,,,,,,
21355,의왕퍼스트치과의원,,,내원,,,,,,
21356,샘소아청소년과의원,,내원,,,,,,,
21357,서울아산김내과의원,내원,,,내원,내원,내원,,,
21358,의왕속내과의원,내원,,,내원,내원,내원,,,
21359,영내과의원,내원,,,내원,내원,내원,내원,내원,
21360,365키즈소아청소년과의원,,내원,,,,,,,
21361,아름다운가정의학과의원,,내원,,,,,,,
21362,365건강한부곡의원,내원,내원,,내원,내원,내원,내원,내원,
21363,연세메디의원,,내원,,,,,,,
21364,임동혁내과의원,내원,,,내원,내원,내원,,,
21365,효나소아청소년과의원,,내원,,,,,,,
21366,의왕참조은내과의원,내원,,,내원,내원,내원,내원,내원,
21367,인덕원뚝딱소아청소년과의원,,내원,,,,,,,
21368,에이플소아청소년과의원,,내원,,,,,,,
21369,인덕원성모내과의원,내원,,,내원,내원,내원,내원,내원,
21370,바른탑치과의원,,,내원,,,,,,
21371,연세이다운치과의원,,,내원,,,,,,
21372,햇살병원,내원,,,내원,내원,내원,내원,,
21373,보바스병원,내원,,,내원,내원,내원,내원,내원,
21374,청봉병원,내원,,,내원,내원,내원,,,
21375,하남S병원,내원,,,내원,내원,내원,내원,내원,
21376,새솔어린이병원,,내원,,,,,,,
21377,하남샬롬요양병원,내원,,,내원,내원,내원,내원,내원,
21378,플러스맘소아청소년과의원,,내원,,,,,,,
21379,늘봄메디컬의원,,내원,,,,,,,
21380,이내과의원,내원,,,내원,,내원,,,
21381,세인가정의학과의원,내원,내원,,,,내원,,,
21382,연세365소아청소년과의원,,내원,,,,,,,
21383,연세웰소아청소년과의원,,내원,,,,,,,
21384,엠앤비여성의원,,,,,,,,내원,
21385,유내과의원,내원,,,내원,내원,내원,내원,,
21386,김종완소아청소년과의원,,내원,,,,,,,
21387,서울의원,,내원,,,,,,,
21388,서울요요치과의원,,,내원,,,,,,
21389,하남세브란스치과의원,,,내원,,,,,,
21390,샘치과의원,,,내원,,,,,,
21391,고치과의원,,,내원,,,,,,
21392,연세위더스치과의원,,,내원,,,,,,
21393,김용성치과의원,,,내원,,,,,,
21394,코아부부치과의원,,,내원,,,,,,
21395,덴티원치과의원,,,내원,,,,,,
21396,원탑크리스탈치과의원,,,내원,,,,,,
21397,지승용치과의원,,,내원,,,,,,
21398,강도연치과의원,,,내원,,,,,,
21399,프라임치과의원,,,내원,,,,,,
21400,세란치과의원,,,내원,,,,,,
21401,미사센텀샘치과의원,,,내원,,,,,,
21402,한솔서울치과의원,,,내원,,,,,,
21403,예담성모치과의원,,,내원,,,,,,
21404,감일어린이치과의원,,,내원,,,,,,
21405,에이플러스치과의원,,,내원,,,,,,
21406,연세스마일드림치과의원,,,내원,,,,,,
21407,이사랑부부치과의원,,,내원,,,,,,
21408,로덴치과의원,,,내원,,,,,,
21409,뉴&베스트치과의원,,,내원,,,,,,
21410,백현치과의원,,,내원,,,,,,
21411,사과나무치과의원,,,내원,,,,,,
21412,하남본치과의원,,,내원,,,,,,
21413,양익성치과의원,,,내원,,,,,,
21414,서울유치과의원,,,내원,,,,,,
21415,친절한김치과의원,,,내원,,,,,,
21416,e-편한치과의원,,,내원,,,,,,
21417,미사프라임치과의원,,,내원,,,,,,
21418,위드치과의원,,,내원,,,,,,
21419,웰니스플란트치과의원,,,내원,,,,,,
21420,미사리더스치과의원,,,내원,,,,,,
21421,미소부부치과의원,,,내원,,,,,,
21422,유아이씨아름다운치과의원,,,내원,,,,,,
21423,제이플란트치과의원,,,내원,,,,,,
21424,연세굿플란트치과의원,,,내원,,,,,,
21425,좋은하루치과의원,,,내원,,,,,,
21426,서울힐치과의원,,,내원,,,,,,
21427,미사서울치과의원,,,내원,,,,,,
21428,미사온아치과의원,,,내원,,,,,,
21429,삼성바른치과의원,,,내원,,,,,,
21430,더맑은치과의원,,,내원,,,,,,
21431,서울에스치과의원,,,내원,,,,,,
21432,즐거운하치과의원,,,내원,,,,,,
21433,서울미소샘치과의원,,,내원,,,,,,
21434,연세이담치과의원,,,내원,,,,,,
21435,바른탑치과의원,,,내원,,,,,,
21436,미사플란트치과의원,,,내원,,,,,,
21437,잘생긴치과의원,,,내원,,,,,,
21438,웰치과의원,,,내원,,,,,,
21439,행복한소아치과의원,,,내원,,,,,,
21440,미사센트럴치과의원,,,내원,,,,,,
21441,연세바른치과의원,,,내원,,,,,,
21442,상아치과교정과치과의원,,,내원,,,,,,
21443,류치과의원,,,내원,,,,,,
21444,미사플러스치과의원,,,내원,,,,,,
21445,서울클리어치과교정과치과의원,,,내원,,,,,,
21446,서울샤인치과의원,,,내원,,,,,,
21447,미사봄날치과의원,,,내원,,,,,,
21448,장민호바른치과의원,,,내원,,,,,,
21449,서울네이처치과의원,,,내원,,,,,,
21450,미사연세치과의원,,,내원,,,,,,
21451,서울바른후치과의원,,,내원,,,,,,
21452,미사바른치과의원,,,내원,,,,,,
21453,365플러스치과의원,,,내원,,,,,,
21454,연세꿈꾸는치과의원,,,내원,,,,,,
21455,연세남다른플란트치과의원,,,내원,,,,,,
21456,리온치과교정과치과의원,,,내원,,,,,,
21457,서울온정치과의원,,,내원,,,,,,
21458,맘편안치과의원,,,내원,,,,,,
21459,e튼튼치과의원,,,내원,,,,,,
21460,하남스마트치과의원,,,내원,,,,,,
21461,박치과의원,,,내원,,,,,,
21462,신장치과의원,,,내원,,,,,,
21463,메디포레치과의원,,,내원,,,,,,
21464,서울아이비치과의원,,,내원,,,,,,
21465,서울아산오케이치과의원,,,내원,,,,,,
21466,올바로치과의원,,,내원,,,,,,
21467,연세스마트치과의원,,,내원,,,,,,
21468,위례쓰담치과의원,,,내원,,,,,,
21469,서울으뜸치과의원,,,내원,,,,,,
21470,하남연세치과의원,,,내원,,,,,,
21471,이다움치과의원,,,내원,,,,,,
21472,감일포레치과의원,,,내원,,,,,,
21473,연세정성치과의원,,,내원,,,,,,
21474,정교한치과의원,,,내원,,,,,,
21475,클린이치과의원,,,내원,,,,,,
21476,감일퍼스트치과의원,,,내원,,,,,,
21477,황영구치과의원,,,내원,,,,,,
21478,하남중앙치과의원,,,내원,,,,,,
21479,서울근본치과의원,,,내원,,,,,,
21480,하남맥치과의원,,,내원,,,,,,
21481,기쁨항맥외과의원,내원,,,내원,내원,내원,내원,내원,
21482,박애별산부인과의원,,,,,,,,내원,
21483,연세소아과의원,,내원,,,,,,,
21484,이혜경소아청소년과의원,,내원,,,,,,,
21485,하남드림소아청소년과의원,,내원,,,,,,,
21486,연세정내과의원,내원,,,내원,내원,내원,,,
21487,서울연합365의원,,내원,,,,,,,
21488,삼성내과의원,내원,,,내원,내원,내원,내원,내원,
21489,아이온의원,,내원,,,,,,,
21490,늘푸른의원,,내원,,,,,,,
21491,삼성탑내과의원,내원,,,내원,내원,내원,내원,내원,
21492,세실내과의원,내원,,,내원,내원,,,,
21493,삼성키즈소아청소년과의원,,내원,,,,,,,
21494,이곧의원,,내원,,,,,,,
21495,미사도담의원,,내원,,,,,,,
21496,아빠미소소아청소년과의원,,내원,,,,,,,
21497,미사아산내과의원,내원,,,내원,내원,내원,내원,내원,
21498,미사나무내과의원,내원,,,내원,내원,내원,내원,내원,
21499,아이별소아청소년과의원,,내원,,,,,,,
21500,서울365소아청소년과의원,,내원,,,,,,,
21501,스마일소아청소년과의원,,내원,,,,,,,
21502,마음속내과의원,내원,,,내원,내원,내원,내원,내원,
21503,그린소아청소년과의원,,내원,,,,,,,
21504,미사봄내과의원,내원,,,내원,내원,내원,내원,내원,
21505,유미즈외과의원,,,,,,,내원,,
21506,미소준내과의원,내원,,,내원,내원,내원,내원,,
21507,장N항외과의원,내원,,,내원,내원,내원,,,
21508,아산키즈소아청소년과의원,,내원,,,,,,,
21509,미사늘편한내과의원,내원,,,내원,내원,내원,,,
21510,미사진내과의원,내원,,,내원,내원,내원,내원,내원,
21511,하나소아청소년과의원,내원,내원,,,,,,,
21512,센트럴내과의원,내원,,,내원,내원,내원,내원,내원,
21513,연세아란산부인과의원,내원,내원,,내원,내원,내원,내원,내원,
21514,365플러스내과의원,내원,,,내원,내원,내원,내원,내원,
21515,박지영내과의원,내원,,,내원,내원,내원,,,
21516,미사이남희W산부인과의원,,,,,,,,내원,
21517,미사한내과의원,내원,,,내원,내원,내원,,,
21518,연세더자람소아청소년과의원,,내원,,,,,,,
21519,미사린산부인과의원,내원,,,,,,내원,내원,
21520,미사린소아청소년과의원,,내원,,,,,,,
21521,연세맘소아청소년과의원,,내원,,,,,,,
21522,감일든든한내과의원,내원,,,내원,내원,내원,내원,내원,
21523,365잘봄내과의원,내원,,,내원,내원,내원,내원,내원,
21524,감일성모내과의원,내원,,,내원,내원,내원,내원,내원,
21525,삼성드림소아청소년과의원,,내원,,,,,,,
21526,미사좋은날에산부인과의원,,,,,,,,내원,
21527,삼성웰니스의원,,내원,,,,,,,
21528,미사라엠산부인과의원,,,,,,,,내원,
21529,마일스톤소아청소년과의원,,내원,,,,,,,
21530,서울마리산부인과의원,,,,,,,,내원,
21531,미사치유외과의원,내원,,,내원,내원,내원,내원,,
21532,위례도담소아청소년과의원,,내원,,,,,,,
21533,미사위대항의원,내원,,,내원,내원,내원,내원,내원,
21534,아산바른내과의원,내원,,,내원,내원,내원,내원,내원,
21535,더봄여성의원,,,,,,,,내원,
21536,위례연세내과의원,내원,,,내원,내원,내원,내원,내원,
21537,하남웰니스내과의원,내원,,,내원,내원,내원,내원,내원,
21538,베스트내과의원,내원,,,내원,내원,내원,내원,,
21539,사랑빛소아청소년과의원,,내원,,,,,,,
21540,고운속내과의원,내원,,,내원,내원,내원,,내원,
21541,하남이엠365의원,,내원,,,,,,,
21542,감일키즈소아청소년과의원,,내원,,,,,,,
21543,아이웰소아청소년과의원,,내원,,,,,,,
21544,정진우소아청소년과의원,,내원,,,,,,,
21545,365굿닥터의원,내원,,,,,,,,
21546,제일산부인과의원,,,,,,,,내원,
21547,서울더블유(W)내과의원위례점,내원,,,내원,내원,내원,내원,내원,
21548,하나산부인과의원,,,,,,,,내원,
21549,안내과의원,내원,,,내원,내원,내원,,내원,
21550,애플산부인과의원,,,,,,,,내원,
21551,미사주니어치과의원,,,내원,,,,,,
21552,서울치과의원,,,내원,,,,,,
21553,하남리더스치과의원,,,내원,,,,,,
21554,감일나무치과의원,,,내원,,,,,,
21555,서울더고운치과의원,,,내원,,,,,,
21556,서울아산치과교정과치과의원,,,내원,,,,,,
21557,경기도의료원파주병원,내원+출장,내원,내원,내원,내원,내원,내원,내원,내원
21558,메디인병원,내원,,,내원,내원,내원,내원,내원,내원
21559,문산중앙병원,내원,,,내원,내원,내원,내원,내원,
21560,파주미래아동병원,,내원,,,,,,,
21561,인본병원,내원,,,내원,내원,내원,내원,내원,
21562,기대플러스병원,내원,,,내원,내원,내원,내원,내원,
21563,코키아병원,,내원,,,,,,,
21564,미소래병원,내원,,,,,,내원,내원,
21565,운정와이즈병원,내원,내원,,내원,내원,내원,내원,내원,
21566,브이아이씨365병원,내원,내원,,내원,내원,내원,내원,내원,
21567,무척조은병원,내원,,,내원,내원,내원,내원,내원,
21568,달리자병원,내원,,,내원,내원,내원,내원,내원,
21569,예닮의원,내원,,,내원,내원,내원,,,
21570,연세내과의원,내원,,,내원,내원,내원,,,
21571,황효주내과의원,내원,,,내원,내원,내원,내원,내원,
21572,봉일천성심연합의원,내원,,,내원,,내원,,,
21573,우리소아청소년과의원,,내원,,,,,,,
21574,맘소아청소년과의원,,내원,,,,,,,
21575,미소아청소년과의원,,내원,,,,,,,
21576,아람소아청소년과의원,,내원,,,,,,,
21577,로타리내과정형외과의원,내원,,,내원,,내원,,,
21578,박소아청소년과의원,,내원,,,,,,,
21579,한사랑외과의원,내원,,,내원,내원,내원,,,
21580,신아가정의학과의원,내원,내원,,,,,,,
21581,조은소아청소년과의원,,내원,,,,,,,
21582,문산서울정형외과의원,내원,,,,,,,,
21583,최지호내과의원,내원,,,내원,내원,내원,내원,내원,
21584,김기범내과의원,내원,내원,,내원,,내원,,,
21585,교하하나의원,내원,,,,,,,,
21586,굿모닝힐의원,내원,내원,,,,,,,
21587,서울성모의원,내원,,,내원,내원,내원,,내원,
21588,속편한내과의원,내원,,,내원,내원,내원,,,
21589,서울선(SUN)치과병원,,,내원,,,,,,
21590,뷰티앤디지털치과병원,,,내원,,,,,,
21591,더연세퍼스트치과병원,,,내원,,,,,,
21592,현대치과의원,,,내원,,,,,,
21593,메디플란트치과의원,,,내원,,,,,,
21594,문산365치과의원,,,내원,,,,,,
21595,베스트치과의원,,,내원,,,,,,
21596,문산우리들치과의원,,,내원,,,,,,
21597,강남웰치과의원,,,내원,,,,,,
21598,이사랑치과의원,,,내원,,,,,,
21599,한사랑치과의원,,,내원,,,,,,
21600,나우치과의원,,,내원,,,,,,
21601,신플란트치과의원,,,내원,,,,,,
21602,예인치과의원,,,내원,,,,,,
21603,도영범치과의원,,,내원,,,,,,
21604,연세미치과의원,,,내원,,,,,,
21605,미소준치과의원,,,내원,,,,,,
21606,하나로치과의원,,,내원,,,,,,
21607,금촌치과의원,,,내원,,,,,,
21608,세종치과의원,,,내원,,,,,,
21609,운정디스플레이치과의원,,,내원,,,,,,
21610,미래치과의원,,,내원,,,,,,
21611,루치과의원,,,내원,,,,,,
21612,서울미치과의원,,,내원,,,,,,
21613,화이트치과의원,,,내원,,,,,,
21614,김우찬치과의원,,,내원,,,,,,
21615,야당열린치과의원,,,내원,,,,,,
21616,예스치과의원,,,내원,,,,,,
21617,준치과의원,,,내원,,,,,,
21618,우리치과의원,,,내원,,,,,,
21619,어른과아이들치과의원,,,내원,,,,,,
21620,연세부부치과의원,,,내원,,,,,,
21621,e-편한치과의원,,,내원,,,,,,
21622,조은치과의원,,,내원,,,,,,
21623,이안치과의원,,,내원,,,,,,
21624,서울웰치과의원,,,내원,,,,,,
21625,금촌뿌리사랑치과의원,,,내원,,,,,,
21626,리더스치과의원,,,내원,,,,,,
21627,보스톤치과의원,,,내원,,,,,,
21628,한결치과의원,,,내원,,,,,,
21629,교하굿모닝치과의원,,,내원,,,,,,
21630,굿모닝치과의원,,,내원,,,,,,
21631,서울봉선생치과의원,,,내원,,,,,,
21632,온누리치과의원,,,내원,,,,,,
21633,아름다운치과의원,,,내원,,,,,,
21634,한빛365치과의원,,,내원,,,,,,
21635,행복치과의원,,,내원,,,,,,
21636,예스구구치과의원,,,내원,,,,,,
21637,서울연합치과의원,,,내원,,,,,,
21638,필조은치과의원,,,내원,,,,,,
21639,베스트원치과의원,,,내원,,,,,,
21640,가이드치과의원,,,내원,,,,,,
21641,선치과의원,,,내원,,,,,,
21642,교하리더스치과의원,,,내원,,,,,,
21643,서울앞선치과의원,,,내원,,,,,,
21644,뿌리사랑치과의원,,,내원,,,,,,
21645,김앤김치과의원,,,내원,,,,,,
21646,예일치과의원,,,내원,,,,,,
21647,연세오복치과의원,,,내원,,,,,,
21648,然(연)치과의원,,,내원,,,,,,
21649,광탄하나로치과의원,,,내원,,,,,,
21650,서울주니어스치과의원,,,내원,,,,,,
21651,팀치과의원,,,내원,,,,,,
21652,연세구치과의원,,,내원,,,,,,
21653,키즈웰치과의원,,,내원,,,,,,
21654,가온치과의원,,,내원,,,,,,
21655,모아치과의원,,,내원,,,,,,
21656,문산원치과의원,,,내원,,,,,,
21657,운정뉴욕정치과의원,,,내원,,,,,,
21658,운정에이스치과의원,,,내원,,,,,,
21659,연세하늘치과의원,,,내원,,,,,,
21660,서울이고운치과의원,,,내원,,,,,,
21661,모두애치과의원,,,내원,,,,,,
21662,연세이바름치과의원,,,내원,,,,,,
21663,더플러스치과의원,,,내원,,,,,,
21664,민트그린치과의원,,,내원,,,,,,
21665,파주본치과의원,,,내원,,,,,,
21666,서울호수치과의원,,,내원,,,,,,
21667,아이미즈치과의원,,,내원,,,,,,
21668,닥터유바른치과의원,,,내원,,,,,,
21669,연세약속구강악안면외과치과교정과치과의원,,,내원,,,,,,
21670,서울오케이치과의원,,,내원,,,,,,
21671,서울주플란트치과의원,,,내원,,,,,,
21672,닥터진치과의원,,,내원,,,,,,
21673,봄날치과의원,,,내원,,,,,,
21674,우리아이소아치과의원,,,내원,,,,,,
21675,파주스마트치과의원,,,내원,,,,,,
21676,우리바른치과의원운정점,,,내원,,,,,,
21677,The이해승치과의원,,,내원,,,,,,
21678,유디치과의원,,,내원,,,,,,
21679,바로세움치과의원,,,내원,,,,,,
21680,바른정치과의원,,,내원,,,,,,
21681,금촌제일치과의원,,,내원,,,,,,
21682,퍼스트인치과의원,,,내원,,,,,,
21683,메디플러스치과의원,,,내원,,,,,,
21684,연세스타치과의원,,,내원,,,,,,
21685,연세윤치과의원,,,내원,,,,,,
21686,라페치과의원,,,내원,,,,,,
21687,감동플란트치과의원,,,내원,,,,,,
21688,서울플란트치과의원,,,내원,,,,,,
21689,서울하나로치과의원,,,내원,,,,,,
21690,아이빅치과의원,,,내원,,,,,,
21691,초롱아이소아치과의원,,,내원,,,,,,
21692,와이즈덴치과의원,,,내원,,,,,,
21693,파주보건소문산보건센터,내원,,,,,,,내원,
21694,파주한빛병원,내원,,,내원,내원,내원,내원,내원,
21695,연세놀이터소아청소년과의원,,내원,,,,,,,
21696,박진아소아청소년과의원,,내원,,,,,,,
21697,Dr리더스내과의원,내원,,내원,내원,내원,내원,내원,내원,
21698,이수동소아청소년과의원,,내원,,,,,,,
21699,365삼성i소아청소년과의원,,내원,,,,,,,
21700,김앤정소아청소년과의원,,내원,,,,,,,
21701,김용현내과의원,내원,,,내원,내원,내원,내원,,
21702,서울삼성내과의원,내원,,,내원,내원,내원,,,
21703,참사랑소아청소년과의원,,내원,,,,,,,
21704,맘앤차일드소아청소년과의원,,내원,,,,,,,
21705,운정삼성내과의원,내원,,,내원,내원,,,,
21706,봄소아청소년과의원,,내원,,,,,,,
21707,다니엘소아청소년과의원,,내원,,,,,,,
21708,김형진내과의원,내원,,,내원,내원,내원,,,
21709,우리내과의원,내원,,,,내원,내원,,,
21710,연세리엔산부인과의원,,,,,,,,내원,
21711,코아이비인후과의원,,내원,,,,,,,
21712,SOK속편한내과의원,내원,,,내원,내원,내원,내원,내원,
21713,서울가정의학과의원,,내원,,,,,,,
21714,로데오소아청소년과의원,,내원,,,,,,,
21715,해맑은의원,,내원,,,,,,,
21716,연세송내과의원,내원,,,내원,내원,내원,,,
21717,서울365외과의원,내원,,,내원,내원,내원,내원,내원,
21718,연세봄내과의원,내원,,,내원,,내원,,,
21719,늘푸른내과의원,내원,,,내원,내원,내원,,,
21720,연세키즈웰소아청소년과의원,,내원,,,,,,,
21721,미래여성의원,내원,,,,,,내원,내원,
21722,우리들내과의원,내원,,,내원,내원,내원,내원,내원,
21723,연세믿음내과의원,내원,,,내원,내원,내원,내원,내원,
21724,야당연세내과의원,내원,,,내원,내원,내원,내원,내원,
21725,강내과의원,내원,,,내원,내원,내원,내원,내원,
21726,김연심소아청소년과의원,,내원,,,,,,,
21727,아이드림소아청소년과의원,,내원,,,,,,,
21728,원더여성의원,,,,,,,,내원,
21729,표소아청소년과의원,,내원,,,,,,,
21730,한결나은가정의학과의원,,내원,,,,,,,
21731,장칼리혜진산부인과의원,,,,,,,,내원,
21732,운정서울여성의원,,,,,,,,내원,
21733,최신내과의원,내원,,,,,,,,
21734,운정스마트내과의원,내원,,,내원,내원,내원,내원,내원,
21735,메디플러스의원,내원,,,내원,내원,내원,내원,내원,
21736,다엘여성의원,,,,,,,,내원,
21737,조이소아청소년과의원,,내원,,,,,,,
21738,운정더편한내과의원,내원,,,내원,내원,내원,내원,내원,
21739,코코소아청소년과의원,,내원,,,,,,,
21740,황소내과의원,내원,,,내원,내원,내원,,,
21741,초롱소아청소년과의원,,내원,,,,,,,
21742,운정제일여성의원,,,,,,,,내원,
21743,정유연산부인과의원,,,,,,,,내원,
21744,미소채움치과의원,,,내원,,,,,,
21745,아이다온치과의원,,,내원,,,,,,
21746,운정세브란스치과의원,,,내원,,,,,,
21747,운정퍼스트치과의원,,,내원,,,,,,
21748,디지털쌤치과의원,,,내원,,,,,,
21749,운정탑치과의원,,,내원,,,,,,
21750,연세단단치과의원,,,내원,,,,,,
21751,이튼튼치과의원,,,내원,,,,,,
21752,파주365치과의원,,,내원,,,,,,
21753,서울보임치과의원,,,내원,,,,,,
21754,플레르치과의원,,,내원,,,,,,
21755,서울바른정내과의원,내원,,,내원,내원,내원,내원,내원,
21756,올바로치과의원,,,내원,,,,,,
21757,연세똑바로치과의원,,,내원,,,,,,
21758,경기도의료원이천병원,내원,내원,내원,내원,내원,내원,내원,내원,내원
21759,이천파티마병원,내원+출장,,,내원,내원,내원,,,
21760,바른병원,내원,,,내원,내원,내원,내원,,
21761,추새로병원,내원,,,내원,내원,내원,내원,내원,
21762,이천엘리야병원,내원,,,내원,내원,내원,내원,,
21763,양정분산부인과의원,내원,내원,내원,내원,내원,내원,내원,내원,
21764,김내과의원,내원,,,내원,,내원,,,
21765,마리나산부인과의원,,,,,,,내원,내원,
21766,이천한사랑의원,내원,,,내원,내원,내원,,,
21767,현대가정의원,,내원,,,,,,,
21768,정승화내과의원,내원,,,,,,,,
21769,장호원산부인과의원,,,,,,,,내원,
21770,남선희산부인과의원,,,,,,,,내원,
21771,박소아과의원,,내원,,,,,,,
21772,한&김소아청소년과의원,,내원,,,,,,,
21773,민내과의원,내원,내원,,내원,내원,내원,,,
21774,윤내과의원,내원,,,내원,,내원,,,
21775,한양내과의원,내원,,,내원,,내원,,,
21776,연세스카이치과병원,,,내원,,,,,,
21777,현대치과의원,,,내원,,,,,,
21778,곽치과의원,,,내원,,,,,,
21779,아미치과의원,,,내원,,,,,,
21780,상아치과의원,,,내원,,,,,,
21781,손치과의원,,,내원,,,,,,
21782,한국치과의원,,,내원,,,,,,
21783,다온치과의원,,,내원,,,,,,
21784,미치과의원,,,내원,,,,,,
21785,연세치과의원,,,내원,,,,,,
21786,골드치과의원,,,내원,,,,,,
21787,이천치과의원,,,내원,,,,,,
21788,이천예치과의원,,,내원+출장,,,,,,
21789,금강치과의원,,,내원+출장,,,,,,
21790,청아치과의원,,,내원+출장,,,,,,
21791,굿모닝치과의원,,,내원,,,,,,
21792,참좋은치과의원,,,내원,,,,,,
21793,서울치과의원,,,내원,,,,,,
21794,뉴욕치과의원,,,내원,,,,,,
21795,다인치과의원,,,내원,,,,,,
21796,행복치과의원,,,내원,,,,,,
21797,민치과의원,,,내원,,,,,,
21798,삼성치과의원,,,내원,,,,,,
21799,플랜트치과의원,,,내원,,,,,,
21800,미드림치과의원,,,내원,,,,,,
21801,함께하는중앙치과의원,,,내원,,,,,,
21802,연세부부치과의원,,,내원,,,,,,
21803,세진치과의원,,,내원,,,,,,
21804,드림치과의원,,,내원,,,,,,
21805,우리치과의원,,,내원,,,,,,
21806,이천이다치과의원,,,내원,,,,,,
21807,미소드림치과의원,,,내원,,,,,,
21808,서울샘치과의원,,,내원,,,,,,
21809,서울쥬니어치과의원,,,내원,,,,,,
21810,이편한치과의원,,,내원,,,,,,
21811,이탑치과의원,,,내원,,,,,,
21812,스탠다드치과의원,,,내원,,,,,,
21813,좋아서하는치과교정과치과의원,,,내원,,,,,,
21814,서울감동치과의원,,,내원,,,,,,
21815,초록나무치과의원,,,내원,,,,,,
21816,이천바로치과의원,,,내원,,,,,,
21817,서울우수한치과의원,,,내원,,,,,,
21818,서울바른수치과의원,,,내원,,,,,,
21819,서울수치과의원,,,내원,,,,,,
21820,금강메디컬의원,내원+출장,,,내원,내원,내원,내원,내원,
21821,선두연합내과의원,내원,내원,,내원,내원,내원,내원,내원,
21822,한내과의원,내원,,,내원,내원,내원,내원,내원,
21823,메디홈즈의원,,내원,,,,,,,
21824,서울내과의원,내원,,,내원,내원,내원,,,
21825,서울삼성연합외과의원,내원,내원,,내원,내원,내원,내원,내원,
21826,이준편한내과의원,내원,,,내원,내원,내원,내원,,
21827,이천365의원,,내원,,,,,,,
21828,수메디컬의원,내원,,,내원,내원,내원,내원,내원,
21829,드림키즈소아청소년과의원,,내원,,,,,,,
21830,박민호내과의원,내원,,,내원,내원,내원,,,
21831,서울아산365소아청소년과의원,,내원,,,,,,,
21832,서울삼성내과의원,내원,,,내원,내원,내원,내원,내원,
21833,고봉진내과의원,내원,,,내원,내원,내원,내원,,
21834,연세든든내과의원,내원,,,내원,내원,내원,내원,내원,
21835,조윤영여성의원,,,,,,,,내원,
21836,바른소아청소년과의원,,내원,,,,,,,
21837,서울외과의원,내원,,,내원,내원,내원,,,
21838,서울이엘치과의원,,,내원,,,,,,
21839,연세맑음치과의원,,,내원,,,,,,
21840,의료법인우리의료재단김포우리병원,내원+출장,내원,내원+출장,내원,내원,내원,내원,내원,내원
21841,의료법인인봉의료재단뉴고려병원,내원+출장,내원,내원,내원,내원+출장,내원,내원,내원,내원
21842,나리여성병원,내원,내원,,내원,내원,내원,내원,내원,
21843,한강아이제일병원,,내원,,,,,,,
21844,가자연세병원,내원,,,내원,내원,내원,,,
21845,김포다조은병원,내원,,,내원,내원,내원,,,
21846,히즈메디병원,내원,내원,,내원,내원,내원,내원,내원,
21847,연세더바른병원,내원,,,,내원,내원,,,
21848,서울여성병원,내원,내원,,,,내원,내원,내원,
21849,김포아이제일병원,,내원,,,,,,,
21850,연세하나병원,내원,,,내원,내원,내원,내원,,
21851,튼튼소아과의원,,내원,,,,,,,
21852,중앙정형외과의원,내원,,,,,,,,
21853,김앤오소아청소년과의원,,내원,,,,,,,
21854,솔터가정의원,내원,,,내원,,내원,,,
21855,우리소아청소년과의원,,내원,,,,,,,
21856,대디맘소아청소년과의원,,내원,,,,,,,
21857,유니스소아청소년과의원,,내원,,,,,,,
21858,오케이김앤오소아청소년과의원,,내원,,,,,,,
21859,연세내과의원,내원,,,내원,내원,내원,,,
21860,하나삼성의원,내원,,,내원,,,,,
21861,김현미소아청소년과의원,,내원,,,,,,,
21862,한솔내과의원,내원,,,내원,내원,내원,,,
21863,호소아청소년과의원,,내원,,,,,,,
21864,연세산부인과의원,,,,,,,,내원,
21865,독일내과의원,내원,,,내원,내원,내원,,,
21866,한사랑영상의학과의원,내원,,,내원,내원,내원,내원,내원,
21867,푸른솔가정의학과의원,내원,,,내원,,내원,,,
21868,연세소망내과의원,내원,내원,,내원,내원,내원,,,
21869,어중건내과의원,내원,,,내원,내원,내원,,,
21870,세현의원,,내원,,,,,,,
21871,아이민산부인과의원,,,,,,,,내원,
21872,삼성산부인과의원,,,,,,,,내원,
21873,윤병옥내과의원,내원,,,내원,,,,,
21874,홍소아청소년과의원,,내원,,,,,,,
21875,표진원소아청소년과의원,,내원,,,,,,,
21876,중앙치과의원,,,내원,,,,,,
21877,솔빛치과의원,,,내원,,,,,,
21878,청원치과의원,,,내원,,,,,,
21879,풍경서울치과의원,,,내원,,,,,,
21880,수치과의원,,,내원,,,,,,
21881,고촌서울탑치과의원,,,내원,,,,,,
21882,연세탑치과의원,,,내원,,,,,,
21883,이동우치과의원,,,내원,,,,,,
21884,밝은미소치과의원,,,내원,,,,,,
21885,e-편한치과의원,,,내원,,,,,,
21886,부부치과의원,,,내원,,,,,,
21887,서울치과의원,,,내원,,,,,,
21888,우리치과의원,,,내원,,,,,,
21889,현대치과의원,,,내원,,,,,,
21890,세브란스치과의원,,,내원,,,,,,
21891,행복치과의원,,,내원,,,,,,
21892,연세치과의원,,,내원,,,,,,
21893,김포치과의원,,,내원,,,,,,
21894,아이비치과의원,,,내원,,,,,,
21895,유디치과의원,,,내원,,,,,,
21896,청원미(美)치과의원,,,내원,,,,,,
21897,안아픈치과의원,,,내원,,,,,,
21898,연세필치과의원,,,내원,,,,,,
21899,탑치과의원,,,내원,,,,,,
21900,美라인치과의원,,,내원,,,,,,
21901,즐거운치과의원,,,내원,,,,,,
21902,이승현치과의원,,,내원,,,,,,
21903,베네치아치과의원,,,내원,,,,,,
21904,해맑은치과의원,,,내원,,,,,,
21905,서울바른치과교정과치과의원,,,내원,,,,,,
21906,서울연치과의원,,,내원,,,,,,
21907,플러스치과의원,,,내원,,,,,,
21908,엠에스탑치과의원,,,내원,,,,,,
21909,김포에이스치과의원,,,내원,,,,,,
21910,주연치과의원,,,내원,,,,,,
21911,유디고촌치과의원,,,내원,,,,,,
21912,연세지오치과의원,,,내원,,,,,,
21913,사랑치과의원,,,내원,,,,,,
21914,동감치과의원,,,내원,,,,,,
21915,연세에이스치과의원,,,내원,,,,,,
21916,연세정치과의원,,,내원,,,,,,
21917,예스치과의원,,,내원,,,,,,
21918,올바른치과의원,,,내원,,,,,,
21919,김포쥬니어소아치과치과의원,,,내원,,,,,,
21920,제이엘베스트치과의원,,,내원,,,,,,
21921,미소하나치과의원,,,내원,,,,,,
21922,서울탑치과의원,,,내원,,,,,,
21923,이튼튼치과의원,,,내원,,,,,,
21924,예인치과의원,,,내원,,,,,,
21925,서울센트럴치과의원,,,내원,,,,,,
21926,김포리더스치과의원,,,내원,,,,,,
21927,서울이좋은치과의원,,,내원,,,,,,
21928,연세한강치과의원,,,내원,,,,,,
21929,소나무치과의원,,,내원,,,,,,
21930,한강수치과의원,,,내원,,,,,,
21931,힐링치과의원,,,내원,,,,,,
21932,유어스마일치과의원,,,내원,,,,,,
21933,가지런한S치과의원,,,내원,,,,,,
21934,맞춤치과교정과치과의원,,,내원,,,,,,
21935,서울리더스치과의원,,,내원,,,,,,
21936,서울하나치과의원,,,내원,,,,,,
21937,해밀아이치과의원,,,내원,,,,,,
21938,설아인치과의원,,,내원,,,,,,
21939,연세이튼튼치과의원,,,내원,,,,,,
21940,본부부치과의원,,,내원,,,,,,
21941,예미담치과의원,,,내원,,,,,,
21942,마송제일치과의원,,,내원,,,,,,
21943,치과미학치과의원,,,내원,,,,,,
21944,다담치과의원,,,내원,,,,,,
21945,리본치과의원,,,내원,,,,,,
21946,서울본치과의원,,,내원,,,,,,
21947,서울편한안치과의원,,,내원,,,,,,
21948,장기리더스치과의원,,,내원,,,,,,
21949,연세아뜰리에치과의원,,,내원,,,,,,
21950,이룸치과의원,,,내원,,,,,,
21951,이가편한치과의원,,,내원,,,,,,
21952,연세진석치과교정과치과의원,,,내원,,,,,,
21953,풍무굿드림치과의원,,,내원,,,,,,
21954,연세프라임치과의원,,,내원,,,,,,
21955,든든한치과의원,,,내원,,,,,,
21956,아름다운치과의원,,,내원,,,,,,
21957,참좋은치과의원,,,내원,,,,,,
21958,비비드치과교정과치과의원,,,내원,,,,,,
21959,서울참좋은치과의원,,,내원,,,,,,
21960,좋은날치과의원,,,내원,,,,,,
21961,디테일치과의원,,,내원,,,,,,
21962,김포온어린이치과의원,,,내원,,,,,,
21963,보스톤플란트치과의원,,,내원,,,,,,
21964,예스플러스치과의원,,,내원,,,,,,
21965,에스바른치과의원,,,내원,,,,,,
21966,한강아이온소아치과치과의원,,,내원,,,,,,
21967,위즈메디치과의원,,,내원,,,,,,
21968,더편한치과의원,,,내원,,,,,,
21969,미소담은치과의원,,,내원,,,,,,
21970,임플라인치과의원,,,내원,,,,,,
21971,서울조아치과의원,,,내원,,,,,,
21972,김포공감치과의원,,,내원,,,,,,
21973,다나을치과의원,,,내원+출장,,,,,,
21974,서울케이치과의원,,,내원+출장,,,,,,
21975,서울모담치과의원,,,내원,,,,,,
21976,연세미소온치과의원,,,내원,,,,,,
21977,트리플란트치과의원,,,내원,,,,,,
21978,서울세온치과의원,,,내원,,,,,,
21979,서울자이치과의원,,,내원,,,,,,
21980,디얼유치과의원,,,내원,,,,,,
21981,김포더맑은치과의원,,,내원,,,,,,
21982,연세엘치과의원,,,내원,,,,,,
21983,바른아이치과의원,,,내원,,,,,,
21984,공감플러스치과의원,,,내원,,,,,,
21985,걸포탑치과의원,,,내원,,,,,,
21986,미소지은치과의원,,,내원,,,,,,
21987,라인치과교정과치과의원,,,내원,,,,,,
21988,서울안심치과의원,,,내원,,,,,,
21989,한강서울치과의원,,,내원,,,,,,
21990,김포베스트치과의원,,,내원,,,,,,
21991,서울마스터치과의원,,,내원,,,,,,
21992,서울공감치과의원,,,내원,,,,,,
21993,김포맥치과의원,,,내원,,,,,,
21994,고촌하이치과의원,,,내원,,,,,,
21995,굿드림치과의원,,,내원,,,,,,
21996,김포감동치과의원,,,내원,,,,,,
21997,연세세브란스치과의원,,,내원,,,,,,
21998,퍼스트치과의원,,,내원,,,,,,
21999,고촌더탑치과의원,,,내원,,,,,,
22000,김포금치과의원,,,내원,,,,,,
22001,다올치과의원,,,내원,,,,,,
22002,연세라곰치과의원,,,내원,,,,,,
22003,마송오늘채움치과의원,,,내원,,,,,,
22004,김포사과나무치과의원,,,내원,,,,,,
22005,아이홈소아치과의원,,,내원,,,,,,
22006,서울노아치과의원,,,내원,,,,,,
22007,풍무올치과의원,,,내원,,,,,,
22008,하나플란트치과의원,,,내원,,,,,,
22009,김포조은성모의원,내원,내원,,,,,,,
22010,김기택내과의원,내원,,,내원,내원,내원,,,
22011,아산소아청소년과의원,,내원,,,,,,,
22012,리더스의원,,내원,,,,,,,
22013,365소아청소년과의원,,내원,,,,,,,
22014,해드림가정의학과의원,내원,내원,,내원,내원,내원,,,
22015,봄소아청소년과의원,,내원,,,,,,,
22016,배원엽내과의원,내원,,,내원,내원,내원,,,
22017,황산내과의원,내원,,,내원,내원,내원,,,
22018,애플소아청소년과의원,,내원,,,,,,,
22019,삼성메디칼의원,내원,,,내원,내원,내원,내원,,
22020,미래소아청소년과의원,,내원,,,,,,,
22021,굿모닝내과의원,내원,,,내원,내원,내원,,,
22022,연세소아청소년과의원,,내원,,,,,,,
22023,아산내과의원,내원,,,내원,내원,내원,,,
22024,김봉환내과의원,내원,,,내원,내원,내원,,,
22025,서울삼성의원,내원,,,,,내원,,,
22026,이젠드림가정의학과의원,내원,내원,,내원,내원,내원,,,
22027,김포성모의원,내원,,,,,,,,
22028,마송김내과의원,내원,,,내원,내원,내원,내원,내원,
22029,현내과의원,내원,,,내원,내원,내원,,,
22030,연합한강내과의원,내원,,,내원,내원,내원,내원,내원,
22031,이화여성의원,,,,,,,,내원,
22032,세영소아청소년과의원,,내원,,,,,,,
22033,위장튼튼내과의원,내원,,,내원,내원,내원,내원,,
22034,연세모두소아청소년과의원,,내원,,,,,,,
22035,한강키즈웰의원,,내원,,,,,,,
22036,향산제이메디컬의원,내원,내원,,,,,,,
22037,호수연세소아청소년과의원,,내원,,,,,,,
22038,삼성탑내과의원,내원,,,내원,내원,내원,내원,내원,
22039,황금소아청소년과의원,,내원,,,,,,,
22040,조현철내과의원,내원,,,내원,내원,내원,내원,내원,
22041,무지개소아청소년과의원,,내원,,,,,,,
22042,늘편한내과의원,내원,,,내원,내원,내원,내원,내원,
22043,건강드림내과의원,내원,,,내원,내원,내원,내원,내원,
22044,김포참조은내과의원,내원,,,내원,내원,내원,내원,내원,
22045,박원종내과의원,내원,,,내원,내원,내원,내원,내원,
22046,열린정형외과의원,내원,,,내원,내원,내원,,,
22047,모아제일산부인과의원,내원,내원,,,,,내원,내원,
22048,라이온소아청소년과의원,,내원,,,,,,,
22049,안심내과의원,내원,내원,,내원,내원,내원,,,
22050,든든한내과의원,내원,,,내원,내원,내원,내원,내원,
22051,연세온유외과의원,,,,,,,내원,,
22052,누리연합소아청소년과의원,,내원,,,,,,,
22053,조은미래산부인과의원,,내원,,,,,내원,내원,
22054,조은미래의원,내원,,,내원,내원,내원,,,
22055,속편한내과의원,내원,,,내원,내원,내원,내원,내원,
22056,진내과의원,내원,,,내원,내원,내원,내원,,
22057,가온산부인과의원,,,,,,,,내원,
22058,서울산부인과의원,,,,,,,,내원,
22059,퍼스트내과의원,내원,,,내원,내원,내원,내원,내원,
22060,하늘빛소아청소년과의원,,내원,,,,,,,
22061,도담소아청소년과의원,,내원,,,,,,,
22062,수아이의원,,내원,,,,,,,
22063,김포강심장내과의원,내원,,,내원,내원,내원,,,
22064,김포정원내과의원,내원,,,내원,내원,내원,내원,내원,
22065,아름드리365소아청소년과의원,,내원,,,,,,,
22066,더퀸즈산부인과의원,,,,,,,,내원,
22067,패트라산부인과의원,,,,,,,,내원,
22068,행복쑥쑥소아청소년과의원,,내원,,,,,,,
22069,서울맑음내과의원,내원,,,내원,내원,내원,내원,내원,
22070,늘푸른소아청소년과의원,,내원,,,,,,,
22071,아이클소아청소년과의원,,내원,,,,,,,
22072,포유산부인과의원,,,,,,,,내원,
22073,아이조은행복쑥쑥소아청소년과의원,,내원,,,,,,,
22074,삼성송영봉내과의원,내원,,,내원,내원,내원,,,
22075,다온의원,내원,,,,내원,내원,,,
22076,굿프라임메디컬의원,내원,,,내원,내원,내원,내원,내원,
22077,서울닥터윤치과의원,,,내원,,,,,,
22078,향산행복한치과의원,,,내원,,,,,,
22079,연세바로치과교정과치과의원,,,내원,,,,,,
22080,연세그리다치과교정과치과의원,,,내원,,,,,,
22081,의료법인은혜와감사의료재단화성중앙종합병원,내원+출장,내원,,내원,내원,내원,내원,,내원
22082,한림대학교동탄성심병원,내원,,,내원,내원,내원,내원,내원,
22083,의료법인원광의료재단원광종합병원,내원+출장,,,내원,내원+출장,내원,내원,내원,내원
22084,화성유일병원,내원,내원,,내원,내원,내원,내원,내원,내원
22085,동탄시티병원,내원,,,내원,내원,내원,내원,내원,
22086,의료법인상운의료재단동탄제일병원,내원,내원,,내원,내원,내원,내원,내원,
22087,센트럴아동병원,,내원,,,,,,,
22088,의료법인은혜와감사의료재단향남스마트병원,내원,내원,,,,내원,,,
22089,희망찬병원,내원,,,내원,내원,내원,내원,,
22090,화성디에스병원,내원+출장,내원,,내원,내원+출장,내원,내원,내원,
22091,베스트아이들병원,내원,내원,,,,,,,
22092,동탄성모병원,내원,내원,,,,,,,
22093,바르다임병원,내원,,,내원,내원,내원,,,
22094,나이스병원,내원,,,내원,내원,내원,내원,내원,
22095,에이비씨병원,내원,,,내원,내원,내원,내원,내원,
22096,경성의원,내원,내원,,,,내원,,,
22097,서울참소아과의원,,내원,,,,,,,
22098,메디피움동탄의원,내원,,,내원,내원,내원,내원,내원,
22099,성모정형외과의원,내원,,,,,내원,,,
22100,오내과의원,내원,,,내원,,내원,,,
22101,굿모닝항외과의원,내원,,,내원,내원,,,,
22102,임승빈내과의원,내원,,,내원,내원,내원,,,
22103,원소아청소년과의원,,내원,,,,,,,
22104,향남이내과의원,내원,,,내원,,내원,,,
22105,병점메디칼의원,내원,내원,,내원,내원,내원,내원,내원,
22106,서울의원,,내원,,,,,,,
22107,연세내과의원,내원,,,내원,내원,내원,내원,,
22108,지엠산부인과의원,,,,,,,,내원,
22109,고동혁내과의원,내원,,,내원,내원,내원,,,
22110,혜영산부인과의원,,,,,,,,내원,
22111,봄소아청소년과의원,,내원,,,,,,,
22112,세종의원,,내원,,,,,,,
22113,권내과의원,내원,,,내원,내원,내원,내원,,
22114,박동수외과의원,내원,,,,,,,,
22115,강소아청소년과의원,,내원,,,,,,,
22116,씨엘산부인과의원,,,,,,,,내원,
22117,삼성메디칼정형외과의원,내원,,,,,,,,
22118,해피본산부인과의원,,,,,,,내원,내원,
22119,윤내과의원,내원,내원,,내원,내원,내원,내원,내원,
22120,태안내과의원,내원,,,내원,내원,내원,내원,,
22121,연세기쁨의원,,내원,,,,,,,
22122,반디소아청소년과의원,,내원,,,,,,,
22123,화성열린내과의원,내원,,,내원,내원,내원,,,
22124,동탄센트럴치과병원,,,내원,,,,,,
22125,조남영치과의원,,,내원,,,,,,
22126,닥터황치과의원,,,내원,,,,,,
22127,경승현치과교정과치과의원,,,내원,,,,,,
22128,조암연세치과의원,,,내원,,,,,,
22129,상아치과의원,,,내원,,,,,,
22130,스마일홍치과의원,,,내원,,,,,,
22131,미프라임치과의원,,,내원,,,,,,
22132,현용철치과의원,,,내원,,,,,,
22133,발안치과의원,,,내원,,,,,,
22134,배치과의원,,,내원,,,,,,
22135,미서울치과의원,,,내원,,,,,,
22136,세브란스치과의원,,,내원,,,,,,
22137,동탄예치과의원,,,내원,,,,,,
22138,권치과의원,,,내원,,,,,,
22139,이편한치과의원,,,내원,,,,,,
22140,강치과의원,,,내원,,,,,,
22141,참사랑치과의원,,,내원,,,,,,
22142,현대치과의원,,,내원,,,,,,
22143,동탄연세미소치과의원,,,내원,,,,,,
22144,가나팀치과의원,,,내원,,,,,,
22145,남양스타치과의원,,,내원,,,,,,
22146,조앤최서울치과의원,,,내원,,,,,,
22147,키즈엔젤치과의원,,,내원,,,,,,
22148,송산그린치과의원,,,내원,,,,,,
22149,남양서울치과의원,,,내원,,,,,,
22150,동탄샘치과의원,,,내원,,,,,,
22151,동탄다정치과의원,,,내원,,,,,,
22152,에코플러스치과의원,,,내원,,,,,,
22153,행복을심는치과의원,,,내원,,,,,,
22154,아름다운치과의원,,,내원,,,,,,
22155,이가편한치과의원,,,내원,,,,,,
22156,예미지강치과의원,,,내원,,,,,,
22157,스마트치과의원,,,내원,,,,,,
22158,사랑의치과의원,,,내원,,,,,,
22159,이플치과의원,,,내원,,,,,,
22160,맑은린치과의원,,,내원,,,,,,
22161,올치과의원,,,내원,,,,,,
22162,해든치과의원,,,내원,,,,,,
22163,연세프렌즈치과의원,,,내원,,,,,,
22164,당신을위한치과의원,,,내원,,,,,,
22165,더휴치과의원,,,내원,,,,,,
22166,병점베스트치과의원,,,내원,,,,,,
22167,이즈치과의원,,,내원,,,,,,
22168,예손치과의원,,,내원,,,,,,
22169,명치과의원,,,내원,,,,,,
22170,해맑은치과의원,,,내원,,,,,,
22171,원치과의원,,,내원,,,,,,
22172,서울웰치과의원,,,내원,,,,,,
22173,향남드림치과의원,,,내원,,,,,,
22174,동탄본치과의원,,,내원,,,,,,
22175,남양좋은치과의원,,,내원,,,,,,
22176,연세화이트치과의원,,,내원,,,,,,
22177,동탄미래치과의원,,,내원,,,,,,
22178,프라임치과의원,,,내원,,,,,,
22179,동탄치과의원,,,내원,,,,,,
22180,연세에이스치과의원,,,내원,,,,,,
22181,발안선연합치과의원,,,내원,,,,,,
22182,동탄굿모닝치과의원,,,내원,,,,,,
22183,닥터스마일치과의원,,,내원,,,,,,
22184,이플러스구강악안면외과치과의원,,,내원,,,,,,
22185,동탄서울리더스치과의원,,,내원,,,,,,
22186,미래꿈나무쥬니어치과의원,,,내원,,,,,,
22187,서울키즈치과의원,,,내원,,,,,,
22188,연세웰치과의원,,,내원,,,,,,
22189,서연치과의원,,,내원,,,,,,
22190,플러스치과의원,,,내원,,,,,,
22191,아름다운턱치과의원,,,내원,,,,,,
22192,동탄미소치과의원,,,내원,,,,,,
22193,서울치과의원,,,내원,,,,,,
22194,비손치과의원,,,내원,,,,,,
22195,본치과의원,,,내원,,,,,,
22196,미담치과의원,,,내원,,,,,,
22197,우리치과의원,,,내원,,,,,,
22198,병점뉴욕치과의원,,,내원,,,,,,
22199,기아미치과의원,,,내원,,,,,,
22200,에버란트치과의원,,,내원,,,,,,
22201,구장치과의원,,,내원,,,,,,
22202,벗치과의원,,,내원,,,,,,
22203,베스트치과의원,,,내원,,,,,,
22204,연세다건치과의원,,,내원,,,,,,
22205,퍼플치과의원,,,내원,,,,,,
22206,연우치과의원,,,내원,,,,,,
22207,희망을심는치과의원,,,내원,,,,,,
22208,연세위더스치과의원,,,내원,,,,,,
22209,향남프라임치과의원,,,내원,,,,,,
22210,뿌리깊은치과의원,,,내원,,,,,,
22211,예인치과의원,,,내원,,,,,,
22212,뷰티란트치과의원,,,내원,,,,,,
22213,서울패밀리치과의원,,,내원,,,,,,
22214,정이든치과의원,,,내원,,,,,,
22215,보스톤탑치과의원,,,내원,,,,,,
22216,박영준치과의원,,,내원,,,,,,
22217,아는치과의원,,,내원,,,,,,
22218,조암미소치과의원,,,내원,,,,,,
22219,동탄온가족치과의원,,,내원,,,,,,
22220,정남치과의원,,,내원,,,,,,
22221,로덴치과의원,,,내원,,,,,,
22222,신한주치과의원,,,내원,,,,,,
22223,내이튼치과의원,,,내원,,,,,,
22224,남양선연합치과의원,,,내원,,,,,,
22225,서울힐링치과의원,,,내원,,,,,,
22226,이태흥치과의원,,,내원,,,,,,
22227,동탄365나무치과의원,,,내원,,,,,,
22228,뉴큰사랑치과의원,,,내원,,,,,,
22229,와우e치과의원,,,내원,,,,,,
22230,우리가족치과의원,,,내원,,,,,,
22231,아가페치과의원,,,내원,,,,,,
22232,한스치과의원,,,내원,,,,,,
22233,동탄휴치과의원,,,내원,,,,,,
22234,메타폴리스치과의원,,,내원,,,,,,
22235,우리아이키즈치과의원,,,내원,,,,,,
22236,동탄아는치과의원,,,내원,,,,,,
22237,마도서울치과의원,,,내원,,,,,,
22238,현치과의원,,,내원,,,,,,
22239,서울두리치과의원,,,내원,,,,,,
22240,서울팀치과의원,,,내원,,,,,,
22241,구문치과의원,,,내원,,,,,,
22242,더튼튼치과의원,,,내원,,,,,,
22243,동탄어린이치과의원,,,내원,,,,,,
22244,꿈꾸는소아치과의원,,,내원,,,,,,
22245,동탄드림치과의원,,,내원,,,,,,
22246,동탄키즈사랑소아치과의원,,,내원,,,,,,
22247,서울리더스치과의원,,,내원,,,,,,
22248,우리치과의원,,,내원,,,,,,
22249,동탄에이스치과의원,,,내원,,,,,,
22250,서울으뜸치과의원,,,내원,,,,,,
22251,연세치과의원,,,내원,,,,,,
22252,서울리온치과의원,,,내원,,,,,,
22253,비봉스마트치과의원,,,내원,,,,,,
22254,연세선이고은치과의원,,,내원,,,,,,
22255,마이플란트치과의원,,,내원,,,,,,
22256,서울라미플란트치과교정과치과의원,,,내원,,,,,,
22257,동탄탑치과의원,,,내원,,,,,,
22258,신영통튼튼이치과의원,,,내원,,,,,,
22259,동탄뉴욕치과의원,,,내원,,,,,,
22260,미소자인교정치과의원,,,내원,,,,,,
22261,보스턴치과교정과치과의원,,,내원,,,,,,
22262,연세바로치과교정과치과의원,,,내원,,,,,,
22263,남양바른탑치과의원,,,내원,,,,,,
22264,튼튼어린이치과의원,,,내원,,,,,,
22265,동탄365바름치과의원,,,내원,,,,,,
22266,자연이바른치과의원,,,내원,,,,,,
22267,하이웰치과의원,,,내원,,,,,,
22268,닥터홍치과의원,,,내원,,,,,,
22269,서울건치과의원,,,내원,,,,,,
22270,나노치과의원,,,내원,,,,,,
22271,킴스치과의원,,,내원,,,,,,
22272,바로플란트치과의원,,,내원,,,,,,
22273,착한미소치과의원,,,내원,,,,,,
22274,동탄씨엘치과의원,,,내원,,,,,,
22275,송산탑치과의원,,,내원,,,,,,
22276,서울유보라치과의원,,,내원,,,,,,
22277,아이끌림치과의원,,,내원,,,,,,
22278,연세참예쁜치과교정과치과의원,,,내원,,,,,,
22279,동탄아이비치과의원,,,내원,,,,,,
22280,코코치과교정과치과의원,,,내원,,,,,,
22281,연세서울미래치과의원,,,내원,,,,,,
22282,이루다치과의원,,,내원,,,,,,
22283,동탄하나로치과의원,,,내원,,,,,,
22284,스마일팩토리치과교정과치과의원,,,내원,,,,,,
22285,남양참플란트치과의원,,,내원,,,,,,
22286,스마일온치과보철과치과의원,,,내원,,,,,,
22287,이루다소아치과의원,,,내원,,,,,,
22288,동탄아이소망치과소아치과의원,,,내원,,,,,,
22289,바른이턱치과의원,,,내원,,,,,,
22290,바로드림치과의원,,,내원+출장,,,,,,
22291,미앤미치과의원,,,내원,,,,,,
22292,동탄이편한치과의원,,,내원,,,,,,
22293,삼성디에스알치과의원,,,내원,,,,,,
22294,건강한건치과의원,,,내원,,,,,,
22295,송산수치과의원,,,내원,,,,,,
22296,서울포인트치과의원,,,내원,,,,,,
22297,삼성바른치과의원,,,내원,,,,,,
22298,채움치과의원,,,내원,,,,,,
22299,더사랑치과의원,,,내원,,,,,,
22300,서울안지연치과교정과치과의원,,,내원,,,,,,
22301,서울감동치과의원,,,내원,,,,,,
22302,동탄키움치과의원,,,내원,,,,,,
22303,바른치과의원,,,내원,,,,,,
22304,동탄꿈의치과의원,,,내원,,,,,,
22305,오아시스치과의원,,,내원,,,,,,
22306,동탄퍼스트치과의원,,,내원,,,,,,
22307,우리들의행복한치과의원,,,내원,,,,,,
22308,더새로운치과의원,,,내원,,,,,,
22309,든든한치과의원,,,내원,,,,,,
22310,동탄리즈치과의원,,,내원,,,,,,
22311,정현치과의원,,,내원,,,,,,
22312,동탄안심치과의원,,,내원,,,,,,
22313,캠프나인치과의원,,,내원,,,,,,
22314,365온가족치과의원,,,내원,,,,,,
22315,예나치과교정과치과의원,,,내원,,,,,,
22316,동탄연세세브란스치과의원,,,내원,,,,,,
22317,동탄서울에스치과의원,,,내원,,,,,,
22318,향남바른치과의원,,,내원,,,,,,
22319,미소진치과의원,,,내원,,,,,,
22320,서울참편한치과의원,,,내원,,,,,,
22321,플란치과의원,,,내원,,,,,,
22322,병점홍치과의원,,,내원,,,,,,
22323,화성새로이소아치과치과의원,,,내원,,,,,,
22324,새솔다온치과의원,,,내원,,,,,,
22325,봉담정성치과의원,,,내원,,,,,,
22326,연세새솜치과의원,,,내원,,,,,,
22327,봉담바로선치과의원,,,내원,,,,,,
22328,닥터김산치과의원,,,내원,,,,,,
22329,마이퍼스트소아치과치과의원,,,내원,,,,,,
22330,상아꾸러기치과의원,,,내원,,,,,,
22331,상아치과교정과치과의원,,,내원,,,,,,
22332,동탄연세원구강악안면외과치과의원,,,내원,,,,,,
22333,서울아이미래치과의원,,,내원,,,,,,
22334,365향남플란트치과의원,,,내원,,,,,,
22335,그랑플란트치과의원,,,내원,,,,,,
22336,서울굿플란트치과의원,,,내원,,,,,,
22337,선키스트치과의원,,,내원,,,,,,
22338,메디피움치과의원,,,내원,,,,,,
22339,서울이로움치과의원,,,내원,,,,,,
22340,올봄플란트치과의원,,,내원,,,,,,
22341,디유치과의원,,,내원,,,,,,
22342,동탄역예나치과교정과치과의원,,,내원,,,,,,
22343,첫번째치과의원,,,내원,,,,,,
22344,굿모닝치과의원,,,내원,,,,,,
22345,안녕이치과의원,,,내원,,,,,,
22346,봉담탑치과의원,,,내원,,,,,,
22347,크리스탈치과의원,,,내원,,,,,,
22348,동탄주치과의원,,,내원,,,,,,
22349,동탄스타치과의원,,,내원,,,,,,
22350,365스마일치과의원,,,내원,,,,,,
22351,그리던소아치과의원,,,내원,,,,,,
22352,서울조암치과의원,,,내원,,,,,,
22353,서울참좋은날치과의원,,,내원,,,,,,
22354,선연합치과의원,,,내원,,,,,,
22355,동탄가온치과의원,,,내원,,,,,,
22356,더365바른치과의원,,,내원,,,,,,
22357,바위치과의원,,,내원,,,,,,
22358,연세하이플러스의원,내원,,,내원,내원,내원,,,
22359,연세소아과의원,,내원,,,,,,,
22360,서울내과의원,,내원,,,,,,,
22361,신미주가정의학과의원,,내원,,,,,,,
22362,미즈여성의원,,,,,,,,내원,
22363,성모내과의원,내원,,,내원,내원,내원,내원,,
22364,최소아과의원,,내원,,,,,,,
22365,동탄키즈웰소아청소년과의원,,내원,,,,,,,
22366,21세기우리의원,내원+출장,,,내원,내원+출장,내원,,,
22367,미즈맘산부인과의원,,,,,,,,내원,
22368,삼성제일소아청소년과의원,,내원,,,,,,,
22369,굿키즈소아청소년과의원,,내원,,,,,,,
22370,서울삼성내과의원,내원,,,내원,내원,내원,내원,내원,
22371,성모플러스내과의원,내원,,,내원,내원,내원,내원,,
22372,편안한내과의원,내원,,,내원,내원,내원,,,
22373,동탄연세소아청소년과의원,,내원,,,,,,,
22374,심현남동탄제일산부인과의원,,,,,,,,내원,
22375,우리아이소아청소년과의원,,내원,,,,,,,
22376,삼성내과의원,내원,,,내원,,내원,,,
22377,속편한내과의원,내원,,,내원,내원,내원,내원,,
22378,상쾌한이비인후과의원,,내원,,,,,,,
22379,남양편안한내과의원,내원,,,내원,내원,내원,내원,내원,
22380,김덕하소아청소년과의원,,내원,,,,,,,
22381,미즈파크산부인과의원,,,,,,,내원,내원,
22382,향남연세소아청소년과의원,,내원,,,,,,,
22383,향남삼성내과의원,내원,,,내원,내원,내원,내원,내원,
22384,서울우리내과의원,내원,,,내원,내원,내원,,,
22385,우리들내과의원,내원,,,내원,내원,내원,내원,,
22386,건강한유외과의원,,,,,,,내원,,
22387,마음담은내과의원,내원,,,내원,내원,내원,,,
22388,동탄에스소아청소년과의원,,내원,,,,,,,
22389,연세키즈소아청소년과의원,,내원,,,,,,,
22390,신수아소아청소년과의원,,내원,,,,,,,
22391,코벤트더웰의원,내원,,,내원,내원,내원,,,
22392,김현미산부인과의원,,,,,,,,내원,
22393,삼성연합의원,내원,,,,,내원,,,
22394,에스1+내과의원,내원,,,내원,내원,내원,내원,내원,
22395,팔복내과가정의학과의원,내원,,,내원,내원,내원,,내원,
22396,서울명진내과의원,내원,,,내원,내원,내원,,,
22397,병점탑내과의원,내원,,,내원,내원,내원,,,
22398,향남봄소아청소년과의원,,내원,,,,,,,
22399,솔빛소아청소년과의원,,내원,,,,,,,
22400,동탄굿모닝소아청소년과의원,,내원,,,,,,,
22401,남양수내과의원,내원,,,내원,내원,내원,,,
22402,서울여성의원,,,,,,,,내원,
22403,오케이가정의학과의원,,내원,,,,,,,
22404,현대아주의원,내원,,,,,,,,
22405,둘이이비인후과의원,,내원,,,,,,,
22406,동탄호수소아청소년과의원,,내원,,,,,,,
22407,아이언소아청소년과의원,,내원,,,,,,,
22408,한그루소아청소년과의원,,내원,,,,,,,
22409,메타폴리스내과의원,내원,,,내원,내원,내원,,,
22410,사단법인공감직업환경의학센터향남공감의원,내원+출장,,,내원,내원+출장,내원,내원,내원,
22411,동탄수내과의원,내원,,,내원,내원,내원,내원,내원,
22412,굿모닝소아청소년과의원,,내원,,,,,,,
22413,준내과의원,내원,,,내원,내원,내원,내원,,
22414,자연속내과의원,내원,,,내원,내원,내원,내원,내원,
22415,서울연합의원,내원,내원,,내원,내원,내원,내원,내원,
22416,온가족소아청소년과의원,,내원,,,,,,,
22417,진소아청소년과의원,,내원,,,,,,,
22418,동탄조은내과의원,내원,,,내원,내원,내원,,,
22419,성모탑내과의원,내원,,,내원,내원,내원,내원,내원,
22420,동탄연세의원,내원,내원,,내원,내원,내원,,,
22421,리앤김소아청소년과의원,,내원,,,,,,,
22422,디온여성의원,,,,,,,,내원,
22423,화성이엠365의원,내원,,,,,,,,
22424,이우진내과의원,내원,,,내원,내원,내원,내원,내원,
22425,코끼리소아청소년과의원,,내원,,,,,,,
22426,동탄미소소아청소년과의원,,내원,,,,,,,
22427,발안우리들의원,,내원,,,,,,,
22428,수아산부인과의원,,,,,,,,내원,
22429,마이더스산부인과의원,,,,,,,,내원,
22430,동탄삼성의원,내원,내원,,,,,,,
22431,동탄메디365의원,내원,내원,,,,,,,
22432,서울명의원,내원,내원,,,,내원,,,
22433,동탄서울아산내과의원,내원,,,내원,내원,내원,,,
22434,와우맘소아청소년과의원,,내원,,,,,,,
22435,차메디컬센터의원,내원,,,내원,내원,내원,내원,내원,
22436,동탄송도항외과의원,내원,,,내원,내원,내원,,,
22437,동탄이소아청소년과의원,,내원,,,,,,,
22438,아이웰소아청소년과의원,,내원,,,,,,,
22439,연세본내과의원,내원,,,내원,내원,내원,내원,내원,
22440,연세휴내과의원,내원,,,내원,내원,내원,내원,내원,
22441,연세키즈365소아청소년과의원,,내원,,,,,,,
22442,삼성키즈소아청소년과의원,,내원,,,,,,,
22443,동탄서울내과의원,내원,,,내원,내원,내원,내원,내원,
22444,남승우소아청소년과의원,,내원,,,,,,,
22445,우리소아청소년과의원,,내원,,,,,,,
22446,그린가정의원,,내원,,,,,,,
22447,삼성드림내과의원,내원,,,내원,내원,내원,내원,,
22448,새솔조은내과의원,내원,,,내원,내원,내원,내원,내원,
22449,웰봄비에프소아청소년과의원,,내원,,,,,,,
22450,성모키즈소아청소년과의원,,내원,,,,,,,
22451,봉담삼육오웰의원,내원,,,,,,,,
22452,삼성365소아청소년과의원,,내원,,,,,,,
22453,서울선내과의원,내원,,,내원,내원,내원,내원,내원,
22454,연세365소아청소년과의원,,내원,,,,,,,
22455,에스케이가정의학과의원,내원,,,,,,,,
22456,연세이룬소아청소년과의원,,내원,,,,,,,
22457,동탄365키즈소아청소년과의원,,내원,,,,,,,
22458,서울바른소아청소년과의원,,내원,,,,,,,
22459,테라산부인과의원,,,,,,,,내원,
22460,아이편한소아청소년과의원,,내원,,,,,,,
22461,봉담도담소아청소년과의원,,내원,,,,,,,
22462,베스트내과의원,내원,,,내원,내원,내원,내원,,
22463,향남봄내과의원,내원,,,내원,내원,내원,,,
22464,건강한내과의원,내원,,,내원,내원,내원,,,
22465,트리니티소아청소년과의원,,내원,,,,,,,
22466,의료법인상운의료재단(분소)동탄제일아이희망의원,,,,,,,,내원,
22467,애플산부인과의원,,,,,,,,내원,
22468,우주소아청소년과의원,,내원,,,,,,,
22469,봉담은혜내과의원,내원,,,내원,내원,내원,내원,내원,
22470,동탄아이언소아청소년과의원,,내원,,,,,,,
22471,변상희산부인과의원,,,,,,,,내원,
22472,참좋은소아청소년과의원,,내원,,,,,,,
22473,바른속내과의원,내원,,,내원,내원,내원,내원,내원,
22474,동탄라온여성의원,,,,,,,,내원,
22475,봉담센트럴내과의원,내원,,,내원,내원,내원,내원,내원,
22476,비전성모내과의원,내원,,,내원,내원,내원,내원,내원,
22477,삼성로즈산부인과의원,,,,,,,,내원,
22478,올바른소아청소년과의원,,내원,,,,,,,
22479,동탄탑내과의원,내원,,,내원,내원,내원,내원,내원,
22480,남양아이언소아청소년과의원,,내원,,,,,,,
22481,향남맑은내과의원,내원,,,내원,내원,내원,내원,내원,
22482,서울아산센트럴내과의원,내원,,,내원,내원,내원,내원,내원,
22483,키즈앤하이성장의원,,내원,,,,,,,
22484,배영민소아청소년과의원,,내원,,,,,,,
22485,삼성봄그린산부인과의원,,,,,,,,내원,
22486,위대한탄생여성의원,,내원,,,,,내원,내원,
22487,그랑본여성의원,,,,,,,내원,내원,
22488,동탄다건연세내과의원,내원,,,내원,내원,내원,내원,내원,
22489,서울베스트의원,내원,,,내원,내원,내원,,,
22490,리아나산부인과의원,,,,,,,,내원,
22491,동탄연세맑은내과의원,내원,,,,,내원,,,
22492,신영통성모내과의원,내원,,,내원,내원,내원,내원,내원,
22493,올포유외과의원,,,,,,,내원,,
22494,송산두리이비인후과의원,,내원,,,,,,,
22495,홈케어의원,내원,,,내원,내원,내원,,내원,
22496,아주속편한의원,내원,,,내원,내원,내원,내원,내원,
22497,리본여성의원,,,,,,,,내원,
22498,연세바른내과의원,내원,,,내원,내원,내원,내원,내원,
22499,더블유워너비여성의원,,,,,,,,내원,
22500,러브유외과의원,,,,,,,내원,,
22501,서울바른내과의원,내원,,,내원,내원,내원,내원,내원,
22502,동탄해와달소아청소년과의원,,내원,,,,,,,
22503,동탄헤스티아여성의원,,,,,,,,내원,
22504,서울베스트치과의원,,,내원,,,,,,
22505,동탄호수참조은치과의원,,,내원,,,,,,
22506,연세윤손치과의원,,,내원,,,,,,
22507,연세세브란스치과의원,,,내원,,,,,,
22508,믿음플란트치과의원,,,내원,,,,,,
22509,병점역바로내과의원,내원,,,내원,내원,내원,내원,내원,
22510,손이좋은소아치과의원,,,내원,,,,,,
22511,서울메모리치과의원,,,내원,,,,,,
22512,서울베스트치과의원동탄점,,,내원,,,,,,
22513,참조은병원,내원,내원,내원,내원,내원,내원,내원,내원,내원
22514,더플러스병원,내원,,,내원,내원,내원,내원,내원,
22515,미켈란젤로병원,,내원,,,,,,,
22516,에스알씨(SRC)노인전문병원,내원,,,내원,내원,내원,내원,내원,
22517,서울하나의원,내원,,,내원,,내원,,,
22518,참서울소아청소년과의원,,내원,,,,,,,
22519,미래소아청소년과의원,,내원,,,,,,,
22520,김법성소아청소년과의원,,내원,,,,,,,
22521,곤지암성모의원,내원,,,내원,내원,내원,내원,내원,
22522,서울드림소아청소년과의원,,내원,,,,,,,
22523,서울산부인과의원,,,,,,,,내원,
22524,정양호내과의원,내원,,,내원,내원,내원,,,
22525,최영일산부인과의원,,,,,,,,내원,
22526,행복한소아청소년과의원,,내원,,,,,,,
22527,곤지암내과의원,내원,,,내원,내원,내원,,,
22528,위소아청소년과의원,,내원,,,,,,,
22529,오포세란의원,내원,내원,,,,,,,
22530,광주제일내과의원,내원,,,내원,,내원,,,
22531,삼성의원,내원,,,내원,내원,내원,,,
22532,아이온소아청소년과의원,,내원,,,,,,,
22533,오포의원,내원,내원,,,,,,,
22534,서울소아청소년과의원,,내원,,,,,,,
22535,이영창내과의원,내원,,,내원,내원,내원,내원,내원,
22536,연세가정의원,내원,,,내원,,내원,,,
22537,푸른내과의원,내원,,,내원,내원,내원,,,
22538,연세능골의원,,내원,,,,,,,
22539,연세아주소아청소년과의원,,내원,,,,,,,
22540,서울영상의학과의원,내원,,,내원,내원,내원,내원,내원,
22541,우리들여성산부인과의원,,,,,,,,내원,
22542,스마일디자인치과병원,,,내원,,,,,,
22543,김경남치과의원,,,내원,,,,,,
22544,민치과의원,,,내원,,,,,,
22545,소망치과의원,,,내원,,,,,,
22546,연세미치과의원,,,내원,,,,,,
22547,로덴치과의원,,,내원,,,,,,
22548,모닝캄치과의원,,,내원,,,,,,
22549,플랜에이치과의원,,,내원,,,,,,
22550,광주샘치과의원,,,내원,,,,,,
22551,현대치과의원,,,내원,,,,,,
22552,한·고치과의원,,,내원,,,,,,
22553,희망치과의원,,,내원,,,,,,
22554,이사랑치과의원,,,내원,,,,,,
22555,푸른치과의원,,,내원,,,,,,
22556,경안치과의원,,,내원,,,,,,
22557,초월치과의원,,,내원,,,,,,
22558,미래치과의원,,,내원,,,,,,
22559,사랑이가득한치과의원,,,내원,,,,,,
22560,연세큰별치과교정과치과의원,,,내원,,,,,,
22561,이편한치과의원,,,내원,,,,,,
22562,서울플란트치과의원,,,내원,,,,,,
22563,오포수치과의원,,,내원,,,,,,
22564,연세웰치과의원,,,내원,,,,,,
22565,바른플란트치과의원,,,내원,,,,,,
22566,굿모닝치과의원,,,내원,,,,,,
22567,스마트치과의원,,,내원,,,,,,
22568,태전프라임치과의원,,,내원,,,,,,
22569,서울오치과의원,,,내원,,,,,,
22570,오포연세치과의원,,,내원,,,,,,
22571,서울우리치과의원,,,내원,,,,,,
22572,수치과의원,,,내원,,,,,,
22573,필치과의원,,,내원,,,,,,
22574,미서울치과의원,,,내원,,,,,,
22575,275치과의원,,,내원,,,,,,
22576,오케이라인치과의원,,,내원,,,,,,
22577,오페라치과의원,,,내원,,,,,,
22578,공상주니어치과의원,,,내원,,,,,,
22579,행복한미소치과의원,,,내원,,,,,,
22580,광주본플란트치과의원,,,내원,,,,,,
22581,이튼치과의원,,,내원,,,,,,
22582,미소고운치과의원,,,내원,,,,,,
22583,행복한치과의원,,,내원,,,,,,
22584,김앤박치과의원,,,내원,,,,,,
22585,늘푸른연세치과의원,,,내원,,,,,,
22586,메디치과의원,,,내원,,,,,,
22587,광주탑치과의원,,,내원,,,,,,
22588,더화이트치과의원,,,내원,,,,,,
22589,태전플란트치과의원,,,내원,,,,,,
22590,이배재치과의원,,,내원,,,,,,
22591,미담치과의원,,,내원,,,,,,
22592,서울이편한치과의원,,,내원,,,,,,
22593,오포서울치과의원,,,내원,,,,,,
22594,나무와치과의원,,,내원,,,,,,
22595,서울베스트치과의원,,,내원,,,,,,
22596,서울더안치과의원,,,내원,,,,,,
22597,미플란트치과의원,,,내원,,,,,,
22598,이탑치과의원,,,내원,,,,,,
22599,올바른치과의원,,,내원,,,,,,
22600,서울감동치과의원,,,내원,,,,,,
22601,하나치과교정과치과의원,,,내원,,,,,,
22602,바른마음치과의원,,,내원,,,,,,
22603,하얀고운치과의원,,,내원,,,,,,
22604,아이반짝소아치과의원,,,내원,,,,,,
22605,서울굿플란트치과의원,,,내원,,,,,,
22606,서울보스톤치과의원,,,내원,,,,,,
22607,더프라임치과의원,,,내원,,,,,,
22608,광주플란트치과의원,,,내원,,,,,,
22609,이턱사랑치과의원,,,내원,,,,,,
22610,곤지암포레치과의원,,,내원,,,,,,
22611,서울더센트럴치과의원,,,내원,,,,,,
22612,안녕하세요치과의원,,,내원,,,,,,
22613,인플란트치과의원,,,내원,,,,,,
22614,토마토치과의원,,,내원,,,,,,
22615,서울청아치과의원,,,내원,,,,,,
22616,서울내편치과의원,,,내원,,,,,,
22617,스마일미치과의원,,,내원,,,,,,
22618,경기광주숙면치과의원,,,내원,,,,,,
22619,태전플란트치과교정과치과의원,,,내원,,,,,,
22620,100년치과의원,,,내원,,,,,,
22621,연세세브란스치과의원,,,내원,,,,,,
22622,서울더좋은치과의원,,,내원,,,,,,
22623,서울정성치과의원,,,내원,,,,,,
22624,예담의원,,내원,,,,,,,
22625,유종길내과의원,내원,,,내원,내원,내원,,,
22626,바이오이비인후과의원,,내원,,,,,,,
22627,연세에스더산부인과의원,,,,,,,,내원,
22628,성모우리내과의원,내원,,,내원,내원,내원,,,
22629,초월산부인과의원,,,,,,,,내원,
22630,광주시민의원,내원,,,내원,,,,,
22631,서울장내과의원,내원,,,내원,내원,내원,,,
22632,한사랑연세의원,,내원,,,,,,,
22633,김대일소아청소년과의원,,내원,,,,,,,
22634,미래산부인과의원,,,,,,,,내원,
22635,365드림의원,내원,내원,,내원,내원,내원,내원,내원,
22636,아이새움소아청소년과의원,,내원,,,,,,,
22637,태전연세가정의학과의원,,내원,,,,,,,
22638,우리내과의원,내원,,,내원,내원,내원,내원,내원,
22639,지인내과의원,내원,,,내원,내원,내원,내원,내원,
22640,수레실삼성의원,내원,내원,,내원,내원,내원,,,
22641,모모소아청소년과의원,,내원,,,,,,,
22642,누리소아청소년과의원,,내원,,,,,,,
22643,한마음내과의원,내원,,,내원,내원,내원,내원,내원,
22644,소나무내과의원,내원,,,내원,내원,내원,,내원,
22645,광주조은내과의원,내원,,,내원,내원,내원,내원,내원,
22646,닥터금소아청소년과의원,,내원,,,,,,,
22647,태전성모내과의원,내원,,,내원,내원,내원,,,
22648,태전박내과의원,내원,,,내원,내원,내원,,,
22649,삼동의원,,내원,,,,,,,
22650,사랑의원,내원,내원,,,,내원,,,
22651,WE(위)조은내과의원,내원,,,내원,내원,내원,내원,내원,
22652,지니소아청소년과의원,,내원,,,,,,,
22653,광주항외과의원,내원,,,내원,내원,내원,,,
22654,태전포도나무산부인과의원,,,,,,,,내원,
22655,신현편안내과의원,내원,,,내원,내원,내원,내원,내원,
22656,더와이즈헬스케어의원,내원,,,내원,내원,내원,내원,내원,
22657,태전이안내과의원,내원,,,내원,내원,내원,,,
22658,맑은샘소아청소년과의원,,내원,,,,,,,
22659,정다운가정의학과의원,,내원,,,,,,,
22660,제일누리산부인과의원,,,,,,,,내원,
22661,연이산부인과의원,,,,,,,,내원,
22662,광주웰니스내과의원,내원,,,내원,내원,내원,내원,내원,
22663,아하소아청소년과의원,,내원,,,,,,,
22664,곤지암탑치과의원,,,내원,,,,,,
22665,태전바른탑치과의원,,,내원,,,,,,
22666,아산수내과의원,내원,,,,,,,,
22667,서울휴내과이비인후과의원,내원,,,내원,내원,내원,내원,내원,
22668,하늘별빛소아청소년과의원,,내원,,,,,,,
22669,경기도의료원포천병원,내원,내원,내원,내원,내원,내원,내원,내원,내원
22670,의료법인일심의료재단포천우리병원,내원,내원,내원,내원,내원,내원,내원,내원,내원
22671,국군포천병원,내원,,,,,,,,
22672,강병원,내원,,,내원,내원,내원,내원,,
22673,김내과의원,내원,,,내원,내원,내원,,내원,
22674,포천속편한내과의원,내원,,,내원,내원,내원,내원,내원,
22675,일동연세의원,내원,,,,,내원,,,
22676,루시나산부인과의원,,,,,,,,내원,
22677,박영자산부인과의원,,,,,,,,내원,
22678,포천신경외과의원,내원,,,내원,내원,내원,내원,내원,
22679,메리엘산부인과의원,,,,,,,,내원,
22680,한솔정형외과의원,내원,,,,,,,,
22681,박치과의원,,,내원,,,,,,
22682,행복이가득한치과의원,,,내원,,,,,,
22683,상아플란트치과의원,,,내원,,,,,,
22684,서울치과의원,,,내원,,,,,,
22685,포천치과의원,,,내원,,,,,,
22686,서울탑치과의원,,,내원,,,,,,
22687,봄빛치과의원,,,내원,,,,,,
22688,포천은혜치과의원,,,내원,,,,,,
22689,영치과의원,,,내원,,,,,,
22690,열린치과의원,,,내원,,,,,,
22691,연세치과의원,,,내원,,,,,,
22692,서울강남플란트치과의원,,,내원,,,,,,
22693,연세웰치과의원,,,내원,,,,,,
22694,우리치과의원,,,내원,,,,,,
22695,운천서울치과의원,,,내원,,,,,,
22696,송우플랜트치과의원,,,내원,,,,,,
22697,서울우리치과의원,,,내원,,,,,,
22698,이플러스치과의원,,,내원,,,,,,
22699,중앙치과의원,,,내원,,,,,,
22700,100세치과의원,,,내원,,,,,,
22701,더송우치과의원,,,내원,,,,,,
22702,연세그랜드치과의원,,,내원,,,,,,
22703,임플라인치과의원포천점,,,내원,,,,,,
22704,포천온담치과의원,,,내원,,,,,,
22705,송우바른치과의원,,,내원,,,,,,
22706,서울백년치과의원,,,내원,,,,,,
22707,제일소아과의원,,내원,,,,,,,
22708,박소아과의원,,내원,,,,,,,
22709,이혜용소아청소년과의원,,내원,,,,,,,
22710,이함내과의원,내원,,,내원,내원,내원,내원,내원,
22711,양지현소아청소년과의원,,내원,,,,,,,
22712,포천그린내과의원,내원,,,내원,내원,내원,,,
22713,성모속튼튼내과의원,내원,,,내원,내원,내원,내원,내원,
22714,성모부부내과의원,내원,내원,,내원,내원,내원,내원,내원,
22715,김미경내과의원,내원,,,내원,내원,내원,내원,내원,
22716,우영치과의원,,,내원,,,,,,
22717,서울올바로치과의원,,,내원,,,,,,
22718,올바른홍치과의원,,,내원,,,,,,
22719,서울온가족치과의원,,,내원,,,,,,
22720,양평병원,내원,,,내원,내원,내원,,내원,
22721,양수삼성요양병원,내원,,,,,,,,
22722,이용운소아과의원,,내원,,,,,,,
22723,정내과의원,내원,,,내원,내원,내원,내원,내원,
22724,영진치과의원,,,내원,,,,,,
22725,이종선치과의원,,,내원,,,,,,
22726,세란치과의원,,,내원,,,,,,
22727,서종바른치과의원,,,내원,,,,,,
22728,양평하나로치과의원,,,내원,,,,,,
22729,명인치과의원,,,내원,,,,,,
22730,박치과의원,,,내원,,,,,,
22731,양평치과의원,,,내원,,,,,,
22732,하나로치과의원,,,내원,,,,,,
22733,연세치과의원,,,내원,,,,,,
22734,서울치과의원,,,내원,,,,,,
22735,메디시아치과의원,,,내원,,,,,,
22736,효플란트치과의원,,,내원,,,,,,
22737,최지원의e-좋은나라치과의원,,,내원,,,,,,
22738,현대치과의원,,,내원,,,,,,
22739,맑은미소치과의원,,,내원,,,,,,
22740,용문바른치과의원,,,내원,,,,,,
22741,서울부부치과의원,,,내원,,,,,,
22742,라이프치과의원,,,내원,,,,,,
22743,온아치과의원,,,내원,,,,,,
22744,참조은치과의원,,,내원,,,,,,
22745,용문제일치과의원,,,내원,,,,,,
22746,상쾌한필치과의원,,,내원,,,,,,
22747,양평믿음치과의원,,,내원,,,,,,
22748,아름다운이치과의원,,,내원,,,,,,
22749,더공감치과의원,,,내원,,,,,,
22750,양평백상치과의원,,,내원,,,,,,
22751,양평군보건소,,,내원,,,,,,
22752,예사랑의원,,내원,,,,,,,
22753,김란미즈소아청소년과의원,,내원,,,,,,,
22754,하나로의원,내원,,,내원,내원,내원,내원,내원,
22755,연세푸르른소아청소년과의원,,내원,,,,,,,
22756,더건강한내과의원,내원,,,내원,내원,내원,,내원,
22757,연세푸르른내과의원,내원,,,내원,내원,내원,내원,내원,
22758,편안한내과통증영상의학과의원,내원,,,내원,내원,내원,내원,내원,
22759,양평의료복지사회적협동조합모두의원,내원,,,,,,,,
22760,새맑은치과의원,,,내원,,,,,,
22761,양평루트치과의원,,,내원,,,,,,
22762,경기도의료원수원병원,내원+출장,내원,내원,내원,내원,내원,내원,내원,내원
22763,의료법인명인의료재단화홍병원,내원,,,내원,내원,내원,내원,내원,내원
22764,수원중앙병원,내원+출장,,내원,내원,내원+출장,내원,내원,내원,
22765,수여성병원,내원,내원,내원,내원,내원,내원,내원,내원,
22766,에덴메디여성병원,,내원,,,,,내원,내원,
22767,성모척관병원,내원,,,내원,내원,내원,내원,내원,
22768,다인병원,내원+출장,,내원+출장,내원,내원,내원,내원,내원,
22769,세인트마리여성병원,내원,,,내원,내원,내원,내원,내원,
22770,삼성큰병원,내원,,,내원,내원,내원,내원,내원,
22771,제이에스병원,내원,,,내원,내원,내원,내원,,
22772,(사)한국건강관리협회건강증진의원,내원,,,내원,내원,내원,내원,내원,
22773,서울소아청소년과의원,,내원,,,,,,,
22774,김경신소아청소년과의원,,내원,,,,,,,
22775,윤호주소아청소년과의원,,내원,,,,,,,
22776,(재)한국의학연구소KMI경기의원,내원,,,내원,내원,내원,내원,내원,
22777,효원산부인과의원,,,,,,,,내원,
22778,한마음외과의원,내원,,,내원,내원,내원,내원,내원,
22779,제일성모의원,내원,내원,,내원,,내원,,,
22780,심종걸내과의원,내원,,,내원,,내원,,,
22781,베스트산부인과의원,,내원,,,,,내원,내원,
22782,박영부내과의원,내원,내원,,내원,,내원,,,
22783,성모의원,,내원,,,,,,,
22784,최상묵소아청소년과의원,,내원,,,,,,,
22785,수원한국내과의원,내원,,,내원,내원,내원,내원,내원,
22786,화인내과의원,내원,,,내원,,내원,,,
22787,미래여성의원,,,,,,,,내원,
22788,현대의원,내원,,,내원,내원,내원,,,
22789,메디모아의원,,내원,,,,,,,
22790,한마음가정의원,,내원,,,,,,,
22791,우먼플러스산부인과의원,,내원,,,,,내원,내원,
22792,연세내과의원,내원,,,내원,내원,내원,,,
22793,수원중앙내과의원,,내원,,,,,,,
22794,키즈원소아청소년과의원,,내원,,,,,,,
22795,코코의원,,내원,,,,,,,
22796,전재훈내과의원,내원,,,내원,내원,내원,내원,,
22797,누가소아청소년과의원,,내원,,,,,,,
22798,장내과의원,내원,,,내원,내원,내원,내원,,
22799,주내과의원,내원,내원,,내원,내원,내원,내원,내원,
22800,수소아청소년과의원,,내원,,,,,,,
22801,양내과의원,,내원,,,,,,,
22802,신세계항의원,내원,,,내원,내원,내원,,,
22803,성심내과의원,내원,,,내원,내원,내원,,,
22804,신세계외과의원,내원,,,내원,내원,내원,내원,내원,
22805,라파이비인후과의원,,내원,,,,,,,
22806,하나소아청소년과의원,,내원,,,,,,,
22807,당수성모내과의원,내원,내원,,내원,,내원,,,
22808,참가정의원,내원,,,,,,,,
22809,박소아청소년과의원,,내원,,,,,,,
22810,아이들소아청소년과의원,,내원,,,,,,,
22811,준내과의원,내원,내원,,내원,내원,내원,내원,내원,
22812,방찬호소아청소년과의원,,내원,,,,,,,
22813,박희붕외과의원,내원,,,내원,내원,내원,내원,내원,
22814,서울자연치과의원,,,내원,,,,,,
22815,이노치과의원,,,내원,,,,,,
22816,이편한동산치과의원,,,내원,,,,,,
22817,세란치과의원,,,내원,,,,,,
22818,문치과의원,,,내원,,,,,,
22819,김경욱치과의원,,,내원,,,,,,
22820,은치과의원,,,내원,,,,,,
22821,행복이가득한치과의원,,,내원,,,,,,
22822,황규선치과의원,,,내원,,,,,,
22823,곽동곤치과의원,,,내원,,,,,,
22824,수원예치과의원,,,내원,,,,,,
22825,장안연세치과의원,,,내원,,,,,,
22826,전영태치과의원,,,내원,,,,,,
22827,유선규치과의원,,,내원,,,,,,
22828,미치과의원,,,내원,,,,,,
22829,스마일치과의원,,,내원,,,,,,
22830,김성철치과의원,,,내원,,,,,,
22831,다니치과의원,,,내원,,,,,,
22832,김의치과의원,,,내원,,,,,,
22833,세브란스민치과의원,,,내원,,,,,,
22834,동수원오케이치과의원,,,내원,,,,,,
22835,남수원웰치과의원,,,내원,,,,,,
22836,아임치과의원,,,내원,,,,,,
22837,율전치과의원,,,내원,,,,,,
22838,가경치과의원,,,내원,,,,,,
22839,박철치과의원,,,내원,,,,,,
22840,고색치과의원,,,내원,,,,,,
22841,현치과의원,,,내원,,,,,,
22842,바른미소치과의원,,,내원,,,,,,
22843,하나치과의원,,,내원,,,,,,
22844,서성은치과의원,,,내원,,,,,,
22845,양동준치과의원,,,내원,,,,,,
22846,행복치과의원,,,내원,,,,,,
22847,연세플러스치과의원,,,내원,,,,,,
22848,장재홍치과의원,,,내원,,,,,,
22849,나종완치과의원,,,내원,,,,,,
22850,정인석치과의원,,,내원,,,,,,
22851,민치과의원,,,내원,,,,,,
22852,스마트치과의원,,,내원,,,,,,
22853,최홍석치과의원,,,내원,,,,,,
22854,새이치과의원,,,내원,,,,,,
22855,세종부부치과의원,,,내원,,,,,,
22856,사랑이치과의원,,,내원,,,,,,
22857,연세허치과의원,,,내원,,,,,,
22858,수원21세기치과의원,,,내원,,,,,,
22859,참플란트치과의원,,,내원,,,,,,
22860,조원홈플러스치과의원,,,내원,,,,,,
22861,서수원치과의원,,,내원,,,,,,
22862,우리치과의원,,,내원,,,,,,
22863,정진부부치과의원,,,내원,,,,,,
22864,행복나눔치과의원,,,내원,,,,,,
22865,수원고은치과의원,,,내원,,,,,,
22866,더오케이치과의원,,,내원,,,,,,
22867,나래부부치과의원,,,내원,,,,,,
22868,하나로치과의원,,,내원,,,,,,
22869,박용성치과의원,,,내원,,,,,,
22870,홍치과의원,,,내원,,,,,,
22871,연세수치과교정과치과의원,,,내원,,,,,,
22872,e-드림치과의원,,,내원,,,,,,
22873,권선연합치과의원,,,내원,,,,,,
22874,원우치과의원,,,내원,,,,,,
22875,연세밝은아이치과의원,,,내원,,,,,,
22876,조은우리치과의원,,,내원,,,,,,
22877,미담치과의원,,,내원,,,,,,
22878,연세이사랑치과의원,,,내원,,,,,,
22879,제일수치과의원,,,내원,,,,,,
22880,노블치과의원,,,내원,,,,,,
22881,엔젤아이치과의원,,,내원,,,,,,
22882,열린서울치과의원,,,내원,,,,,,
22883,밝은수치과의원,,,내원,,,,,,
22884,굿모닝치과의원,,,내원,,,,,,
22885,미소인치과의원,,,내원,,,,,,
22886,두리치과의원,,,내원,,,,,,
22887,정자베스트치과의원,,,내원,,,,,,
22888,미소드림치과의원,,,내원,,,,,,
22889,일미치과의원,,,내원,,,,,,
22890,화이트치과의원,,,내원,,,,,,
22891,강남웰치과의원,,,내원,,,,,,
22892,세류인치과의원,,,내원,,,,,,
22893,보스톤치과의원,,,내원,,,,,,
22894,좋은솜씨오케이치과의원,,,내원,,,,,,
22895,행복한치과의원,,,내원,,,,,,
22896,행복한연치과의원,,,내원,,,,,,
22897,꿈을심는치과의원,,,내원,,,,,,
22898,미소더예쁨치과의원,,,내원,,,,,,
22899,김도환행복한치과의원,,,내원,,,,,,
22900,밝은우리치과의원,,,내원,,,,,,
22901,향기가있는치과의원,,,내원,,,,,,
22902,지오치과의원,,,내원,,,,,,
22903,가나수치과의원,,,내원,,,,,,
22904,자올치과의원,,,내원,,,,,,
22905,스마트치과의원,,,내원,,,,,,
22906,서울오로라치과의원,,,내원,,,,,,
22907,사람사랑치과의원,,,내원,,,,,,
22908,하얀미소치과의원,,,내원,,,,,,
22909,장안명치과의원,,,내원,,,,,,
22910,이용목치과의원,,,내원,,,,,,
22911,수원샘치과의원,,,내원,,,,,,
22912,행복한나무치과의원,,,내원,,,,,,
22913,올바른치과의원,,,내원,,,,,,
22914,애플치과의원,,,내원,,,,,,
22915,좋은하루치과의원,,,내원,,,,,,
22916,(사)한국건강관리협회건강증진치과의원,,,내원,,,,,,
22917,정자굿모닝치과의원,,,내원,,,,,,
22918,화인서울치과의원,,,내원,,,,,,
22919,수원휴플란트치과의원,,,내원,,,,,,
22920,미소플러스치과의원,,,내원,,,,,,
22921,다올치과의원,,,내원,,,,,,
22922,보람치과의원,,,내원,,,,,,
22923,미소안치과의원,,,내원,,,,,,
22924,서울수치과의원,,,내원,,,,,,
22925,이지치과의원,,,내원,,,,,,
22926,미소진치과의원,,,내원,,,,,,
22927,휴플러스치과의원,,,내원,,,,,,
22928,서울한치과의원,,,내원,,,,,,
22929,모든이치과의원,,,내원,,,,,,
22930,연세우리치과의원,,,내원,,,,,,
22931,따뜻한치과의원,,,내원,,,,,,
22932,웰치과의원,,,내원,,,,,,
22933,이룸치과의원,,,내원,,,,,,
22934,프라임치과의원,,,내원,,,,,,
22935,맑은미소치과의원,,,내원,,,,,,
22936,비타민치과의원,,,내원,,,,,,
22937,그랜드치과의원,,,내원,,,,,,
22938,삼성바른아이치과의원,,,내원,,,,,,
22939,연세소망치과의원,,,내원,,,,,,
22940,H플란트치과의원,,,내원,,,,,,
22941,바르다석치과의원,,,내원,,,,,,
22942,참조은치과의원,,,내원,,,,,,
22943,연세이편한치과의원,,,내원,,,,,,
22944,더아이비치과의원,,,내원,,,,,,
22945,신뢰치과의원,,,내원,,,,,,
22946,더아름다운치과의원,,,내원,,,,,,
22947,서울이하얀치과의원,,,내원,,,,,,
22948,건강한김치과의원,,,내원,,,,,,
22949,서울본치과의원,,,내원,,,,,,
22950,새솔치과의원,,,내원,,,,,,
22951,참좋은치과의원,,,내원,,,,,,
22952,서울훈플란트치과의원,,,내원,,,,,,
22953,한광진치과의원,,,내원,,,,,,
22954,이편한치과의원,,,내원,,,,,,
22955,이명준치과의원,,,내원,,,,,,
22956,도담도담치과의원,,,내원,,,,,,
22957,서울하이치과의원,,,내원,,,,,,
22958,꿈꾸는소아치과의원,,,내원,,,,,,
22959,42좋은치과의원,,,내원,,,,,,
22960,더채움치과의원,,,내원,,,,,,
22961,공감백치과의원,,,내원,,,,,,
22962,인사랑치과의원,,,내원,,,,,,
22963,일곱빛깔약속치과의원,,,내원,,,,,,
22964,서울바로치과의원,,,내원,,,,,,
22965,서울아산플란트치과의원,,,내원,,,,,,
22966,서울플란트치과의원,,,내원,,,,,,
22967,미래연세치과의원,,,내원,,,,,,
22968,시카고연세치과의원,,,내원,,,,,,
22969,힘찬플란트치과의원,,,내원,,,,,,
22970,호매실스마트치과의원,,,내원,,,,,,
22971,바른본치과의원,,,내원,,,,,,
22972,꼼꼼치과의원,,,내원,,,,,,
22973,에이스치과의원,,,내원,,,,,,
22974,더연세치과의원,,,내원,,,,,,
22975,서울바담치과의원,,,내원,,,,,,
22976,닥터수치과의원,,,내원,,,,,,
22977,이도튼튼치과의원,,,내원,,,,,,
22978,수원본플란트치과의원,,,내원,,,,,,
22979,미소드림치과의원,,,내원,,,,,,
22980,늘푸른주니어치과의원,,,내원,,,,,,
22981,더봄플란트치과의원,,,내원,,,,,,
22982,서울진심플란트치과의원,,,내원,,,,,,
22983,서울브라이튼치과의원,,,내원,,,,,,
22984,퍼스트자연치과의원,,,내원,,,,,,
22985,서울새봄플란트치과의원,,,내원+출장,,,,,,
22986,수원이로운치과의원,,,내원,,,,,,
22987,서울디에스(DS)플란트치과의원,,,내원,,,,,,
22988,현치과교정과치과의원,,,내원,,,,,,
22989,연합치과의원,,,내원,,,,,,
22990,연세세브란스치과의원,,,내원,,,,,,
22991,서울으뜸치과의원,,,내원,,,,,,
22992,서울아이편해치과의원,,,내원,,,,,,
22993,연세365감동치과의원,,,내원,,,,,,
22994,서울삼성내과의원,내원,,,내원,내원,내원,,,
22995,성모수소아청소년과의원,내원,내원,,내원,내원,내원,,,
22996,한마음가정의학과의원,,내원,,,,,,,
22997,다솔내과의원,내원,,,내원,내원,내원,,,
22998,연세해맑은소아청소년과의원,,내원,,,,,,,
22999,두리이비인후과의원,,내원,,,,,,,
23000,조은이비인후과의원,,내원,,,,,,,
23001,아산탑내과의원,내원,,,내원,내원,내원,내원,내원,
23002,엄마마음소아청소년과의원,,내원,,,,,,,
23003,연세패밀리의원,,내원,,,,,,,
23004,파티마내과의원,내원,,,내원,내원,내원,내원,내원,
23005,365스마트의원,,내원,,,,,,,
23006,서울연합의원,내원,,,내원,,내원,,,
23007,강양욱내과의원,내원,,,내원,내원,내원,,,
23008,장안내과의원,내원,내원,,,,내원,,,
23009,연세류내과의원,내원,,,내원,내원,내원,,,
23010,연세아이웰의원,,내원,,,,,,,
23011,아이고운소아청소년과의원,,내원,,,,,,,
23012,오월희망의원,내원,,,,,,내원,내원,
23013,하나내과의원,내원,,,내원,내원,내원,,,
23014,참조은소아청소년과의원,,내원,,,,,,,
23015,권선연세내과의원,내원,,,내원,내원,내원,,,
23016,서울가정의학과의원,내원,내원,,,,,,,
23017,장안속내과의원,내원,,,내원,내원,내원,내원,내원,
23018,연세아이웰소아청소년과의원,,내원,,,,,,,
23019,호매실드림내과의원,내원,,,내원,내원,내원,내원,내원,
23020,에스케이(SK)메디모아소아청소년과의원,,내원,,,,,,,
23021,달팽이이비인후과의원,,내원,,,,,,,
23022,아이러브소아청소년과의원,,내원,,,,,,,
23023,민가정의학과의원,내원,내원,,,,,,,
23024,최태혁내과의원,내원,,,내원,내원,내원,,,
23025,굿모닝내과의원,내원,,,내원,내원,내원,내원,내원,
23026,호매실연세이비인후과의원,,내원,,,,,,,
23027,맑은샘내과의원,내원,,,내원,내원,내원,내원,내원,
23028,새서울내과의원,내원,,,내원,내원,내원,,,
23029,레인보우소아청소년과의원,,내원,,,,,,,
23030,권선삼성내과의원,내원,,,내원,내원,내원,내원,내원,
23031,아주바른내과의원,내원,,,내원,내원,내원,,,
23032,입북삼성가정의학과의원,내원,내원,,,,,,,
23033,365열린메디칼의원,,내원,,,,,,,
23034,행복소아청소년과의원,,내원,,,,,,,
23035,메디365플러스의원,,내원,,,,,,,
23036,드림메디임승길내과의원,내원,,,,,,,,
23037,수원바로내과의원,내원,,,내원,내원,내원,내원,내원,
23038,아이앤누리소아청소년과의원,,내원,,,,,,,
23039,김라미유외과의원,,,,,,,내원,,
23040,라파엘소아청소년과의원,,내원,,,,,,,
23041,수가정의학과의원,,내원,,,,,,,
23042,센트럴인내과의원,내원,,,내원,내원,내원,내원,내원,
23043,프라임메디컬의원,,내원,,,,,,,
23044,서울삼성플러스내과의원,내원,,,내원,내원,내원,내원,내원,
23045,제이엠베스트소아청소년과의원,,내원,,,,,,,
23046,바른생활내과의원,내원,,,내원,내원,내원,내원,내원,
23047,베스트손내과의원,내원,,,내원,내원,내원,내원,내원,
23048,늘편한내과의원,내원,,,내원,내원,내원,내원,내원,
23049,수원본내과의원,내원,,,내원,내원,내원,내원,내원,
23050,성모퍼스트내과의원,내원,,,내원,내원,내원,내원,내원,
23051,이담소아청소년과의원,,내원,,,,,,,
23052,김유승내과의원,내원,,,내원,내원,내원,,,
23053,성모바른소아청소년과의원,,내원,,,,,,,
23054,다선의원,내원,,,내원,내원,내원,,,
23055,반듯한내과이비인후과의원,내원,,,,,,,,
23056,하나로내과의원,내원,,,내원,내원,내원,내원,,
23057,자이소아청소년과의원,,내원,,,,,,,
23058,하늘온내과의원,내원,,,내원,내원,내원,,,
23059,새날의원,내원,,,,,,,,
23060,화서키즈소아청소년과의원,,내원,,,,,,,
23061,장안더건강한내과의원,내원,,,내원,내원,내원,내원,내원,
23062,숙면플란트치과의원,,,내원,,,,,,
23063,더바른치과의원,,,내원,,,,,,
23064,민플란트치과의원,,,내원,,,,,,
23065,바른플란트치과의원,,,내원,,,,,,
23066,성남중앙병원,내원,내원,내원,내원,내원,내원,내원,내원,내원
23067,순천의료재단성남정병원,내원,,,내원,내원,내원,내원,내원,내원
23068,성남시의료원,내원,내원,내원,내원,내원,내원,내원,내원,내원
23069,바른마디병원,내원,,,내원,내원,내원,내원,내원,
23070,지우병원,내원,,,내원,내원,내원,,,
23071,성모윌병원,내원,,,내원,내원,내원,내원,내원,
23072,더미즈병원,내원,내원,,,,,내원,내원,
23073,파티마외과의원,내원,,,내원,내원,,,,
23074,최영주소아청소년과의원,,내원,,,,,,,
23075,양충모내과의원,내원,,,내원,내원,내원,내원,내원,
23076,김정혜산부인과의원,,,,,,,,내원,
23077,일신여성의원,,,,,,,,내원,
23078,남형근소아청소년과의원,,내원,,,,,,,
23079,김현소아청소년과의원,,내원,,,,,,,
23080,윤앤정내과의원,내원,,,내원,내원,내원,내원,내원,
23081,송산부인과의원,,,,,,,,내원,
23082,신태식소아청소년과의원,,내원,,,,,,,
23083,이승주내과의원,내원,,,,,내원,,,
23084,조현덕내과의원,내원,,,내원,내원,내원,,,
23085,현대중앙의원,내원,내원,,내원,내원,내원,,,
23086,김동남소아청소년과의원,,내원,,,,,,,
23087,수정내과의원,내원,,,내원,,내원,,,
23088,사랑의내과소아청소년과의원,,내원,,,,,,,
23089,태평산부인과의원,,,,,,,,내원,
23090,아폴로헬스케어의원,내원,,,내원,내원,내원,내원,내원,
23091,송도외과의원,내원,,,내원,내원,내원,,,
23092,예나산부인과의원,,,,,,,,내원,
23093,금동소아청소년과의원,,내원,,,,,,,
23094,장소아청소년과의원,,내원,,,,,,,
23095,선한이웃가정의원,,내원,,,,,,,
23096,박정금소아청소년과의원,,내원,,,,,,,
23097,정재용내과의원,내원,,,내원,내원,내원,,,
23098,성남선의원,내원,,,내원,내원,내원,내원,내원,
23099,예원이비인후과의원,,내원,,,,,,,
23100,연세내과의원,내원,,,내원,내원,내원,내원,내원,
23101,두진웅가정의학과의원,내원,,,내원,,,,,
23102,박춘원산부인과의원,,,,,,,,내원,
23103,소망소아청소년과의원,,내원,,,,,,,
23104,구소아청소년과의원,,내원,,,,,,,
23105,정다운산부인과의원,,,,,,,,내원,
23106,정애란가정의학과의원,내원,내원,,내원,내원,내원,내원,내원,
23107,태평수소아청소년과의원,,내원,,,,,,,
23108,참내과의원,내원,,,내원,내원,내원,내원,내원,
23109,연세내과의원,내원,,,내원,내원,내원,,,
23110,의료법인성심의료재단성남성심연합영상의원,내원,,,내원,내원,내원,내원,내원,
23111,성남예치과병원,,,내원,,,,,,
23112,위례서울치과병원,,,내원,,,,,,
23113,성심치과의원,,,내원,,,,,,
23114,서헌치과의원,,,내원,,,,,,
23115,조치과의원,,,내원,,,,,,
23116,이빛나치과의원,,,내원,,,,,,
23117,최기찬치과의원,,,내원,,,,,,
23118,김명윤치과의원,,,내원,,,,,,
23119,한기협치과의원,,,내원,,,,,,
23120,중앙치과의원,,,내원,,,,,,
23121,성림치과의원,,,내원,,,,,,
23122,신구대학교부속치과의원,,,내원,,,,,,
23123,신세계디지털치과의원,,,내원,,,,,,
23124,이성원치과의원,,,내원,,,,,,
23125,연세치과의원,,,내원,,,,,,
23126,세란치과의원,,,내원,,,,,,
23127,베스트치과의원,,,내원,,,,,,
23128,사람사랑치과의원,,,내원,,,,,,
23129,박성원치과의원,,,내원,,,,,,
23130,보성치과의원,,,내원,,,,,,
23131,김선민치과의원,,,내원,,,,,,
23132,수정치과의원,,,내원,,,,,,
23133,현부부치과의원,,,내원,,,,,,
23134,진플란트치과의원,,,내원,,,,,,
23135,이태완치과의원,,,내원,,,,,,
23136,e-플랜트치과의원,,,내원,,,,,,
23137,성남리더스치과의원,,,내원,,,,,,
23138,그린치과의원,,,내원,,,,,,
23139,세브란스치과의원,,,내원,,,,,,
23140,이사랑치과의원,,,내원,,,,,,
23141,백상치과의원,,,내원,,,,,,
23142,한솔치과의원,,,내원,,,,,,
23143,도진영치과의원,,,내원,,,,,,
23144,온세치과의원,,,내원,,,,,,
23145,태평연세치과의원,,,내원,,,,,,
23146,은행치과의원,,,내원,,,,,,
23147,좋은치과의원,,,내원,,,,,,
23148,김동선치과의원,,,내원,,,,,,
23149,윤성치과의원,,,내원,,,,,,
23150,마이엠치과의원,,,내원,,,,,,
23151,하나치과의원,,,내원,,,,,,
23152,태평백치과의원,,,내원,,,,,,
23153,일곱색깔치과의원,,,내원,,,,,,
23154,김남윤치주과치과의원,,,내원,,,,,,
23155,선경치과의원,,,내원,,,,,,
23156,e-아름다운치과의원,,,내원,,,,,,
23157,두리치과의원,,,내원,,,,,,
23158,좋은이웃린치과의원,,,내원,,,,,,
23159,MK참사랑치과의원,,,내원,,,,,,
23160,뿌리깊은치과의원,,,내원,,,,,,
23161,한국치과의원,,,내원,,,,,,
23162,우리들치과의원,,,내원,,,,,,
23163,남서울치과의원,,,내원,,,,,,
23164,굿모닝치과의원,,,내원,,,,,,
23165,우리치과의원,,,내원,,,,,,
23166,단아치과의원,,,내원,,,,,,
23167,위례바른이(e)치과의원,,,내원,,,,,,
23168,건강한치과의원,,,내원,,,,,,
23169,성남치과의원,,,내원,,,,,,
23170,손치과의원,,,내원,,,,,,
23171,플러스원치과의원,,,내원,,,,,,
23172,아튼빌치과의원,,,내원,,,,,,
23173,아이숲치과의원,,,내원,,,,,,
23174,이승건치과의원,,,내원,,,,,,
23175,보스톤학년치과의원,,,내원,,,,,,
23176,서울키즈아이치과의원,,,내원,,,,,,
23177,서울나란이치과의원,,,내원,,,,,,
23178,세종부부치과의원,,,내원,,,,,,
23179,밝은치과의원,,,내원,,,,,,
23180,한빛치과의원,,,내원,,,,,,
23181,신흥미치과의원,,,내원,,,,,,
23182,위례조은치과의원,,,내원,,,,,,
23183,웰치과의원,,,내원,,,,,,
23184,위례헤브론치과의원,,,내원,,,,,,
23185,한&진서울치과의원,,,내원,,,,,,
23186,이튼치과의원,,,내원,,,,,,
23187,성민치과의원,,,내원,,,,,,
23188,이가편한치과의원,,,내원,,,,,,
23189,미소래치과의원,,,내원,,,,,,
23190,서울치과의원,,,내원,,,,,,
23191,보스톤치과의원,,,내원,,,,,,
23192,서울하나치과의원,,,내원,,,,,,
23193,나치과의원,,,내원,,,,,,
23194,조앤박치과의원,,,내원,,,,,,
23195,이스턴치과의원,,,내원,,,,,,
23196,연치과의원,,,내원,,,,,,
23197,e-조아치과의원,,,내원,,,,,,
23198,퍼스트치과의원,,,내원,,,,,,
23199,서울OK치과의원,,,내원,,,,,,
23200,사람과치과의원,,,내원,,,,,,
23201,100세플란트치과의원,,,내원,,,,,,
23202,서울플러스치과의원,,,내원,,,,,,
23203,연세케이(K)플란트치과의원,,,내원,,,,,,
23204,위례연세미소치과의원,,,내원,,,,,,
23205,우리가족치과의원,,,내원,,,,,,
23206,성남삼성치과의원,,,내원,,,,,,
23207,오늘안치과의원,,,내원,,,,,,
23208,스마일플란트치과의원,,,내원,,,,,,
23209,참조은치과의원,,,내원,,,,,,
23210,인생플란트치과의원,,,내원,,,,,,
23211,이젤민트치과의원,,,내원,,,,,,
23212,유치과의원,,,내원,,,,,,
23213,이진원치과의원,,,내원,,,,,,
23214,복정그린치과의원,,,내원,,,,,,
23215,도촌치과의원,,,내원,,,,,,
23216,삼성드림치과의원,,,내원,,,,,,
23217,연세노상엽치과의원,,,내원,,,,,,
23218,서울수치과의원,,,내원,,,,,,
23219,서울플란트치과의원,,,내원,,,,,,
23220,탑부부치과의원,,,내원,,,,,,
23221,미래치과의원,,,내원,,,,,,
23222,서울튼튼치과의원,,,내원,,,,,,
23223,이튼튼치과의원,,,내원,,,,,,
23224,센트럴치과의원,,,내원,,,,,,
23225,서울좋은치과의원,,,내원,,,,,,
23226,성도치과의원,,,내원,,,,,,
23227,연세미소치과의원,,,내원,,,,,,
23228,백세이안치과의원,,,내원,,,,,,
23229,위례탑치과의원,,,내원,,,,,,
23230,굿패밀리치과의원,,,내원,,,,,,
23231,더서울치과의원,,,내원,,,,,,
23232,서울바른생각치과의원,,,내원,,,,,,
23233,위례365치과의원,,,내원,,,,,,
23234,위례어린이치과의원,,,내원,,,,,,
23235,서울본치과의원,,,내원,,,,,,
23236,성남타임치과의원,,,내원,,,,,,
23237,서울허브치과의원,,,내원,,,,,,
23238,효치과의원,,,내원,,,,,,
23239,서울밝은미소치과의원,,,내원,,,,,,
23240,위례좋은치과의원,,,내원,,,,,,
23241,제이덴치과의원,,,내원,,,,,,
23242,라인플란트치과의원,,,내원,,,,,,
23243,연세모두치과교정과치과의원,,,내원,,,,,,
23244,에이덴치과의원,,,내원,,,,,,
23245,위례스마일치과의원,,,내원,,,,,,
23246,정은치과의원,,,내원,,,,,,
23247,바른손치과의원,,,내원,,,,,,
23248,아이자람어린이치과의원,,,내원,,,,,,
23249,웃자치과교정과치과의원,,,내원,,,,,,
23250,포도나무치과의원,,,내원,,,,,,
23251,연세웰키즈치과의원,,,내원,,,,,,
23252,위례편한치과의원,,,내원,,,,,,
23253,서울민플란트치과의원,,,내원,,,,,,
23254,미소더함치과교정과치과의원,,,내원,,,,,,
23255,서울정성치과의원,,,내원,,,,,,
23256,희망등대치과의원,,,내원,,,,,,
23257,닥터(Dr.)신치과의원,,,내원,,,,,,
23258,서울산성플란트치과의원,,,내원,,,,,,
23259,소망플란트치과의원,,,내원,,,,,,
23260,나의특별한치과의원,,,내원,,,,,,
23261,서울삼성치과의원,,,내원,,,,,,
23262,고등퍼스트치과의원,,,내원,,,,,,
23263,서울에스(S)치과교정과치과의원,,,내원,,,,,,
23264,탑플란트치과의원,,,내원,,,,,,
23265,서울에스(S)퍼스트치과의원,,,내원,,,,,,
23266,라미치과의원,,,내원,,,,,,
23267,아이편한소아치과의원,,,내원,,,,,,
23268,아폴로치과의원,,,내원,,,,,,
23269,에스씨(SC)탑치과의원,,,내원,,,,,,
23270,베스트치과의원,,,내원,,,,,,
23271,바른플란트치과교정과치과의원,,,내원,,,,,,
23272,올바른약속치과의원,,,내원+출장,,,,,,
23273,연세탑치과의원,,,내원,,,,,,
23274,태평가이드치과의원,,,내원,,,,,,
23275,서울룬치과의원,,,내원,,,,,,
23276,서울단오치과의원,,,내원,,,,,,
23277,서울금빛치과의원,,,내원,,,,,,
23278,유엘치과의원,,,내원,,,,,,
23279,미담치과의원,,,내원,,,,,,
23280,이숲치과의원,,,내원,,,,,,
23281,서울바로본치과의원,,,내원,,,,,,
23282,더정성치과의원,,,내원,,,,,,
23283,금토정성치과의원,,,내원,,,,,,
23284,서울박사치과의원,,,내원,,,,,,
23285,1퍼센트치과의원,,,내원,,,,,,
23286,상일치과의원,,,내원,,,,,,
23287,산성예스치과의원,,,내원,,,,,,
23288,연세온탑치과의원,,,내원,,,,,,
23289,오층에치과의원,,,내원,,,,,,
23290,서울아산센트럴치과의원,,,내원,,,,,,
23291,닥터훈치과의원,,,내원,,,,,,
23292,연세꿈꾸는아이치과의원,,,내원,,,,,,
23293,닥터최치과보존과치과의원,,,내원,,,,,,
23294,크리스마스치과의원,,,내원,,,,,,
23295,연세새로이치과의원,,,내원,,,,,,
23296,정다운플란트치과의원,,,내원,,,,,,
23297,바른모양치과의원,,,내원,,,,,,
23298,현대의원,내원,,,내원,,내원,,,
23299,우리집의원,,내원,,,,,,,
23300,연세제일의원,내원,,,내원,,내원,,,
23301,오케이내과의원,내원,,,내원,내원,내원,,,
23302,행복한내과의원,내원,,,내원,내원,내원,,,
23303,연세플러스내과의원,내원,,,내원,내원,내원,내원,내원,
23304,다정산부인과의원,,,,,,,,내원,
23305,이태광내과의원,내원,내원,,,내원,내원,,,
23306,참서울의원,내원,,,내원,내원,내원,내원,내원,
23307,샘물내과의원,내원,,,내원,내원,내원,,,
23308,라파엘외과의원,내원,,,,,내원,,,
23309,스마일내과의원,내원,,,내원,내원,내원,내원,내원,
23310,온누리소아청소년과의원,,내원,,,,,,,
23311,고려드림내과의원,내원,,,내원,내원,내원,,,
23312,성남속편한내과의원,내원,,,내원,내원,내원,내원,내원,
23313,위례나무의원,내원,,,내원,내원,내원,내원,내원,
23314,편한가정의학과의원,,내원,,,,,,,
23315,우리희망내과의원,내원,,,내원,내원,내원,내원,내원,
23316,푸른성모이비인후과의원,,내원,,,,,,,
23317,에디슨소아청소년과의원,,내원,,,,,,,
23318,삼성드림소아청소년과의원,,내원,,,,,,,
23319,다솜의원,내원,,,,,,,,
23320,마음속내과의원,내원,,,내원,내원,내원,내원,내원,
23321,연세아이맘소아청소년과의원,,내원,,,,,,,
23322,키즈엠소아청소년과의원,,내원,,,,,,,
23323,중동성모내과의원,내원,,,내원,내원,내원,내원,내원,
23324,서울삼성최내과의원,내원,,,내원,내원,내원,내원,내원,
23325,365프렌즈내과의원,내원,,,,,내원,,,
23326,등마루신경외과의원,내원,,,,,,,,
23327,이든소아청소년과의원,,내원,,,,,,,
23328,연세행복한산부인과의원,,,,,,,,내원,
23329,라라소아청소년과의원,,내원,,,,,,,
23330,항도외과의원,내원,,,내원,내원,내원,,,
23331,위례성모내과의원,내원,,,내원,내원,내원,,내원,
23332,위례웰봄소아청소년과의원,,내원,,,,,,,
23333,위례밝은아이소아청소년과의원,,내원,,,,,,,
23334,서울바른내과의원,내원,,,내원,내원,내원,,,
23335,삼성드림아이소아청소년과의원,,내원,,,,,,,
23336,연세생명나무내과의원,내원,,,내원,내원,내원,,내원,
23337,현소아청소년과의원,,내원,,,,,,,
23338,위례중앙내과외과의원,내원,,,내원,내원,내원,내원,,
23339,아산플러스가정의학과의원,,내원,,,,,,,
23340,365위례연세내과의원,내원,,,내원,내원,내원,내원,내원,
23341,연세프렌즈소아청소년과의원,,내원,,,,,,,
23342,더나은내과의원,내원,,,내원,내원,내원,내원,내원,
23343,위례아산내과의원,내원,,,내원,내원,내원,내원,,
23344,금빛여성의원,내원,내원,,,,,내원,내원,
23345,성남키즈소아청소년과의원,,내원,,,,,,,
23346,성남센트럴산부인과의원,,,,,,,,내원,
23347,서울위례산부인과의원,,,,,,,,내원,
23348,서울유이비인후과의원,,내원,,,,,,,
23349,참편한내과의원,내원,,,내원,내원,내원,내원,내원,
23350,서울좋은소아청소년과의원,,내원,,,,,,,
23351,서울더블유(W)내과의원,내원,,,내원,내원,내원,내원,내원,
23352,위례탑내과의원,내원,,,내원,내원,내원,내원,내원,
23353,베스트내과의원,내원,,,내원,내원,내원,내원,내원,
23354,서울진내과의원,내원,,,내원,내원,내원,내원,내원,
23355,김이경소아청소년과의원,,내원,,,,,,,
23356,좋은산부인과의원,,,,,,,,내원,
23357,바로나은내과의원,내원,,,내원,내원,내원,,,
23358,삼성탑내과의원,내원,,,내원,내원,내원,내원,내원,
23359,위례마음의원,,내원,,,,,,,
23360,단아산부인과의원,,,,,,,,내원,
23361,수서울내과의원,내원,,,내원,내원,내원,내원,내원,
23362,위례서울소아청소년과의원,,내원,,,,,,,
23363,위소아청소년과의원,,내원,,,,,,,
23364,삼성귀요미소아청소년과의원,,내원,,,,,,,
23365,원데이항외과의원,내원,,,내원,내원,,,,
23366,서울아산내과의원,내원,,,,,내원,,,
23367,안주영소아청소년과의원,,내원,,,,,,,
23368,위례애플산부인과의원,,,,,,,,내원,
23369,장새로내과의원,내원,,,내원,내원,내원,내원,내원,
23370,구름별소아청소년과의원,,내원,,,,,,,
23371,연세웰드림내과의원,내원,,,내원,내원,내원,내원,내원,
23372,산성베스트내과의원,내원,,,내원,내원,내원,내원,내원,
23373,언제나봄산부인과의원,,,,,,,,내원,
23374,고등탑내과의원,내원,,,내원,내원,내원,내원,내원,
23375,라온이비인후과의원,,내원,,,,,,,
23376,연세온가족소아청소년과의원,,내원,,,,,,,
23377,삼성조앤여성의원,,,,,,,,내원,
23378,삼성바른내과의원,내원,,,내원,내원,내원,,,
23379,삼성앤유외과의원,,,,,,,내원,,
23380,참좋은내과의원,내원,,,내원,내원,내원,내원,내원,
23381,닥터스팟여성의원,,,,,,,,내원,
23382,웰치과의원,,,내원,,,,,,
23383,위례맑음치과의원,,,내원,,,,,,
23384,서울속튼튼내과의원,내원,,,내원,내원,내원,내원,내원,
23385,위례센텀내과의원,내원,,,내원,내원,내원,,내원,
23386,위례여유외과의원,,,,,,,내원,,
23387,도토리소아치과의원,,,내원,,,,,,
23388,국군양주병원,내원,,내원,,,,,,
23389,양주예쓰병원,내원,,,내원,내원,내원,내원,내원,
23390,양주우리병원,내원,,,내원,내원,내원,내원,내원,
23391,나무정원여성병원,내원,내원,,내원,내원,내원,내원,내원,
23392,에스엘서울병원,내원,,,,,,,,
23393,양주한국병원,내원,,,내원,내원,내원,내원,내원,
23394,고의원,내원,,,,,,,,
23395,혜민의원,내원,,,내원,,내원,,,
23396,구구소아청소년과의원,,내원,,,,,,,
23397,성모의원,내원,내원,,,,,,,
23398,은혜소아청소년과의원,,내원,,,,,,,
23399,백경훈소아청소년과의원,,내원,,,,,,,
23400,이진석내과의원,내원,,,내원,내원,내원,내원,내원,
23401,드림365소아청소년과의원,,내원,,,,,,,
23402,이화산부인과의원,,,,,,,,내원,
23403,연세의원,내원,,,,,,,,
23404,탑소아청소년과의원,,내원,,,,,,,
23405,장내과의원,내원,,,내원,내원,내원,,,
23406,서울산부인과의원,,,,,,,,내원,
23407,서울수려한치과병원,,,내원,,,,,,
23408,주내다나치과의원,,,내원,,,,,,
23409,좋은얼굴치과의원,,,내원,,,,,,
23410,연세林(림)치과의원,,,내원,,,,,,
23411,광적치과의원,,,내원,,,,,,
23412,스마일치과의원,,,내원,,,,,,
23413,백이부부치과의원,,,내원,,,,,,
23414,서울솔치과의원,,,내원,,,,,,
23415,즐거운치과의원,,,내원,,,,,,
23416,서울치과의원,,,내원,,,,,,
23417,서울베스트치과의원,,,내원,,,,,,
23418,곽기재치과의원,,,내원,,,,,,
23419,화인치과의원,,,내원,,,,,,
23420,이편한치과의원,,,내원,,,,,,
23421,서울수치과의원,,,내원,,,,,,
23422,아름다운내일치과의원,,,내원,,,,,,
23423,튼튼이치과의원,,,내원,,,,,,
23424,백석튼튼치과의원,,,내원,,,,,,
23425,THE(더)조은치과의원,,,내원,,,,,,
23426,연세웰치과의원,,,내원,,,,,,
23427,늘사랑치과의원,,,내원,,,,,,
23428,서울좋은치과의원,,,내원,,,,,,
23429,미소치과의원,,,내원,,,,,,
23430,고읍미소치과의원,,,내원,,,,,,
23431,우리들치과의원,,,내원,,,,,,
23432,화이트라인치과의원,,,내원,,,,,,
23433,연세센터원치과의원,,,내원,,,,,,
23434,옥정아트치과의원,,,내원,,,,,,
23435,옥정공감치과의원,,,내원,,,,,,
23436,더라이프치과의원,,,내원,,,,,,
23437,연세쉼표치과의원,,,내원,,,,,,
23438,서울탑치과의원,,,내원,,,,,,
23439,옥정든든치과의원,,,내원,,,,,,
23440,연세365치과의원,,,내원,,,,,,
23441,이튼튼소아치과치과의원,,,내원,,,,,,
23442,세브란스에스치과의원,,,내원,,,,,,
23443,이빛나는치과의원,,,내원,,,,,,
23444,강남연세치과의원,,,내원,,,,,,
23445,양주베스트치과의원,,,내원,,,,,,
23446,연세리더스치과의원,,,내원,,,,,,
23447,우리치과의원,,,내원,,,,,,
23448,서울온맘치과의원,,,내원,,,,,,
23449,아이보듬소아치과의원,,,내원,,,,,,
23450,바로나치과의원,,,내원,,,,,,
23451,서울바른성장치과의원,,,내원,,,,,,
23452,연세가온치과의원,,,내원,,,,,,
23453,서울아임치과의원,,,내원,,,,,,
23454,양주이지치과의원,,,내원,,,,,,
23455,덕정통치과의원,,,내원,,,,,,
23456,리온치과의원,,,내원,,,,,,
23457,서울명문치과의원,,,내원,,,,,,
23458,성심내과의원,내원,,,내원,,내원,,,
23459,성모예일내과의원,내원,,,내원,내원,내원,내원,,
23460,하나의원,,내원,,,,,,,
23461,김형주내과의원,,내원,,,,,,,
23462,민소아청소년과의원,,내원,,,,,,,
23463,아산장편한내과의원,내원,,,내원,내원,내원,내원,,
23464,21세기내과의원,내원,,,내원,내원,내원,내원,내원,
23465,해와달소아청소년과의원,,내원,,,,,,,
23466,두드림내과의원,내원,,,내원,내원,내원,내원,내원,
23467,해맑은소아청소년과의원,,내원,,,,,,,
23468,임소아청소년과의원,,내원,,,,,,,
23469,정영수소아청소년과의원,,내원,,,,,,,
23470,연세원내과의원,내원,,,내원,내원,내원,내원,,
23471,서울연합소아청소년과의원,,내원,,,,,,,
23472,더맑은내과의원,내원,,,내원,내원,내원,내원,내원,
23473,주가람내과의원,내원,,,내원,내원,내원,내원,내원,
23474,강남베스트내과의원,내원,,,내원,내원,내원,내원,내원,
23475,서울바른의원,내원,,,내원,내원,내원,내원,내원,
23476,이안산부인과의원,내원,,,내원,내원,내원,내원,내원,
23477,양주삼성내과의원,내원,,,내원,내원,내원,내원,,
23478,회천연세내과의원,내원,,,내원,내원,내원,내원,,
23479,회천연세소아청소년과의원,내원,내원,,,,,,내원,
23480,양주베스트내과의원,내원,,,내원,내원,내원,내원,내원,
23481,회천베스트내과의원,내원,,,내원,내원,내원,내원,내원,
23482,아이영소아청소년과의원,,내원,,,,,,,
23483,키즈웰소아청소년과의원,,내원,,,,,,,
23484,옥정미래내과의원,내원,,,내원,내원,내원,내원,내원,
23485,오늘내과의원,내원,,,내원,내원,내원,내원,내원,
23486,늘봄내과의원,내원,,,내원,내원,내원,,,
23487,옥정탑내과의원,내원,,,내원,내원,내원,내원,내원,
23488,옥빛소아청소년과의원,,내원,,,,,,,
23489,더스탠다드치과의원,,,내원,,,,,,
23490,서울올곧은치과의원,,,내원,,,,,,
23491,옥정JS치과의원,,,내원,,,,,,
23492,조은이플란트치과의원,,,내원,,,,,,
23493,덕계베스트치과의원,,,내원,,,,,,
23494,서울송추치과의원,,,내원,,,,,,
23495,엘리산부인과의원,,,,,,,,내원,
23496,부천세종병원,내원,,,내원,내원,내원,내원,내원,내원
23497,생생병원,내원,,,내원,내원,내원,내원,내원,
23498,건주병원,내원,,,내원,내원,내원,내원,내원,
23499,새울병원,내원,,,내원,내원,내원,,,
23500,김광정소아과의원,,내원,,,,,,,
23501,박영숙산부인과의원,,,,,,,,내원,
23502,김영희의원,,내원,,,,,,,
23503,허연무내과의원,내원,,,내원,내원,내원,내원,,
23504,김종찬소아과의원,,내원,,,,,,,
23505,한미의원,,내원,,,,,,,
23506,한앤김내과의원,내원,,,내원,내원,내원,내원,,
23507,부천메디홀스의원,내원,내원,,내원,내원,내원,내원,,
23508,미애로여성의원,,,,,,,,내원,
23509,연세이비인후과의원,,내원,,,,,,,
23510,새생명일반내과의원,내원,,,내원,내원,내원,내원,내원,
23511,의료법인운천의료재단메디홀스의원,내원,내원,,내원,내원,내원,내원,,
23512,박인승소아청소년과의원,,내원,,,,,,,
23513,현민숙소아과의원,,내원,,,,,,,
23514,부천편안한산부인과의원,내원,,,,,,내원,내원,
23515,아이들소아청소년과의원,,내원,,,,,,,
23516,부천영상의학과의원,,,,,,,내원,,
23517,단아치과의원,,,내원,,,,,,
23518,아름다운송치과의원,,,내원,,,,,,
23519,명치과의원,,,내원,,,,,,
23520,박동범치과의원,,,내원,,,,,,
23521,한길치과의원,,,내원,,,,,,
23522,역곡열린치과의원,,,내원,,,,,,
23523,원부부치과의원,,,내원,,,,,,
23524,연세김앤정치과의원,,,내원,,,,,,
23525,소사치과의원,,,내원,,,,,,
23526,다원치과의원,,,내원,,,,,,
23527,한터치과의원,,,내원,,,,,,
23528,영진치과의원,,,내원,,,,,,
23529,이사랑치과의원,,,내원,,,,,,
23530,소사명인치과의원,,,내원,,,,,,
23531,서울현대치과의원,,,내원,,,,,,
23532,이심는치과의원,,,내원,,,,,,
23533,서울윌치과의원,,,내원,,,,,,
23534,사랑치과의원,,,내원,,,,,,
23535,연세좋은치과의원,,,내원,,,,,,
23536,송내퍼스트치과의원,,,내원,,,,,,
23537,이레치과의원,,,내원,,,,,,
23538,역곡치과의원,,,내원,,,,,,
23539,e-하얀치과의원,,,내원,,,,,,
23540,센트럴치과의원,,,내원,,,,,,
23541,고운이치과의원,,,내원,,,,,,
23542,성모본치과의원,,,내원,,,,,,
23543,사랑빛치과의원,,,내원,,,,,,
23544,설명을잘하는솔치과의원,,,내원,,,,,,
23545,더행복한치과의원,,,내원,,,,,,
23546,뉴욕탑치과의원,,,내원,,,,,,
23547,건강이치과의원,,,내원,,,,,,
23548,서울좋은치과의원,,,내원,,,,,,
23549,바른약속치과의원,,,내원,,,,,,
23550,꿈꾸는아이치과의원,,,내원,,,,,,
23551,소사제일치과의원,,,내원,,,,,,
23552,연세양치과의원,,,내원,,,,,,
23553,서울소담치과의원,,,내원,,,,,,
23554,로웰치과의원,,,내원,,,,,,
23555,서울연세우리치과의원,,,내원,,,,,,
23556,서울더가까이치과의원,,,내원,,,,,,
23557,어스치과의원,,,내원,,,,,,
23558,친절한변치과의원,,,내원,,,,,,
23559,이기쁨치과의원,,,내원,,,,,,
23560,오늘미소치과의원,,,내원,,,,,,
23561,송윤진치과의원,,,내원,,,,,,
23562,김광화치과의원,,,내원,,,,,,
23563,서울다온치과의원,,,내원,,,,,,
23564,이미지치과의원,,,내원,,,,,,
23565,연세키즈투틴치과의원,,,내원,,,,,,
23566,이루다치과의원,,,내원,,,,,,
23567,연세다정플란트치과의원,,,내원,,,,,,
23568,메가플란트치과의원,,,내원,,,,,,
23569,서울건치과의원,,,내원,,,,,,
23570,수플러스치과의원,,,내원,,,,,,
23571,서울훈치과의원,,,내원,,,,,,
23572,미소플란트치과의원,,,내원,,,,,,
23573,e평화치과의원,,,내원,,,,,,
23574,부천한결치과의원,,,내원,,,,,,
23575,더올바른치과의원,,,내원,,,,,,
23576,연세해맑은소아청소년과의원,,내원,,,,,,,
23577,조돈현내과의원,내원,,,내원,내원,내원,,,
23578,편안한의원,,내원,,,,,,,
23579,김현석내과의원,내원,,,내원,내원,내원,,,
23580,연세비젼의원,,내원,,,,,,,
23581,임병욱내과의원,내원,,,내원,내원,내원,내원,내원,
23582,부천속내과의원,내원,,,내원,내원,내원,내원,내원,
23583,우리아동소아청소년과의원,,내원,,,,,,,
23584,아이사랑소아청소년과의원,,내원,,,,,,,
23585,미즈아이산부인과의원,,,,,,,,내원,
23586,신나라소아청소년과의원,,내원,,,,,,,
23587,삼성항맥외과의원,내원,,,내원,내원,,,,
23588,서울성모내과의원,내원,,,내원,내원,내원,내원,내원,
23589,연세탑내과의원,내원,,,내원,내원,내원,내원,내원,
23590,부천연세365의원,내원,내원,,,,,,,
23591,프라임내과의원,내원,,,내원,내원,내원,내원,내원,
23592,코아이비인후과의원,,내원,,,,,,,
23593,연세수내과의원,내원,,,내원,내원,내원,내원,내원,
23594,성모우리내과의원,내원,,,내원,내원,내원,내원,내원,
23595,연세노가의원,내원,,,,,,,,
23596,부천조은내과의원,내원,,,내원,내원,내원,내원,내원,
23597,연세봄날에산부인과의원,,,,,,,,내원,
23598,SOK속편한내과의원,내원,,,내원,내원,내원,내원,내원,
23599,삼성청내과의원,내원,,,내원,내원,내원,내원,,
23600,건강한속내과의원,내원,,,내원,내원,내원,내원,내원,
23601,산들소아청소년과의원,,내원,,,,,,,
23602,젤나의원,내원,,,,,내원,,,
23603,제이드산부인과의원,,,,,,,,내원,
23604,속편한내과마취통증의학과의원,내원,,,내원,내원,내원,내원,내원,
23605,의료법인록향의료재단신천연합병원,내원,,내원,내원,내원,내원,내원,내원,내원
23606,의료법인석경의료재단센트럴병원,내원+출장,내원,내원+출장,내원,내원,내원,내원,내원,내원
23607,의료법인남촌의료재단시화병원,내원+출장,내원,내원,내원,내원,내원,내원,내원,내원
23608,의료법인풍진의료재단스마트허브병원,내원+출장,,내원+출장,내원,내원,내원,내원,내원,
23609,흥케이병원,내원,,,내원,내원,내원,내원,내원,
23610,삼성본어스병원,내원,,,내원,내원,내원,,,
23611,연세더바로병원,내원,,,내원,내원,내원,내원,내원,
23612,일어나병원,내원,,,내원,내원,내원,,,
23613,구본건산부인과의원,,,,,,,,내원,
23614,이화소아과의원,,내원,,,,,,,
23615,참진의원,내원,,,,,,,,
23616,최소아청소년과의원,,내원,,,,,,,
23617,우리의원,내원,내원,,,,,,,
23618,명소아청소년과의원,,내원,,,,,,,
23619,세종내과의원,내원,,,내원,내원,내원,,,
23620,연세탑의원,,내원,,,,,,,
23621,중앙산부인과의원,내원,내원,,내원,내원,내원,내원,내원,
23622,도일의원,내원,,,내원,,내원,,,
23623,문소아과의원,,내원,,,,,,,
23624,매화가정의학과의원,내원,,,,,내원,,,
23625,송지연소아청소년과의원,,내원,,,,,,,
23626,신성철소아과의원,,내원,,,,,,,
23627,더클래식산부인과의원,,,,,,,,내원,
23628,한사랑의원,내원,,,내원,,,,,
23629,호소아청소년과의원,,내원,,,,,,,
23630,시화윤내과의원,내원,,,내원,,내원,,,
23631,세종소아청소년과의원,,내원,,,,,,,
23632,가까운의원,,내원,,,,,,,
23633,하나소아청소년과의원,,내원,,,,,,,
23634,제일내과의원,내원,,,내원,,내원,,,
23635,장현가정의학과의원,,내원,,,,,,,
23636,한사랑산부인과의원,,,,,,,,내원,
23637,참산부인과의원,,,,,,,내원,내원,
23638,시화박산부인과의원,,,,,,,,내원,
23639,에덴산부인과의원,,,,,,,,내원,
23640,조은내과의원,내원,,,내원,내원,내원,내원,내원,
23641,김서경산부인과의원,,,,,,,,내원,
23642,이배진내과의원,내원,,,내원,내원,내원,내원,,
23643,동서외과의원,내원,,,내원,내원,내원,내원,,
23644,경기시흥내과의원,내원,,,내원,내원,내원,,,
23645,김희승내과의원,,내원,,,,,,,
23646,김경범소아청소년과의원,,내원,,,,,,,
23647,시화성모의원,내원,,,내원,,,,,
23648,재)제일산업의학연구소부설녹색의원,내원+출장,,,,,,,,
23649,우리내과의원,내원,,,내원,내원,내원,,,
23650,드림내과의원,내원,,,내원,내원,내원,내원,내원,
23651,가온내과의원,내원,,,내원,내원,내원,내원,,
23652,마음속내과의원,내원,,,내원,내원,내원,내원,내원,
23653,박재성내과의원,내원,내원,,내원,내원,내원,,,
23654,예치과병원,,,내원,,,,,,
23655,거북섬메디컬치과병원,,,내원,,,,,,
23656,청치과의원,,,내원,,,,,,
23657,에이스치과의원,,,내원,,,,,,
23658,이선수치과의원,,,내원,,,,,,
23659,시카고치과의원,,,내원,,,,,,
23660,e-조은치과의원,,,내원,,,,,,
23661,모아치과의원,,,내원,,,,,,
23662,도일아나파치과의원,,,내원,,,,,,
23663,미소치과의원,,,내원,,,,,,
23664,한국치과의원,,,내원,,,,,,
23665,훼미리치과의원,,,내원,,,,,,
23666,시흥치과의원,,,내원,,,,,,
23667,엘치과의원,,,내원,,,,,,
23668,임마누엘치과의원,,,내원,,,,,,
23669,연성치과의원,,,내원,,,,,,
23670,장임선치과의원,,,내원,,,,,,
23671,한빛치과의원,,,내원,,,,,,
23672,비타민치과의원,,,내원,,,,,,
23673,미래치과의원,,,내원,,,,,,
23674,뉴욕치과의원,,,내원,,,,,,
23675,시흥본치과의원,,,내원,,,,,,
23676,플러스치과의원,,,내원,,,,,,
23677,서울치과의원,,,내원,,,,,,
23678,바른이치과의원,,,내원,,,,,,
23679,시흥양심치과의원,,,내원,,,,,,
23680,푸른치과의원,,,내원,,,,,,
23681,새한치과의원,,,내원,,,,,,
23682,연성부부치과의원,,,내원,,,,,,
23683,해맑은치과의원,,,내원,,,,,,
23684,홍치과의원,,,내원,,,,,,
23685,심플란트치과의원,,,내원+출장,,,,,,
23686,하나치과의원,,,내원,,,,,,
23687,시화센타치과의원,,,내원,,,,,,
23688,연세굿모닝치과의원,,,내원,,,,,,
23689,현대치과의원,,,내원,,,,,,
23690,네오치과의원,,,내원,,,,,,
23691,굿모닝치과의원,,,내원,,,,,,
23692,오케이치과의원,,,내원,,,,,,
23693,소망치과의원,,,내원,,,,,,
23694,김창규치과의원,,,내원,,,,,,
23695,수치과의원,,,내원,,,,,,
23696,좋은치과의원,,,내원,,,,,,
23697,장미치과의원,,,내원,,,,,,
23698,세화주니어치과의원,,,내원,,,,,,
23699,미소드림치과의원,,,내원,,,,,,
23700,하이덴치과의원,,,내원,,,,,,
23701,닥터전치과의원,,,내원,,,,,,
23702,매화치과의원,,,내원,,,,,,
23703,연세화이트치과의원,,,내원,,,,,,
23704,사과나무치과의원,,,내원,,,,,,
23705,시카고모아치과의원,,,내원,,,,,,
23706,샘치과의원,,,내원,,,,,,
23707,한미치과의원,,,내원,,,,,,
23708,능곡웰치과의원,,,내원,,,,,,
23709,하이서울치과의원,,,내원,,,,,,
23710,늘푸른치과의원,,,내원,,,,,,
23711,시흥조아치과의원,,,내원,,,,,,
23712,한뉘치과의원,,,내원,,,,,,
23713,스마일치과의원,,,내원,,,,,,
23714,배곧치과의원,,,내원,,,,,,
23715,이튼치과의원,,,내원,,,,,,
23716,배곧쥬니어치과의원,,,내원,,,,,,
23717,시흥희망의료복지사회적협동조합희망치과의원,,,내원,,,,,,
23718,예가치과의원,,,내원,,,,,,
23719,시흥햇살좋은치과의원,,,내원,,,,,,
23720,서울드림치과의원,,,내원,,,,,,
23721,서울치과의원,,,내원,,,,,,
23722,시흥사과나무치과의원,,,내원,,,,,,
23723,미소안e바른치과의원,,,내원,,,,,,
23724,서울탑치과의원,,,내원,,,,,,
23725,새오름치과의원,,,내원,,,,,,
23726,서울더좋은치과의원,,,내원,,,,,,
23727,연세행복치과의원,,,내원,,,,,,
23728,배곧퍼스트치과의원,,,내원,,,,,,
23729,클리어치과의원,,,내원,,,,,,
23730,바른부부치과의원,,,내원,,,,,,
23731,은계스마트치과의원,,,내원,,,,,,
23732,삼성현치과의원,,,내원,,,,,,
23733,라임플란트치과의원,,,내원,,,,,,
23734,서울감동치과의원,,,내원,,,,,,
23735,목감연세치과의원,,,내원,,,,,,
23736,목감바른치과의원,,,내원,,,,,,
23737,목감365치과의원,,,내원,,,,,,
23738,서울윈치과의원,,,내원,,,,,,
23739,닥터한치과의원,,,내원,,,,,,
23740,우리들치과의원,,,내원,,,,,,
23741,서울미소치과의원,,,내원,,,,,,
23742,샤인치과의원,,,내원,,,,,,
23743,월곶바른치과의원,,,내원,,,,,,
23744,서울숙면치과의원,,,내원,,,,,,
23745,독일치과의원,,,내원,,,,,,
23746,예미담치과의원,,,내원,,,,,,
23747,캠퍼스치과의원,,,내원,,,,,,
23748,바로드림치과의원,,,내원,,,,,,
23749,시흥우리치과의원,,,내원,,,,,,
23750,서울삼성치과의원,,,내원,,,,,,
23751,은계퍼스트치과의원,,,내원,,,,,,
23752,연세대야S치과의원,,,내원,,,,,,
23753,서울수현치과의원,,,내원,,,,,,
23754,서울웃는아이소아치과의원,,,내원,,,,,,
23755,배곧탑치과의원,,,내원,,,,,,
23756,바른탑치과의원,,,내원,,,,,,
23757,서울바른정치과의원,,,내원,,,,,,
23758,은계아이빛주니어치과의원,,,내원,,,,,,
23759,은계새미소치과의원,,,내원,,,,,,
23760,서울예은치과의원,,,내원,,,,,,
23761,서울라이프치과의원,,,내원,,,,,,
23762,신천서울치과의원,,,내원,,,,,,
23763,서울이음치과의원,,,내원,,,,,,
23764,서울이편한필치과의원,,,내원,,,,,,
23765,올스마일치과의원,,,내원,,,,,,
23766,건영치과의원,,,내원,,,,,,
23767,닥터손치과의원,,,내원,,,,,,
23768,시흥장곡역치과의원,,,내원,,,,,,
23769,이지치과의원,,,내원,,,,,,
23770,한라도담치과의원,,,내원,,,,,,
23771,하온치과의원,,,내원,,,,,,
23772,장현탑치과의원,,,내원,,,,,,
23773,시흥샛별소아치과치과의원,,,내원,,,,,,
23774,서울스마트치과의원,,,내원,,,,,,
23775,새로운치과의원,,,내원,,,,,,
23776,연세바로치과의원,,,내원,,,,,,
23777,클리어치과교정과치과의원,,,내원,,,,,,
23778,시흥공단치과의원,,,내원,,,,,,
23779,시흥퍼스트치과의원,,,내원,,,,,,
23780,굿이브닝치과의원,,,내원,,,,,,
23781,목감호수치과의원,,,내원,,,,,,
23782,연세더바로치과의원,,,내원,,,,,,
23783,임플라인치과의원,,,내원,,,,,,
23784,목감열린치과의원,,,내원,,,,,,
23785,서울정성드림치과의원,,,내원,,,,,,
23786,미소지음치과의원,,,내원,,,,,,
23787,배곧건치과의원,,,내원,,,,,,
23788,아이한길소아치과의원,,,내원,,,,,,
23789,시흥본플란트치과의원,,,내원,,,,,,
23790,서울바로봄치과의원,,,내원,,,,,,
23791,하이탑치과의원,,,내원,,,,,,
23792,김사라소아청소년과의원,,내원,,,,,,,
23793,시흥내과의원,내원,,,내원,내원,내원,내원,,
23794,꾸러기소아청소년과의원,,내원,,,,,,,
23795,베스트내과의원,내원,,,,,,,,
23796,정샘소아청소년과의원,,내원,,,,,,,
23797,연세내과의원,내원,,,내원,내원,내원,내원,내원,
23798,최내과의원,내원,,,내원,내원,내원,,,
23799,녹향의원,내원+출장,내원,,내원,내원,내원,내원,내원,
23800,제일365소아청소년과의원,,내원,,,,,,,
23801,한마음내과의원,내원,,,내원,내원,내원,,,
23802,속사랑내과의원,내원,,,내원,내원,내원,,,
23803,누가의원,내원,내원,,내원,,,,,
23804,연세베스트의원,,내원,,,,,,,
23805,사랑내과의원,내원,,,,,,,,
23806,서울열린내과의원,내원,,,내원,내원,내원,,,
23807,배곧누리의원,,내원,,,,,,,
23808,바른소아청소년과의원,,내원,,,,,,,
23809,누가소아청소년과의원,,내원,,,,,,,
23810,예진산부인과의원,,,,,,,,내원,
23811,목감마음속내과의원,내원,,,내원,내원,내원,내원,내원,
23812,연세엘소아청소년과의원,,내원,,,,,,,
23813,상쾌한속내과의원,내원,,,내원,내원,내원,내원,,
23814,삼성키즈소아청소년과의원,,내원,,,,,,,
23815,시흥희망의료복지사회적협동조합희망의원,내원,내원,,내원,,내원,,,
23816,서울삼성내과의원,내원,,,내원,내원,내원,,내원,
23817,도도스이비인후과의원,,내원,,,,,,,
23818,강소아청소년과의원,,내원,,,,,,,
23819,목감연세내과의원,내원,,,내원,내원,내원,내원,내원,
23820,365서울가정의학과의원,,내원,,,,,,,
23821,연세조이소아청소년과의원,,내원,,,,,,,
23822,이연정내과의원,내원,,,내원,,내원,,,
23823,은계탑내과의원,내원,,,내원,내원,내원,,내원,
23824,아산드림소아청소년과의원,,내원,,,,,,,
23825,연세드림내과의원,내원,,,내원,내원,내원,내원,내원,
23826,연세은혜산부인과의원,,,,,,,,내원,
23827,삼성바른내과의원,내원,,,내원,내원,내원,내원,내원,
23828,은계하나내과의원,내원,,,내원,내원,내원,내원,내원,
23829,능곡하나내과의원,내원,,,내원,내원,내원,,,
23830,서울성모의원,,내원,,,,,,,
23831,정왕연세소아청소년과의원,,내원,,,,,,,
23832,아산우리소아청소년과의원,,내원,,,,,,,
23833,새론산부인과의원,,,,,,,,내원,
23834,지우개소아청소년과의원,,내원,,,,,,,
23835,연세우리내과의원,내원,,,내원,내원,내원,내원,내원,
23836,미르소아청소년과의원,,내원,,,,,,,
23837,아이조은행복쑥쑥소아청소년과의원,,내원,,,,,,,
23838,성모베스트내과의원,내원,,,내원,내원,내원,내원,,
23839,365장곡편한내과의원,내원,,,내원,내원,내원,내원,내원,
23840,아이비소아청소년과의원,,내원,,,,,,,
23841,원산부인과의원,,,,,,,,내원,
23842,연세햇님소아청소년과의원,,내원,,,,,,,
23843,리움산부인과의원,,,,,,,,내원,
23844,김철수내과의원,내원,,,내원,내원,내원,내원,내원,
23845,시흥드림항유외과의원,내원,,,내원,내원,내원,내원,,
23846,대일유외과의원,,,,,,,내원,,
23847,장곡맑은위내과의원,내원,,,내원,내원,내원,내원,내원,
23848,키즈드림소아청소년과의원,,내원,,,,,,,
23849,서울진외과의원,내원,,,내원,내원,,,,
23850,우리서울내과의원,내원,,,내원,내원,내원,,,
23851,아이엔드소아청소년과의원,,내원,,,,,,,
23852,365제이에스JS소아청소년과의원,,내원,,,,,,,
23853,서울안녕내과의원,내원,,,내원,내원,내원,내원,내원,
23854,더나은신경과내과의원,내원,,,내원,내원,내원,내원,내원,
23855,아이조은365연합소아청소년과의원,,내원,,,,,,,
23856,심편한내과의원,내원,,,내원,내원,내원,내원,내원,
23857,서울베스트의원,내원,,,,,,,,
23858,배곧참조은항외과의원,내원,,,내원,내원,,,,
23859,에덴치과의원,,,내원,,,,,,
23860,경기도의료원안성병원,내원,내원,내원,내원,내원,내원,내원,내원,내원
23861,안성성모병원,내원+출장,,,내원,내원+출장,내원,내원,내원,내원
23862,안성동인병원,내원,,,내원,내원,내원,내원,,
23863,허리편한병원,내원,,,내원,내원,내원,내원,,
23864,이선경산부인과의원,,,,,,,,내원,
23865,서울소아청소년과의원,,내원,,,,,,,
23866,유희범소아과의원,,내원,,,,,,,
23867,권소아청소년과의원,,내원,,,,,,,
23868,윤소아과의원,,내원,,,,,,,
23869,황인선소아과의원,,내원,,,,,,,
23870,모아산부인과의원,,,,,,,,내원,
23871,안성의료복지사회적협동조합안성농민의원,내원,,,내원,,내원,내원,내원,
23872,별소아청소년과의원,,내원,,,,,,,
23873,안성의료복지사회적협동조합우리동네의원,,내원,,,,,,,
23874,한양내과의원,내원,,,내원,내원,내원,,,
23875,하나로연합의원,내원,,,내원,내원,내원,내원,내원,
23876,미소플란트치과병원,,,내원+출장,,,,,,
23877,안성치과의원,,,내원,,,,,,
23878,김관중치과의원,,,내원,,,,,,
23879,서울치과의원,,,내원,,,,,,
23880,지성치과의원,,,내원,,,,,,
23881,한동인치과의원,,,내원,,,,,,
23882,박종환치과의원,,,내원,,,,,,
23883,좋은치과의원,,,내원,,,,,,
23884,정중희치과의원,,,내원,,,,,,
23885,허균행치과의원,,,내원,,,,,,
23886,이사랑치과의원,,,내원,,,,,,
23887,베스트치과의원,,,내원,,,,,,
23888,유디안성치과의원,,,내원,,,,,,
23889,한양치과의원,,,내원,,,,,,
23890,안성의료복지사회적협동조합새봄치과의원,,,내원,,,,,,
23891,하얀이치과의원,,,내원,,,,,,
23892,가나치과의원,,,내원,,,,,,
23893,공도오케이치과의원,,,내원,,,,,,
23894,강남웰치과의원,,,내원,,,,,,
23895,준플란트치과의원,,,내원,,,,,,
23896,수치과의원,,,내원,,,,,,
23897,자애메이플치과의원,,,내원,,,,,,
23898,해맑은스타치과의원,,,내원,,,,,,
23899,웰치과의원,,,내원,,,,,,
23900,라이프치과의원,,,내원,,,,,,
23901,밝은미소SN치과의원,,,내원,,,,,,
23902,정다운치과의원,,,내원,,,,,,
23903,안성행복을심는치과의원,,,내원,,,,,,
23904,화이트치과의원,,,내원,,,,,,
23905,안성중앙치과의원,,,내원,,,,,,
23906,바른이치과교정과치과의원,,,내원,,,,,,
23907,미인플란트치과의원,,,내원,,,,,,
23908,연세본치과의원,,,내원,,,,,,
23909,안성미소치과의원,,,내원,,,,,,
23910,안성자연치과의원,,,내원,,,,,,
23911,안성성모치과의원,,,내원+출장,,,,,,
23912,안성이맞춤치과의원,,,내원,,,,,,
23913,서울삼성치과의원,,,내원,,,,,,
23914,더열린치과의원,,,내원,,,,,,
23915,E편한치과의원,,,내원,,,,,,
23916,한결치과의원,,,내원,,,,,,
23917,연세세브란스치과의원,,,내원,,,,,,
23918,매일디지털치과의원,,,내원,,,,,,
23919,서울정성치과의원,,,내원,,,,,,
23920,꿈사랑의료복지사회적협동조합꿈사랑치과의원,,,내원,,,,,,
23921,우리들소아청소년과의원,,내원,,,,,,,
23922,한길아산내과의원,내원,,,내원,내원,내원,,,
23923,안성한주의원,내원,,,내원,내원,내원,내원,내원,
23924,김내과의원,내원,,,내원,내원,내원,,,
23925,삼성키즈소아청소년과의원,,내원,,,,,,,
23926,푸른이비인후과의원,,내원,,,,,,,
23927,하나여성의원,,,,,,,,내원,
23928,안성연세의원,내원,,,내원,,,,,
23929,안성의료복지사회적협동조합서안성의원,내원,내원,,내원,내원,내원,내원,내원,
23930,강내과의원,내원,,,내원,내원,내원,,,
23931,서울본의원,,내원,,,,,,,
23932,홍내과의원,내원,,,내원,내원,내원,내원,내원,
23933,도담소아청소년과의원,,내원,,,,,,,
23934,연세올바른내과의원,내원,,,내원,내원,내원,내원,내원,
23935,더편한장내과의원,내원,,,내원,내원,내원,내원,내원,
23936,아이엠내과의원,내원,,,내원,내원,내원,,,
23937,연세아산산부인과의원,,,,,,,,내원,
23938,꿈사랑의료복지사회적협동조합꿈사랑의원,내원,,,내원,내원,내원,내원,내원,
23939,청춘플란트치과의원,,,내원,,,,,,
23940,더프라임치과의원,,,내원,,,,,,
23941,한양대학교구리병원,내원,내원,,내원,내원,내원,내원,내원,
23942,재단법인원진녹색병원,내원,,,,내원,,내원,,
23943,윤서병원,내원,내원,,내원,내원,내원,내원,내원,
23944,굿병원,내원,,,내원,내원,내원,내원,내원,
23945,오케이참병원,내원,,,내원,내원,내원,,,
23946,좋은아침병원,내원,,,,,,,,
23947,행복한외과병원,내원,,,내원,내원,내원,,,
23948,국군구리병원,내원,,내원,,,,,,
23949,정재숙산부인과의원,,,,,,,,내원,
23950,성재소아청소년과의원,,내원,,,,,,,
23951,무지개연합의원,내원,내원,,,,,,,
23952,송정산부인과의원,,,,,,,,내원,
23953,쉬즈모아산부인과의원,,,,,,,,내원,
23954,마리본산부인과의원,,내원,,,,,내원,내원,
23955,의료법인운양의료재단장스365의원,내원,내원,,내원,내원,내원,내원,내원,
23956,구리황베스트내과의원,내원,,,내원,내원,내원,내원,내원,
23957,반내과의원,,내원,,,,,,,
23958,박경란소아청소년과의원,,내원,,,,,,,
23959,이선영소아청소년과의원,,내원,,,,,,,
23960,민정식엠엔엠소아청소년과의원,,내원,,,,,,,
23961,오내과의원,내원,,,내원,내원,내원,,,
23962,이기쁨내과의원,내원,,,내원,내원,내원,,,
23963,우리들소아청소년과의원,,내원,,,,,,,
23964,구리허브치과의원,,,내원,,,,,,
23965,서울미치과의원,,,내원,,,,,,
23966,현대치과의원,,,내원,,,,,,
23967,연세백치과의원,,,내원,,,,,,
23968,김석호치과의원,,,내원,,,,,,
23969,서울이안치과의원,,,내원,,,,,,
23970,연세드림치과의원,,,내원,,,,,,
23971,인창연세치과의원,,,내원,,,,,,
23972,구리치과의원,,,내원,,,,,,
23973,한치과의원,,,내원,,,,,,
23974,김진치과의원,,,내원,,,,,,
23975,예손치과의원,,,내원,,,,,,
23976,보스톤미소치과의원,,,내원,,,,,,
23977,구리부부치과의원,,,내원,,,,,,
23978,제일치과의원,,,내원,,,,,,
23979,미소치과의원,,,내원,,,,,,
23980,에이스치과의원,,,내원,,,,,,
23981,나라치과의원,,,내원,,,,,,
23982,꿈나무치과의원,,,내원,,,,,,
23983,서울수치과의원,,,내원,,,,,,
23984,세브란스치과의원,,,내원,,,,,,
23985,아이-좋은치과의원,,,내원,,,,,,
23986,늘푸른21치과의원,,,내원,,,,,,
23987,스마일100치과의원,,,내원,,,,,,
23988,코스모스치과의원,,,내원,,,,,,
23989,강남웰치과의원,,,내원,,,,,,
23990,서울본치과의원,,,내원,,,,,,
23991,김병수치과의원,,,내원,,,,,,
23992,좋은사람치과의원,,,내원,,,,,,
23993,보스톤치과의원,,,내원,,,,,,
23994,노엘치과의원,,,내원,,,,,,
23995,현치과의원,,,내원,,,,,,
23996,토평서울치과의원,,,내원,,,,,,
23997,세란빛치과의원,,,내원,,,,,,
23998,아이미소소아치과의원,,,내원,,,,,,
23999,고구려치과의원,,,내원,,,,,,
24000,예닮치과의원,,,내원,,,,,,
24001,밝은미소치과의원,,,내원,,,,,,
24002,청담이라인치과의원,,,내원,,,,,,
24003,아너스치과교정과치과의원,,,내원,,,,,,
24004,인플랜치과의원,,,내원+출장,,,,,,
24005,교문e치과의원,,,내원,,,,,,
24006,구리튼튼치과의원,,,내원,,,,,,
24007,성림치과의원,,,내원,,,,,,
24008,가야치과의원,,,내원,,,,,,
24009,갈매나무치과의원,,,내원,,,,,,
24010,나인치과의원,,,내원,,,,,,
24011,콤마치과의원,,,내원,,,,,,
24012,더편한치과의원,,,내원,,,,,,
24013,일치과의원,,,내원,,,,,,
24014,구리고운마음치과의원,,,내원,,,,,,
24015,바른우리치과의원,,,내원,,,,,,
24016,연세현치과의원,,,내원,,,,,,
24017,더원치과교정과치과의원,,,내원,,,,,,
24018,이모든치과의원,,,내원,,,,,,
24019,서울이나랑치과의원,,,내원,,,,,,
24020,갈매나눔치과의원,,,내원,,,,,,
24021,서울바른e치과의원,,,내원,,,,,,
24022,서울올바른치과의원,,,내원,,,,,,
24023,더(The)성실한치과의원,,,내원,,,,,,
24024,굿플러스치과의원,,,내원,,,,,,
24025,서울삼성치과의원,,,내원,,,,,,
24026,구리비케이치과의원,,,내원,,,,,,
24027,서울티스치과의원구리본원,,,내원,,,,,,
24028,연세고마운치과의원,,,내원,,,,,,
24029,서울에스플러스치과의원,,,내원,,,,,,
24030,화이트365치과의원,,,내원,,,,,,
24031,연세바로치과교정과치과의원,,,내원,,,,,,
24032,밝은내일치과의원,,,내원,,,,,,
24033,갈매키즈앤주니어치과의원,,,내원,,,,,,
24034,연세바른치과의원,,,내원,,,,,,
24035,참조은치과의원,,,내원,,,,,,
24036,갈매서울치과의원,,,내원,,,,,,
24037,서울이편한치과의원,,,내원,,,,,,
24038,바로플란트치과의원,,,내원,,,,,,
24039,더서울예일치과의원,,,내원,,,,,,
24040,구리웰니스치과의원,,,내원,,,,,,
24041,바라봄치과교정과의원,,,내원,,,,,,
24042,서울정성치과의원,,,내원,,,,,,
24043,구리시보건소수택지소,,내원,,,,,,,
24044,민소아청소년과의원,,내원,,,,,,,
24045,수소아청소년과의원,,내원,,,,,,,
24046,푸른소아청소년과의원,,내원,,,,,,,
24047,구리속편한내과의원,내원,,,내원,내원,내원,내원,내원,
24048,구리정형외과의원,내원,내원,,,,,,,
24049,드림키즈소아청소년과의원,,내원,,,,,,,
24050,준소아청소년과의원,,내원,,,,,,,
24051,삼성훈내과의원,내원,,,,,내원,,,
24052,삼성열린외과의원,내원,,,,,,,,
24053,구리백내과의원,내원,,,내원,내원,내원,내원,내원,
24054,연세편한내과의원,내원,,,내원,내원,내원,내원,내원,
24055,삼성WE내과의원,내원,,,내원,내원,내원,,,
24056,제일항외과소아청소년과의원,내원,내원,,내원,내원,내원,내원,내원,
24057,새롬소아청소년과의원,,내원,,,,,,,
24058,삼성서울내과의원,내원,,,내원,내원,내원,,,
24059,갈매우리내과의원,내원,,,내원,내원,내원,,,
24060,서울아산내과의원,내원,,,내원,내원,내원,,,
24061,삼성밝은의원,,,,,,,,내원,
24062,연세황내과의원,내원,,,내원,내원,내원,,,
24063,연세마내과의원,내원,,,내원,내원,내원,내원,내원,
24064,갈매아이웰소아청소년과의원,,내원,,,,,,,
24065,서울본내과의원,내원,,,내원,내원,내원,내원,내원,
24066,에스알세란의원,내원,,,내원,내원,내원,,,
24067,해누리내과의원,내원,,,내원,내원,내원,내원,내원,
24068,구리웰니스내과의원,내원,,,내원,내원,내원,내원,내원,
24069,이기훈내과의원,내원,,,내원,내원,내원,내원,내원,
24070,애플산부인과의원,,,,,,,,내원,
24071,원산부인과의원,,,,,,,,내원,
24072,삼성나은내과의원,내원,,,내원,내원,내원,내원,내원,
24073,레인보우치과의원,,,내원,,,,,,
24074,구리위플러스내과의원,내원,,,내원,내원,내원,내원,내원,
24075,사이좋은치과의원,,,내원,,,,,,
24076,연세새로운병원,내원,,,내원,내원,내원,내원,내원,
24077,대진요양병원,내원,,,,,내원,,,
24078,손소아청소년과의원,,내원,,,,,,,
24079,한사랑의원,내원,내원,,내원,내원,내원,,,
24080,정산부인과의원,,,,,,,,내원,
24081,한양성모의원,,내원,,,,,,,
24082,가남현대의원,내원,,,,,,,,
24083,365소아청소년과의원,,내원,,,,,,,
24084,하나치과의원,,,내원,,,,,,
24085,뉴욕치과의원,,,내원,,,,,,
24086,연세이치과의원,,,내원,,,,,,
24087,길치과의원,,,내원,,,,,,
24088,평강치과의원,,,내원,,,,,,
24089,구자용치과의원,,,내원,,,,,,
24090,중앙치과의원,,,내원,,,,,,
24091,세종치과의원,,,내원,,,,,,
24092,김태식치과의원,,,내원,,,,,,
24093,여주치과의원,,,내원,,,,,,
24094,동방치과의원,,,내원,,,,,,
24095,여주세종고려치과의원,,,내원,,,,,,
24096,연세미소치과의원,,,내원,,,,,,
24097,예인치과의원,,,내원,,,,,,
24098,김동호치과의원,,,내원,,,,,,
24099,기분좋은치과의원,,,내원,,,,,,
24100,성모치과의원,,,내원,,,,,,
24101,이안치과의원,,,내원,,,,,,
24102,이슬치과의원,,,내원,,,,,,
24103,여주선플란트치과의원,,,내원,,,,,,
24104,열린치과의원,,,내원,,,,,,
24105,연세진치과의원,,,내원,,,,,,
24106,서울다안치과의원,,,내원,,,,,,
24107,서울치과의원,,,내원,,,,,,
24108,한솔치과의원,,,내원,,,,,,
24109,여주백세치과의원,,,내원,,,,,,
24110,청플란트치과의원,,,내원,,,,,,
24111,서울새이치과의원,,,내원,,,,,,
24112,서울다온치과의원,,,내원,,,,,,
24113,바로본치과의원,,,내원,,,,,,
24114,여주영상의학과의원,내원,,,내원,내원,내원,내원,내원,
24115,에덴산부인과의원,,,,,,,,내원,
24116,수소아청소년과의원,,내원,,,,,,,
24117,김정민내과의원,내원,,,내원,내원,내원,,,
24118,하나연합의원,,내원,,,,,,,
24119,여주아산내과의원,내원,,,내원,내원,내원,내원,,
24120,연세예소아청소년과의원,,내원,,,,,,,
24121,서울삼성내과의원,내원,,,내원,내원,내원,,내원,
24122,친절한서울의원,내원,,,,,,,내원,
24123,세종여주병원,내원,내원,,내원,내원,내원,내원,,
24124,인제대학교일산백병원,내원,,,내원,내원,내원,내원,내원,
24125,국민건강보험공단일산병원,내원,내원,내원,내원,내원,내원,내원,내원,내원
24126,국립암센터,내원,,내원,내원,내원,내원,내원,내원,내원
24127,동국대학교일산불교병원,내원,,내원,내원,내원,내원,내원,내원,내원
24128,의료법인성광의료재단일산차병원,내원,내원,,내원,내원,내원,내원,내원,내원
24129,그레이스병원,내원,내원,,내원,내원,내원,내원,내원,
24130,허유재병원,내원,내원,,내원,내원,내원,내원,내원,
24131,일산중심재활병원,내원,,,내원,,내원,내원,내원,
24132,해븐리병원,내원,,,내원,내원,내원,내원,내원,
24133,의료법인일산복음병원,내원,,,내원,내원,내원,내원,내원,
24134,일산하이병원,내원,,,,,,,,
24135,연세항맥병원,내원,,,내원,내원,내원,내원,내원,
24136,든든한병원,내원,,,내원,내원,내원,내원,내원,
24137,연세마두병원,내원,,,내원,내원,내원,,,
24138,포인트병원,내원,,,,,,,,
24139,일산21세기병원,내원,,,내원,내원,내원,내원,내원,
24140,메디누리요양병원,내원,,,,,,,,
24141,동원요양병원,,,,,,,,내원,
24142,성모내과의원,내원,,,내원,내원,내원,내원,,
24143,김내과의원,내원,,,내원,내원,,내원,,
24144,일산우리들소아청소년과의원,,내원,,,,,,,
24145,바오로의원,내원,,,내원,내원,내원,,내원,
24146,엠앤엠소아청소년과의원,,내원,,,,,,,
24147,하늘소아청소년과의원,,내원,,,,,,,
24148,성모드림내과의원,내원,,,내원,,내원,,내원,
24149,엄소아과의원,,내원,,,,,,,
24150,강의원,,내원,,,,,,,
24151,김혜숙산부인과의원,,,,,,,,내원,
24152,신록내과의원,내원,,,내원,내원,내원,,,
24153,한빛영상의학과의원,내원,,,내원,내원,내원,내원,내원,
24154,정미성소아과의원,,내원,,,,,,,
24155,연세삼육오매일의원,내원,,,,,,,,
24156,연세박임재소아청소년과의원,,내원,,,,,,,
24157,일산서울내과의원,내원,,,내원,,내원,,,
24158,문소아청소년과의원,,내원,,,,,,,
24159,장재진내과의원,내원,,,내원,내원,내원,,,
24160,일산연세소아과의원,,내원,,,,,,,
24161,탄현수내과의원,내원,,,내원,내원,내원,,,
24162,한사랑김수련산부인과의원,,,,,,,,내원,
24163,아이산산부인과의원,내원,,,,,,내원,내원,
24164,연세미즈산부인과의원,,,,,,,,내원,
24165,일산고은소아과의원,,내원,,,,,,,
24166,빛과소금내과의원,내원,,,내원,내원,내원,,,
24167,서울소아과의원,,내원,,,,,,,
24168,호소아청소년과의원,,내원,,,,,,,
24169,탄현연세의원,내원,,,내원,내원,내원,내원,,
24170,두리소아과의원,,내원,,,,,,,
24171,밤가시연세소아청소년과의원,,내원,,,,,,,
24172,위더스내과의원,내원,,,내원,내원,,,,
24173,이화연소아청소년과의원,,내원,,,,,,,
24174,아산최은녕산부인과의원,,,,,,,,내원,
24175,백희수산부인과의원,,,,,,,,내원,
24176,미래이비인후과의원,,내원,,,,,,,
24177,리빙웰치과병원,,,내원,,,,,,
24178,연세플라워치과병원,,,내원,,,,,,
24179,사과나무치과병원,내원,,내원,내원,내원,내원,내원,내원,
24180,중산사과나무치과병원,,,내원,,,,,,
24181,가좌요요치과의원,,,내원,,,,,,
24182,청담치과의원,,,내원,,,,,,
24183,하나치과의원,,,내원,,,,,,
24184,대연치과의원,,,내원,,,,,,
24185,연세화이트치과의원,,,내원,,,,,,
24186,한빛치과의원,,,내원,,,,,,
24187,베네치아치과의원,,,내원,,,,,,
24188,연세아름치과의원,,,내원,,,,,,
24189,크리스마스치과의원,,,내원,,,,,,
24190,한사랑치과의원,,,내원,,,,,,
24191,연세치과의원,,,내원,,,,,,
24192,예원치과의원,,,내원,,,,,,
24193,행복한치과의원,,,내원,,,,,,
24194,모아치과의원,,,내원,,,,,,
24195,서울치과의원,,,내원,,,,,,
24196,화이트치과의원,,,내원,,,,,,
24197,더고운치과의원,,,내원,,,,,,
24198,김용중치과의원,,,내원,,,,,,
24199,김충배치과의원,,,내원,,,,,,
24200,임윤식치과의원,,,내원,,,,,,
24201,피노키오치과의원,,,내원,,,,,,
24202,서울프라임치과의원,,,내원,,,,,,
24203,세은치과의원,,,내원,,,,,,
24204,연세윤치과의원,,,내원,,,,,,
24205,두레치과의원,,,내원,,,,,,
24206,중산연세치과의원,,,내원,,,,,,
24207,후곡치과의원,,,내원,,,,,,
24208,아름다운미소치과의원,,,내원,,,,,,
24209,주엽치과의원,,,내원,,,,,,
24210,예원부부치과의원,,,내원,,,,,,
24211,연세예스치과의원,,,내원,,,,,,
24212,조민치과의원,,,내원,,,,,,
24213,뉴욕탑치과의원,,,내원,,,,,,
24214,아나파치과의원,,,내원,,,,,,
24215,서현치과의원,,,내원,,,,,,
24216,푸른대화치과의원,,,내원,,,,,,
24217,베일러선치과의원,,,내원,,,,,,
24218,메트로치과의원,,,내원,,,,,,
24219,이사랑치과의원,,,내원,,,,,,
24220,아이랑치과의원,,,내원,,,,,,
24221,연세큐치과의원,,,내원,,,,,,
24222,본치과의원,,,내원,,,,,,
24223,일산연치과의원,,,내원,,,,,,
24224,연세바른이치과의원,,,내원,,,,,,
24225,백석서울치과의원,,,내원,,,,,,
24226,고른이치과의원,,,내원,,,,,,
24227,풍동한미르치과의원,,,내원,,,,,,
24228,채한승치과의원,,,내원,,,,,,
24229,이(e)-하나로치과의원,,,내원,,,,,,
24230,연세덴티프로치과의원,,,내원,,,,,,
24231,정다운치과의원,,,내원,,,,,,
24232,함박웃음치과의원,,,내원,,,,,,
24233,에이스치과의원,,,내원,,,,,,
24234,디오서울치과의원,,,내원,,,,,,
24235,서울수치과의원,,,내원,,,,,,
24236,동부치과의원,,,내원,,,,,,
24237,일산어린이치과의원,,,내원,,,,,,
24238,연세부부치과의원,,,내원,,,,,,
24239,우리치과의원,,,내원,,,,,,
24240,베스트치과의원,,,내원,,,,,,
24241,연세리더스치과의원,,,내원,,,,,,
24242,열린마음치과의원,,,내원,,,,,,
24243,선치과의원,,,내원,,,,,,
24244,일산이편한치과의원,,,내원,,,,,,
24245,서울드림치과의원,,,내원,,,,,,
24246,미앤미치과의원,,,내원,,,,,,
24247,허브치과의원,,,내원,,,,,,
24248,탄현중앙치과의원,,,내원,,,,,,
24249,최호수치과의원,,,내원,,,,,,
24250,강선치과의원,,,내원,,,,,,
24251,트루덴치과의원,,,내원,,,,,,
24252,비앤비서울치과의원,,,내원,,,,,,
24253,연세미소치과의원,,,내원,,,,,,
24254,서울나은치과의원,,,내원,,,,,,
24255,이미소앤사랑니치과의원,,,내원,,,,,,
24256,서울스마일치과의원,,,내원,,,,,,
24257,일산린치과의원,,,내원,,,,,,
24258,연세내이로치과의원,,,내원,,,,,,
24259,웰빙치과의원,,,내원,,,,,,
24260,정발산사과나무치과의원,,,내원,,,,,,
24261,열린치과의원,,,내원,,,,,,
24262,이성근치과의원,,,내원,,,,,,
24263,연세미소앤치과의원,,,내원,,,,,,
24264,이편한치과의원,,,내원,,,,,,
24265,연세예스주니어치과의원,,,내원,,,,,,
24266,연세미치과의원,,,내원,,,,,,
24267,서울그린치과의원,,,내원,,,,,,
24268,서울원치과의원,,,내원,,,,,,
24269,대화사과나무치과의원,,,내원,,,,,,
24270,형치과의원,,,내원,,,,,,
24271,서울리더스치과의원,,,내원,,,,,,
24272,연세덴티플러스치과의원,,,내원,,,,,,
24273,세종치과의원,,,내원,,,,,,
24274,백석치과의원,,,내원,,,,,,
24275,연세물방울치과의원,,,내원,,,,,,
24276,가좌엘리트치과의원,,,내원,,,,,,
24277,좋은하루치과의원,,,내원,,,,,,
24278,일산웰치과의원,,,내원,,,,,,
24279,웨스턴호치과의원,,,내원,,,,,,
24280,서울위너스치과의원,,,내원,,,,,,
24281,다인치과의원,,,내원,,,,,,
24282,서울강플란트치과의원,,,내원,,,,,,
24283,참좋은치과의원,,,내원,,,,,,
24284,일산하얀치과의원,,,내원,,,,,,
24285,더바른치과의원,,,내원,,,,,,
24286,유디치과의원,,,내원,,,,,,
24287,아라치과의원,,,내원,,,,,,
24288,위시티연세치과의원,,,내원,,,,,,
24289,미소플러스치과의원,,,내원,,,,,,
24290,참플란트치과의원,,,내원,,,,,,
24291,연세이(e)멋진치과의원,,,내원,,,,,,
24292,서울덴토피아치과의원,,,내원,,,,,,
24293,하하치과의원,,,내원,,,,,,
24294,서울에스치과의원,,,내원,,,,,,
24295,가좌연합치과의원,,,내원,,,,,,
24296,위시티웰치과의원,,,내원,,,,,,
24297,일산스타28치과의원,,,내원,,,,,,
24298,제니스치과의원,,,내원,,,,,,
24299,미플란트치과의원,,,내원,,,,,,
24300,서울자연이치과의원,,,내원,,,,,,
24301,제이치과의원,,,내원,,,,,,
24302,대화뿌리사랑치과의원,,,내원,,,,,,
24303,올바른치과의원,,,내원,,,,,,
24304,일산본치과의원,,,내원,,,,,,
24305,연세자이치과의원,,,내원,,,,,,
24306,일산좋은치과의원,,,내원,,,,,,
24307,서울정도치과의원,,,내원,,,,,,
24308,일산힐치과의원,,,내원,,,,,,
24309,스타치과교정과치과의원,,,내원,,,,,,
24310,서울백치과의원,,,내원,,,,,,
24311,기쁜하루치과의원,,,내원,,,,,,
24312,치아나라치과의원,,,내원,,,,,,
24313,백상치과의원,,,내원,,,,,,
24314,고은이치과의원,,,내원,,,,,,
24315,일산제일치과의원,,,내원,,,,,,
24316,온유치과의원,,,내원,,,,,,
24317,탄현웰치과의원,,,내원,,,,,,
24318,프라임39플란트치과의원,,,내원,,,,,,
24319,더데이치과의원,,,내원,,,,,,
24320,미소로여는치과의원,,,내원,,,,,,
24321,일산스마트치과의원,,,내원,,,,,,
24322,연세바로치과교정과치과의원,,,내원,,,,,,
24323,라페치과의원,,,내원,,,,,,
24324,미라클플란트치과의원,,,내원,,,,,,
24325,서울정석치과의원,,,내원,,,,,,
24326,연세세브란스치과의원,,,내원,,,,,,
24327,유에스씨USC예인치과의원,,,내원,,,,,,
24328,굿센치과의원,,,내원,,,,,,
24329,365자주치과의원,,,내원,,,,,,
24330,고양본플란트치과의원,,,내원,,,,,,
24331,연세으뜸치과의원,,,내원,,,,,,
24332,고양복지의료생협봄날치과의원,,,내원,,,,,,
24333,연세일등치과의원,,,내원,,,,,,
24334,연세백마치과의원,,,내원,,,,,,
24335,든든한치과의원,,,내원,,,,,,
24336,샤인키즈앤쥬니어치과의원,,,내원,,,,,,
24337,일산바른왕플란트치과의원,,,내원,,,,,,
24338,연세아이비치과의원,,,내원,,,,,,
24339,채난희산부인과의원,,,,,,,,내원,
24340,로앤산부인과의원,,,,,,,,내원,
24341,이소아과의원,,내원,,,,,,,
24342,와이비양동규내과의원,내원,,,내원,,내원,,,
24343,박세호여성외과의원,,,,,,,내원,,
24344,조은의원,,내원,,,,,,,
24345,일산역훈내과의원,내원,,,내원,내원,내원,내원,내원,
24346,위시티소아청소년과의원,,내원,,,,,,,
24347,더조은내과의원,내원,,,내원,내원,내원,,,
24348,문혜경산부인과의원,,,,,,,,내원,
24349,오형모내과의원,내원,,,내원,내원,내원,,,
24350,체크인내과의원,내원,,,내원,내원,내원,내원,내원,
24351,아이산외과의원,내원,,,내원,내원,내원,,,
24352,노승현내과의원,내원,,,내원,,내원,,,
24353,한사랑속편한내과의원,내원,,,내원,내원,내원,내원,,
24354,린사랑의원,,내원,,,,,,,
24355,이황우에스제이의원,내원,,,,,내원,,,
24356,아름내과의원,내원,,,,,내원,,,
24357,민트소아청소년과의원,,내원,,,,,,,
24358,연세청담항외과의원,내원,,,내원,내원,,,,
24359,연세아이랑소아청소년과의원,,내원,,,,,,,
24360,일산미래내과의원,내원,내원,,내원,내원,내원,내원,내원,
24361,삼성베스트의원,,내원,,,,,,,
24362,가좌우리의원,,내원,,,,,,,
24363,플라워여성외과의원,,,,,,,내원,,
24364,아산연세베스트내과의원,내원,,,내원,내원,내원,내원,내원,
24365,일산윌내과의원,내원,,,내원,내원,내원,내원,내원,
24366,휴엔여성의원,,,,,,,,내원,
24367,레이킨소아청소년과의원,,내원,,,,,,,
24368,서울더블유(W)내과의원,내원,,,내원,내원,내원,내원,내원,
24369,일산제일산부인과의원,,,,,,,,내원,
24370,일산심내과의원,내원,,,내원,내원,내원,내원,내원,
24371,서울늘편한내과의원,내원,,,내원,내원,내원,내원,내원,
24372,에스엔유(SNU)하버드내과의원,내원,,,내원,,내원,,,
24373,봉봉소아청소년과의원,,내원,,,,,,,
24374,고양메디컬의원,내원,,,,,,,,
24375,일산본내과의원,내원,,,내원,내원,내원,내원,내원,
24376,배편한내과의원,내원,,,내원,내원,내원,내원,내원,
24377,늘미소소아청소년과의원,,내원,,,,,,,
24378,킨텍스드림내과의원,내원,,,내원,내원,내원,,내원,
24379,해빛소아청소년과의원,,내원,,,,,,,
24380,더바른소아청소년과의원,,내원,,,,,,,
24381,민트산부인과의원,,,,,,,,내원,
24382,연세전한호내과의원,내원,,,내원,내원,내원,내원,내원,
24383,서울아산김내과의원,내원,,,내원,,내원,,,
24384,일산조은내과의원,내원,,,,,,,,
24385,메디탑의원,내원,,,내원,내원,내원,내원,내원,
24386,일산스카이내과의원,내원,,,내원,내원,내원,내원,내원,
24387,일산탑내과의원,내원,,,내원,내원,내원,내원,내원,
24388,연세아이들소아청소년과의원,,내원,,,,,,,
24389,식사위여성의원,,,,,,,,내원,
24390,수여성의원,,,,,,,,내원,
24391,유반하지영상의학과의원,,,,,,,내원,,
24392,신석균사랑내과의원,내원,,,,,,,,
24393,타임치과의원,,,내원,,,,,,
24394,허영호치과의원,,,내원,,,,,,
24395,서울해피키즈치과의원,,,내원,,,,,,
24396,바른플란트치과의원,,,내원,,,,,,
24397,일산모든내과의원,내원,,,내원,내원,내원,내원,내원,
24398,풍동바른내과의원,내원,,,내원,내원,내원,내원,내원,
24399,치아살리는치과의원,,,내원,,,,,,
24400,의료법인명지의료재단명지병원,내원+출장,,내원+출장,내원,내원,내원,내원,내원,내원
24401,의료법인자인의료재단(더자인병원),내원,,,내원,내원,내원,내원,내원,내원
24402,국군고양병원,내원,,내원,,,,,,
24403,원당연세병원,내원,,,내원,내원,내원,내원,내원,
24404,원흥아이제일병원,,내원,,,,,,,
24405,서울척탑병원,내원,,,내원,내원,내원,내원,,
24406,연세강인병원,내원,,,내원,,내원,,,
24407,지축아이제일병원,,내원,,,,,,,
24408,365서울소아청소년과의원,,내원,,,,,,,
24409,심욱섭소아과의원,,내원,,,,,,,
24410,사랑소아청소년과의원,,내원,,,,,,,
24411,박내과의원,내원,,,내원,내원,내원,내원,,
24412,라인의원,,,,,,,,내원,
24413,행신연세가정의학과의원,내원,내원,,내원,,내원,,,
24414,성모소아청소년과의원,,내원,,,,,,,
24415,김은실한재희소아과의원,,내원,,,,,,,
24416,서울내과의원,내원,,,내원,내원,내원,내원,내원,
24417,조명득의원,,내원,,,,,,,
24418,윤내과의원,내원,,,내원,,내원,,,
24419,유내과의원,내원,,,내원,내원,내원,내원,내원,
24420,이승희한건수의원,,내원,,,,,,,
24421,성현내과의원,내원,,,내원,내원,내원,내원,내원,
24422,강혜승산부인과의원,,,,,,,,내원,
24423,한빛내과의원,내원,,,내원,내원,내원,내원,,
24424,조양현산부인과의원,,,,,,,,내원,
24425,애담산부인과의원,,,,,,,,내원,
24426,원당영상의학과의원,내원,,,내원,내원,내원,내원,내원,
24427,미항외과의원,내원,,,내원,내원,,,,
24428,조은이비인후과의원,,내원,,,,,,,
24429,연세민혜원산부인과의원,,,,,,,,내원,
24430,행신연세내과의원,내원,,,내원,내원,내원,,,
24431,서울메이치과병원,,,내원,,,,,,
24432,린치과병원,,,내원,,,,,,
24433,고양우리치과의원,,,내원,,,,,,
24434,서재석치과의원,,,내원,,,,,,
24435,중앙치과의원,,,내원,,,,,,
24436,홍은기치과의원,,,내원,,,,,,
24437,권형건치과의원,,,내원,,,,,,
24438,안기동치과의원,,,내원,,,,,,
24439,원흥행복치과의원,,,내원,,,,,,
24440,우일치과의원,,,내원,,,,,,
24441,프라임치과의원,,,내원,,,,,,
24442,연세엘치과의원,,,내원,,,,,,
24443,원당연세치과의원,,,내원,,,,,,
24444,닥터리치과교정과치과의원,,,내원,,,,,,
24445,김상철치과의원,,,내원,,,,,,
24446,혜인치과의원,,,내원,,,,,,
24447,한솔치과의원,,,내원,,,,,,
24448,신원당웰치과의원,,,내원,,,,,,
24449,서울부부치과의원,,,내원,,,,,,
24450,송치과의원,,,내원,,,,,,
24451,백치과의원,,,내원,,,,,,
24452,오아이치과의원,,,내원,,,,,,
24453,곽성연치과의원,,,내원,,,,,,
24454,두리치과의원,,,내원,,,,,,
24455,유니온치과의원,,,내원,,,,,,
24456,뉴욕모아치과의원,,,내원,,,,,,
24457,뉴욕윤치과의원,,,내원,,,,,,
24458,화정연세치과의원,,,내원,,,,,,
24459,치아사랑치과의원,,,내원,,,,,,
24460,세브란스박치과의원,,,내원,,,,,,
24461,한신치과의원,,,내원,,,,,,
24462,예도치과의원,,,내원,,,,,,
24463,연세김치과의원,,,내원,,,,,,
24464,능곡명치과의원,,,내원,,,,,,
24465,이든플란트치과의원,,,내원,,,,,,
24466,능곡치과의원,,,내원,,,,,,
24467,연세지앤미치과의원,,,내원,,,,,,
24468,세브란스봄치과의원,,,내원,,,,,,
24469,미래치과의원,,,내원,,,,,,
24470,사랑의치과의원,,,내원,,,,,,
24471,키즈스마일치과의원,,,내원,,,,,,
24472,로덴하나치과의원,,,내원,,,,,,
24473,정성치과의원,,,내원,,,,,,
24474,연세웰치과의원,,,내원,,,,,,
24475,행신오케이치과의원,,,내원,,,,,,
24476,서울샘치과의원,,,내원,,,,,,
24477,미시간치과의원,,,내원,,,,,,
24478,비타민치과의원,,,내원,,,,,,
24479,매디플란트치과의원,,,내원,,,,,,
24480,필치과의원,,,내원,,,,,,
24481,이안치과의원,,,내원,,,,,,
24482,정이든치과의원,,,내원,,,,,,
24483,원당수치과의원,,,내원,,,,,,
24484,연세하나치과의원,,,내원,,,,,,
24485,임성수치과의원,,,내원,,,,,,
24486,서울려치과의원,,,내원,,,,,,
24487,한치과의원,,,내원,,,,,,
24488,뿌리사랑치과의원,,,내원,,,,,,
24489,명인치과의원,,,내원,,,,,,
24490,서울준치과의원,,,내원,,,,,,
24491,화정부부치과의원,,,내원,,,,,,
24492,서울메이치과의원,,,내원,,,,,,
24493,엔와이유어린이치과의원,,,내원,,,,,,
24494,힐링치과의원,,,내원,,,,,,
24495,삼송서울치과의원,,,내원,,,,,,
24496,연세더블유치과의원,,,내원,,,,,,
24497,나무치과의원,,,내원,,,,,,
24498,하얀치과의원,,,내원,,,,,,
24499,서울팀치과의원,,,내원,,,,,,
24500,원플란트치주과치과의원,,,내원,,,,,,
24501,맑은미소치과의원,,,내원,,,,,,
24502,봄날그리고치과의원,,,내원,,,,,,
24503,동그라미치과의원,,,내원,,,,,,
24504,원흥본치과의원,,,내원,,,,,,
24505,한서울치과의원,,,내원,,,,,,
24506,서울도래울치과의원,,,내원,,,,,,
24507,키즈앤맘치과의원,,,내원,,,,,,
24508,연세아이웃음꽃치과의원,,,내원,,,,,,
24509,정석치과의원,,,내원,,,,,,
24510,행신휴치과의원,,,내원,,,,,,
24511,현대치과의원,,,내원,,,,,,
24512,서울미래치과의원,,,내원,,,,,,
24513,랑스마일치과의원,,,내원,,,,,,
24514,원흥탑치과의원,,,내원,,,,,,
24515,원흥서울치과의원,,,내원,,,,,,
24516,시카고치과의원,,,내원,,,,,,
24517,삼송우리들치과의원,,,내원,,,,,,
24518,서울에스치과의원,,,내원,,,,,,
24519,삼송스마트치과의원,,,내원,,,,,,
24520,서울클리어치과교정과치과의원,,,내원,,,,,,
24521,더삼송치과의원,,,내원,,,,,,
24522,닥터조치과의원,,,내원,,,,,,
24523,365열린치과의원,,,내원,,,,,,
24524,서울행복담은치과의원,,,내원,,,,,,
24525,향동리더스치과의원,,,내원,,,,,,
24526,바른이안치과의원,,,내원,,,,,,
24527,미소고운치과의원,,,내원,,,,,,
24528,서울공감치과의원,,,내원,,,,,,
24529,행신이로운치과의원,,,내원,,,,,,
24530,서울히트치과의원,,,내원,,,,,,
24531,서울오늘치과의원,,,내원,,,,,,
24532,다라플란트치과의원,,,내원,,,,,,
24533,상상플란트치과의원,,,내원,,,,,,
24534,지축퍼스트치과의원,,,내원,,,,,,
24535,닥터임치과의원,,,내원,,,,,,
24536,서울새로이치과의원,,,내원,,,,,,
24537,삼성퍼스트치과의원,,,내원,,,,,,
24538,새이다온치과의원,,,내원,,,,,,
24539,서울덕은치과의원,,,내원,,,,,,
24540,다섯가지약속치과의원,,,내원,,,,,,
24541,상쾌한필치과의원,,,내원,,,,,,
24542,예인치과의원,,,내원,,,,,,
24543,유디화정치과의원,,,내원,,,,,,
24544,서울연치과의원,,,내원,,,,,,
24545,서울행신치과의원,,,내원,,,,,,
24546,연세바로세움치과의원,,,내원,,,,,,
24547,플레이쥬니어치과의원,,,내원,,,,,,
24548,연세내일치과의원,,,내원,,,,,,
24549,화정서울치과의원,,,내원,,,,,,
24550,연세더리더스치과의원,,,내원,,,,,,
24551,더한마음치과의원,,,내원,,,,,,
24552,연세희망치과의원,,,내원,,,,,,
24553,이내과의원,내원,,,내원,내원,내원,,,
24554,현대아산내과의원,내원,내원,,내원,,,,,
24555,내유하나의원,,내원,,,,,,,
24556,석승엽정형외과의원,내원,,,,,내원,,,
24557,이움내과의원,내원,,,,,,,,
24558,밝은미래의원,,,,,,,,내원,
24559,연세미소내과의원,내원,,,내원,내원,내원,내원,,
24560,라온산부인과의원,,,,,,,,내원,
24561,나눔가정의학과의원,내원,내원,,내원,,내원,,내원,
24562,봄소아청소년과의원,,내원,,,,,,,
24563,행신조은의원,,내원,,,,,,,
24564,최소아청소년과의원,,내원,,,,,,,
24565,서울연합내과의원,내원,,,내원,내원,내원,,,
24566,진세진산부인과의원,,,,,,,,내원,
24567,현대이비인후과의원,,내원,,,,,,,
24568,굿모닝소아청소년과의원,,내원,,,,,,,
24569,서울속내과의원,내원,,,내원,내원,내원,내원,내원,
24570,연세메디소아청소년과의원,,내원,,,,,,,
24571,연세열린의원,,내원,,,,,,,
24572,삼성키즈소아청소년과의원,,내원,,,,,,,
24573,굿모닝내과의원,내원,,,내원,내원,내원,내원,내원,
24574,삼성키즈Ⅰ소아청소년과의원,,내원,,,,,,,
24575,편안한내과의원,내원,,,내원,내원,내원,내원,내원,
24576,연세누리소아청소년과의원,,내원,,,,,,,
24577,맑은샘이비인후과의원,,내원,,,,,,,
24578,우리소아청소년과의원,,내원,,,,,,,
24579,아름드리소아청소년과의원,,내원,,,,,,,
24580,도래울아이랑소아청소년과의원,,내원,,,,,,,
24581,김소은내과의원,내원,,,내원,내원,내원,,,
24582,차내과의원,내원,,,내원,내원,내원,,,
24583,연세엘내과의원,내원,,,내원,내원,내원,내원,내원,
24584,키즈원소아청소년과의원,,내원,,,,,,,
24585,김앤유내과의원,내원,,,내원,내원,내원,내원,내원,
24586,아란소아청소년과의원,,내원,,,,,,,
24587,건강유내과의원,내원,,,내원,내원,내원,내원,내원,
24588,유민내과의원,내원,,,내원,내원,내원,내원,내원,
24589,이준각가정의학과의원,내원,내원,,내원,내원,내원,,내원,
24590,연세맘스그린여성의원,,,,,,,,내원,
24591,좋은느낌산부인과의원,,,,,,,,내원,
24592,행신애플소아청소년과의원,,내원,,,,,,,
24593,키즈힐소아청소년과의원,,내원,,,,,,,
24594,원흥수내과의원,내원,,,,,,,,
24595,서울삼성내과의원,내원,,,내원,내원,내원,내원,내원,
24596,화정퍼스트내과의원,내원,,,내원,내원,내원,내원,내원,
24597,삼송성모내과의원,내원,,,내원,내원,내원,내원,내원,
24598,열린소아청소년과의원,,내원,,,,,,,
24599,이윤정산부인과의원,,,,,,,,내원,
24600,서울베스트내과의원,내원,,,내원,내원,내원,내원,내원,
24601,행신늘편한내과의원,내원,,,내원,내원,내원,내원,,
24602,삼송리더스내과의원,내원,,,내원,내원,내원,내원,내원,
24603,더나은내과의원,내원,,,내원,내원,내원,내원,내원,
24604,메이엘산부인과의원,,,,,,,,내원,
24605,연세유원내과의원,내원,,,내원,내원,내원,내원,내원,
24606,서울항외과의원,내원,,,내원,내원,내원,내원,내원,
24607,삼성에스더산부인과의원,,,,,,,,내원,
24608,햇살소아청소년과의원,,내원,,,,,,,
24609,송현숙산부인과의원,,,,,,,,내원,
24610,서울성모의원,내원,,,,,,,,
24611,덕은아이소아청소년과의원,,내원,,,,,,,
24612,아산참편한내과의원,내원,,,내원,내원,내원,내원,내원,
24613,지축라움산부인과의원,,,,,,,,내원,
24614,도래울성모내과의원,내원,,,내원,내원,내원,내원,내원,
24615,향기로운봄산부인과의원,,,,,,,,내원,
24616,서울의원,내원,,,내원,내원,내원,내원,내원,
24617,향동드림내과의원,내원,,,내원,내원,내원,내원,내원,
24618,연세사랑꽃소아과의원,,내원,,,,,,,
24619,인더핑크의원,내원,,,내원,내원,내원,내원,내원,
24620,서울에스(S)가정의학과의원,내원,,,,,,,,
24621,연세힐소아청소년과의원,,내원,,,,,,,
24622,아이엘소아청소년과의원,,내원,,,,,,,
24623,연세탑내과의원,내원,,,내원,내원,내원,내원,내원,
24624,봄여성의원,내원,,,내원,내원,내원,내원,내원,
24625,연세하나로내과의원,내원,,,내원,내원,내원,내원,내원,
24626,연세영림의원,내원,,,내원,내원,내원,,내원,
24627,유봄영상의학과의원,,,,,,,내원,,
24628,정직한치과의원,,,내원,,,,,,
24629,서울라임치과의원,,,내원,,,,,,
24630,함께하는치과의원,,,내원,,,,,,
24631,바로편한치과의원,,,내원,,,,,,
24632,지축바른치과의원,,,내원,,,,,,
24633,서울더정성치과의원,,,내원,,,,,,
24634,김태우치과교정과치과의원,,,내원,,,,,,
24635,서울열린치과의원,,,내원,,,,,,
24636,채움과이음치과의원,,,내원,,,,,,
24637,미래365소아청소년과의원,,내원,,,,,,,
24638,연세바른치과의원,,,내원,,,,,,
24639,인산의료재단메트로병원,내원+출장,,내원,내원,내원,내원,내원,내원,
24640,효산의료재단안양샘병원,내원+출장,,내원+출장,내원,내원,내원,내원,내원,내원
24641,한림대학교성심병원,내원,,,내원,,내원,내원,,내원
24642,봄빛병원,내원,내원,,내원,내원,내원,내원,내원,
24643,평촌우리병원,내원,,,내원,내원,내원,내원,내원,
24644,의료법인토마스의료재단안양윌스기념병원,내원,,,내원,내원,내원,내원,내원,
24645,국제나은병원,내원,,,내원,내원,내원,내원,내원,
24646,아이생각성모병원,,내원,,,,,,,
24647,선진병원(요양병원),내원,,,,,,,,
24648,평촌중앙병원,내원,,,내원,,내원,내원,,
24649,강천식소아청소년과의원,,내원,,,,,,,
24650,홍동선소아청소년과의원,,내원,,,,,,,
24651,엔젤메디칼의원,,내원,,,,,,,
24652,한청숙산부인과의원,,,,,,,,내원,
24653,국상표내과의원,내원,,,내원,내원,내원,내원,내원,
24654,송선희산부인과의원,,,,,,,,내원,
24655,보람의원,,내원,,,,,,,
24656,이정희소아과의원,,내원,,,,,,,
24657,필산부인과의원,,,,,,,,내원,
24658,김태숙소아청소년과의원,,내원,,,,,,,
24659,이종민소아과의원,,내원,,,,,,,
24660,이연숙산부인과의원,,,,,,,,내원,
24661,안양명내과의원,내원,,,내원,내원,내원,내원,내원,
24662,하나영상의학과의원,내원,,,내원,,내원,내원,,
24663,임승재내과의원,내원,,,,,,,,
24664,백내과의원,내원,,,내원,,내원,내원,내원,
24665,연세메디의원,내원,,,내원,내원,내원,내원,내원,
24666,오창수소아청소년과의원,,내원,,,,,,,
24667,박내과의원,내원,,,내원,,내원,,,
24668,고유가정의학과의원,내원,,,내원,내원,내원,내원,내원,
24669,안양세종의원,내원+출장,내원,,내원,내원,내원,내원,내원,
24670,동안내과의원,내원,,,내원,내원,내원,,,
24671,평촌M&M소아과의원,,내원,,,,,,,
24672,연세소아과의원,,내원,,,,,,,
24673,우리소아청소년과의원,,내원,,,,,,,
24674,이건용산부인과의원,,,,,,,,내원,
24675,이화더블유산부인과의원,,,,,,,,내원,
24676,최소아청소년과의원,,내원,,,,,,,
24677,해소아청소년과피부과의원,,내원,,,,,,,
24678,송원영소아청소년과의원,,내원,,,,,,,
24679,한빛내과의원,내원,,,내원,,,,,
24680,서울소아과의원,,내원,,,,,,,
24681,연세신통외과의원,내원,,,내원,내원,내원,내원,내원,
24682,원천의료재단앞선중화연합의원,내원+출장,,,내원,내원,내원,내원,내원,
24683,이유진산부인과의원,,,,,,,,내원,
24684,상쾌한항외과의원,내원,,,내원,내원,내원,내원,내원,
24685,성모의원,내원,,,내원,,내원,,,
24686,바른내과의원,내원,,,내원,내원,내원,내원,내원,
24687,성심소아청소년과의원,,내원,,,,,,,
24688,태림내과의원,내원,내원,,내원,,내원,,,
24689,다샘의원,내원,,,,,,,,
24690,김장욱이비인후과의원,,내원,,,,,,,
24691,연세우리내과의원,내원,,,내원,내원,내원,,,
24692,센텀소아청소년과의원,,내원,,,,,,,
24693,한기림치과의원,,,내원,,,,,,
24694,아름다운치과의원,,,내원,,,,,,
24695,김성철치과의원,,,내원,,,,,,
24696,현치과의원,,,내원,,,,,,
24697,국왕표치과의원,,,내원,,,,,,
24698,심미치과의원,,,내원,,,,,,
24699,이동찬치과의원,,,내원,,,,,,
24700,성혜치과의원,,,내원,,,,,,
24701,서울유앤이치과의원,,,내원,,,,,,
24702,행복한치과의원,,,내원,,,,,,
24703,서울텁츠치과의원,,,내원,,,,,,
24704,김상욱치과의원,,,내원,,,,,,
24705,홍준수치과의원,,,내원,,,,,,
24706,이기상치과의원,,,내원,,,,,,
24707,김종호치과의원,,,내원,,,,,,
24708,평촌치과의원,,,내원,,,,,,
24709,연세치과의원,,,내원,,,,,,
24710,장치과의원,,,내원,,,,,,
24711,우인치과의원,,,내원,,,,,,
24712,안양연세치과의원,,,내원,,,,,,
24713,나치과의원,,,내원,,,,,,
24714,박달연세치과의원,,,내원,,,,,,
24715,즐거운연세치과의원,,,내원,,,,,,
24716,한강치과의원,,,내원,,,,,,
24717,바른턱얼굴미치과의원,,,내원,,,,,,
24718,문치과의원,,,내원,,,,,,
24719,만안치과의원,,,내원,,,,,,
24720,더좋은위드치과의원,,,내원,,,,,,
24721,비산치과의원,,,내원,,,,,,
24722,김태훈치과의원,,,내원,,,,,,
24723,평촌심미치과의원,,,내원,,,,,,
24724,세린치과의원,,,내원,,,,,,
24725,바른턱웰빙명인치과의원,,,내원,,,,,,
24726,평촌연세치과의원,,,내원,,,,,,
24727,본치과의원,,,내원,,,,,,
24728,타워치과의원,,,내원,,,,,,
24729,조문수치과의원,,,내원,,,,,,
24730,차대식치과의원,,,내원,,,,,,
24731,서울신명상치과의원,,,내원,,,,,,
24732,김민재치과의원,,,내원,,,,,,
24733,벨치과의원,,,내원,,,,,,
24734,인덕원사과나무치과의원,,,내원,,,,,,
24735,이종한치과의원,,,내원,,,,,,
24736,명성치과의원,,,내원,,,,,,
24737,미소담은치과의원,,,내원,,,,,,
24738,하나치과의원,,,내원,,,,,,
24739,권치과의원,,,내원,,,,,,
24740,성심치과의원,,,내원,,,,,,
24741,중앙치과의원,,,내원,,,,,,
24742,권영균치과의원,,,내원,,,,,,
24743,서울봄꽃치과의원,,,내원,,,,,,
24744,열린치과의원,,,내원,,,,,,
24745,김성규치과의원,,,내원,,,,,,
24746,신세계치과의원,,,내원,,,,,,
24747,365플란트치과의원,,,내원,,,,,,
24748,군포치과의원,,,내원,,,,,,
24749,서울아크로치과의원,,,내원,,,,,,
24750,새이치과의원,,,내원,,,,,,
24751,최재명치과의원,,,내원,,,,,,
24752,연세S치과의원,,,내원,,,,,,
24753,한빛치과의원,,,내원,,,,,,
24754,호계동굿모닝치과의원,,,내원,,,,,,
24755,세브란스치과의원,,,내원,,,,,,
24756,유앤미치과의원,,,내원,,,,,,
24757,최태민치과의원,,,내원,,,,,,
24758,개구장이치과의원,,,내원,,,,,,
24759,튼튼치과의원,,,내원,,,,,,
24760,사랑으로치과의원,,,내원,,,,,,
24761,새반석치과의원,,,내원,,,,,,
24762,e-좋은치과의원,,,내원,,,,,,
24763,오케이미소치과의원,,,내원,,,,,,
24764,박원식오케이치과의원,,,내원,,,,,,
24765,래미안성원치과의원,,,내원,,,,,,
24766,서울황제치과의원,,,내원,,,,,,
24767,명학하나치과의원,,,내원,,,,,,
24768,동안치과의원,,,내원,,,,,,
24769,이엔이치과의원,,,내원,,,,,,
24770,임베스트치과의원,,,내원,,,,,,
24771,안양오케이치과의원,,,내원,,,,,,
24772,휴플러스치과의원,,,내원,,,,,,
24773,서울고운미소치과교정과치과의원,,,내원,,,,,,
24774,화이트치과의원,,,내원,,,,,,
24775,안양미플러스치과의원,,,내원,,,,,,
24776,뉴연세치과의원,,,내원,,,,,,
24777,벧엘치과의원,,,내원,,,,,,
24778,미소인치과의원,,,내원,,,,,,
24779,탑치과의원,,,내원,,,,,,
24780,황재석치과의원,,,내원,,,,,,
24781,정미치과의원,,,내원,,,,,,
24782,e-서울치과의원,,,내원,,,,,,
24783,하하치과의원,,,내원,,,,,,
24784,좋은치과의원,,,내원,,,,,,
24785,뉴욕치과의원,,,내원,,,,,,
24786,연세아이랑엄마랑치과의원,,,내원,,,,,,
24787,닥터심치과의원,,,내원+출장,,,,,,
24788,필치과의원,,,내원,,,,,,
24789,서울e-고은치과의원,,,내원,,,,,,
24790,수치과의원,,,내원,,,,,,
24791,이플랜치과의원,,,내원,,,,,,
24792,웰빙미치과교정과치과의원,,,내원,,,,,,
24793,민트치과의원,,,내원,,,,,,
24794,월드치과의원,,,내원,,,,,,
24795,투명한치과의원,,,내원,,,,,,
24796,휴스턴치과의원,,,내원,,,,,,
24797,미서울치과의원,,,내원,,,,,,
24798,안양부부치과의원,,,내원,,,,,,
24799,선이고운치과교정과치과의원,,,내원,,,,,,
24800,조수미치과의원,,,내원,,,,,,
24801,세종치과의원,,,내원,,,,,,
24802,연세보스톤치과의원,,,내원,,,,,,
24803,스마일치과의원,,,내원,,,,,,
24804,새봄치과의원,,,내원,,,,,,
24805,프라임치과의원,,,내원,,,,,,
24806,김영치과의원,,,내원,,,,,,
24807,e호산나치과의원,,,내원,,,,,,
24808,미소안치과의원,,,내원,,,,,,
24809,서울수치과의원,,,내원,,,,,,
24810,허브치과의원,,,내원,,,,,,
24811,미소샘치과의원,,,내원,,,,,,
24812,예미담치과의원,,,내원,,,,,,
24813,평촌STM치과의원,,,내원,,,,,,
24814,우리더블유치과의원,,,내원,,,,,,
24815,열린윤치과의원,,,내원,,,,,,
24816,본플란트치과의원,,,내원,,,,,,
24817,밝은웃음치과의원,,,내원,,,,,,
24818,가연치과의원,,,내원,,,,,,
24819,사랑담은치과의원,,,내원,,,,,,
24820,가이드본치과의원,,,내원,,,,,,
24821,서울하이안치과의원,,,내원,,,,,,
24822,e-하하치과의원,,,내원,,,,,,
24823,서울트리니티치과교정과치과의원,,,내원,,,,,,
24824,세가지약속치과의원,,,내원,,,,,,
24825,신플란트치과의원,,,내원,,,,,,
24826,평촌호산나치과의원,,,내원,,,,,,
24827,서울단꿈치과의원,,,내원,,,,,,
24828,넝쿨치과의원,,,내원,,,,,,
24829,서울S치과의원,,,내원,,,,,,
24830,미소나래치과의원,,,내원,,,,,,
24831,원치과의원,,,내원,,,,,,
24832,연세후치과의원,,,내원,,,,,,
24833,뉴욕본치과의원,,,내원,,,,,,
24834,비발디치과의원,,,내원,,,,,,
24835,호계플란트치과의원,,,내원,,,,,,
24836,범계유디치과의원,,,내원,,,,,,
24837,선한이웃치과의원,,,내원,,,,,,
24838,박달호치과의원,,,내원,,,,,,
24839,우리쥬니어치과의원,,,내원,,,,,,
24840,닥터준치과의원,,,내원,,,,,,
24841,서울스마트치과의원,,,내원,,,,,,
24842,굿초이스치과의원,,,내원,,,,,,
24843,석치과의원,,,내원,,,,,,
24844,올림픽치과의원,,,내원,,,,,,
24845,성모삼성치과의원,,,내원,,,,,,
24846,우리좋은치과의원,,,내원,,,,,,
24847,안양바른플러스치과의원,,,내원,,,,,,
24848,키즈웰치과의원,,,내원,,,,,,
24849,세븐플러스치과의원,,,내원,,,,,,
24850,연세웃는아이치과의원,,,내원,,,,,,
24851,안양중앙치과의원,,,내원,,,,,,
24852,안양사과나무치과의원,,,내원,,,,,,
24853,유용재치과의원,,,내원,,,,,,
24854,연세드림치과의원,,,내원,,,,,,
24855,나래치과의원,,,내원,,,,,,
24856,뿌리세움치과의원,,,내원,,,,,,
24857,서울미소치과의원,,,내원,,,,,,
24858,더나은치과의원,,,내원,,,,,,
24859,서울이고른치과의원,,,내원,,,,,,
24860,디에스치과의원,,,내원,,,,,,
24861,올바른치과의원,,,내원,,,,,,
24862,평촌이정치과의원,,,내원,,,,,,
24863,임플라인치과의원,,,내원,,,,,,
24864,평촌스마트치과의원,,,내원,,,,,,
24865,평촌패밀리치과의원,,,내원,,,,,,
24866,스마일민치과교정과치과의원,,,내원,,,,,,
24867,청치과의원,,,내원,,,,,,
24868,메가탑치과의원,,,내원,,,,,,
24869,서울현치과의원,,,내원,,,,,,
24870,안양어린이치과의원,,,내원,,,,,,
24871,서울연세치과의원,,,내원,,,,,,
24872,연세아이야기치과교정과치과의원,,,내원,,,,,,
24873,믿음치과의원,,,내원,,,,,,
24874,서울범계치과의원,,,내원,,,,,,
24875,효사랑치과의원,,,내원,,,,,,
24876,한다엠치과의원,,,내원,,,,,,
24877,안양연합치과의원,,,내원,,,,,,
24878,트리플선치과교정과치과의원,,,내원,,,,,,
24879,연세바른치과의원,,,내원,,,,,,
24880,삼성현치과의원,,,내원,,,,,,
24881,약속드림치과의원,,,내원,,,,,,
24882,평촌어린이치과의원,,,내원,,,,,,
24883,헤브론치과의원,,,내원,,,,,,
24884,으뜸원치과의원,,,내원,,,,,,
24885,글로리치과의원,,,내원,,,,,,
24886,스마트하루치과의원,,,내원,,,,,,
24887,원스탑치과의원,,,내원,,,,,,
24888,호계나무치과의원,,,내원,,,,,,
24889,나의미소치과의원,,,내원,,,,,,
24890,연세365치과의원,,,내원,,,,,,
24891,연세백세치과의원,,,내원,,,,,,
24892,아몬드치과의원,,,내원,,,,,,
24893,평촌이음치과의원,,,내원,,,,,,
24894,유디안양치과의원,,,내원,,,,,,
24895,어바인진치과의원,,,내원,,,,,,
24896,연세메인치과의원,,,내원,,,,,,
24897,비산다옴치과의원,,,내원,,,,,,
24898,늘공감치과의원,,,내원,,,,,,
24899,서울베스트치과의원,,,내원,,,,,,
24900,보스턴길치과의원,,,내원,,,,,,
24901,서울다올치과의원,,,내원,,,,,,
24902,평촌이생각치과의원,,,내원,,,,,,
24903,온당치과의원,,,내원,,,,,,
24904,라포치과의원,,,내원,,,,,,
24905,치아사랑치과의원,,,내원,,,,,,
24906,올리브치과의원,,,내원,,,,,,
24907,안양맥치과의원,,,내원,,,,,,
24908,정성가득치과의원,,,내원,,,,,,
24909,안양탑치과의원,,,내원,,,,,,
24910,리드온치과의원,,,내원,,,,,,
24911,서울삼성치과의원,,,내원,,,,,,
24912,큐플란트치과의원,,,내원,,,,,,
24913,서울와이즈치과의원,,,내원,,,,,,
24914,봄별소아치과의원,,,내원,,,,,,
24915,행운치과의원,,,내원,,,,,,
24916,정성치과의원,,,내원,,,,,,
24917,연세이굿치과의원,,,내원,,,,,,
24918,미소봄치과의원,,,내원,,,,,,
24919,아벤스병원,,,,,,,내원,,
24920,차소아청소년과의원,,내원,,,,,,,
24921,이화미즈산부인과의원,,,,,,,,내원,
24922,굿모닝내과의원,내원,,,내원,내원,내원,내원,내원,
24923,행복한가정의원,,내원,,,,,,,
24924,행복한봄정형외과산부인과의원,,,,,,,,내원,
24925,해맑은소아청소년과의원,,내원,,,,,,,
24926,미래연세의원,,내원,,,,,,,
24927,속편한내과의원,내원,,,내원,내원,내원,내원,내원,
24928,이레미즈외과의원,내원,,,,,,내원,내원,
24929,청담산부인과의원,,,,,,,,내원,
24930,대항하정외과의원,내원,,,내원,내원,,,,
24931,메디휴제일내과의원,내원,,,내원,내원,내원,내원,내원,
24932,관악가정의학과의원,,내원,,,,,,,
24933,의료법인나래의료재단나래의원,내원,,,내원,내원,내원,내원,내원,
24934,가톨릭성모내과의원,내원,,,내원,내원,내원,,,
24935,석수연합의원,,내원,,,,,,,
24936,삼성키즈소아청소년과의원,,내원,,,,,,,
24937,서울온의원,내원,내원,,내원,내원,내원,내원,내원,
24938,민앤민소아청소년과의원,,내원,,,,,,,
24939,싱싱가정의원,,내원,,,,,,,
24940,성모편안내과의원,내원,,,내원,내원,내원,내원,,
24941,우리연세내과의원,내원,,,내원,내원,내원,내원,,
24942,늘푸른내과의원,내원,,,내원,내원,내원,내원,내원,
24943,서울베스트의원,,내원,,,,,,,
24944,삼성민내과의원,내원,,,내원,내원,내원,내원,내원,
24945,와이미즈산부인과의원,,,,,,,,내원,
24946,모두소아청소년과의원,,내원,,,,,,,
24947,연소아청소년과의원,,내원,,,,,,,
24948,아이사랑소아청소년과의원,,내원,,,,,,,
24949,늘연세365의원,내원,내원,,내원,내원,내원,내원,내원,
24950,유앤장산부인과의원,,,,,,,,내원,
24951,삼성하나의원,내원,내원,,,,,,,
24952,서울키즈소아청소년과의원,,내원,,,,,,,
24953,중앙항외과의원,내원,,,내원,내원,내원,내원,내원,
24954,드림의원,,내원,,,,,,,
24955,스마트가정의학과의원,내원,내원,,내원,내원,내원,,,
24956,하나소아청소년과의원,,내원,,,,,,,
24957,온유내과의원,내원,,,내원,내원,내원,,,
24958,삼성열린내과의원,내원,,,내원,내원,내원,내원,내원,
24959,코아이비인후과의원,,내원,,,,,,,
24960,153연세연합의원,내원,,,내원,내원,내원,,,
24961,신신플러스의원,내원,,,내원,내원,내원,내원,내원,
24962,꽃과샘산부인과의원,,,,,,,,내원,
24963,서울황제내과의원,내원,,,내원,내원,내원,내원,내원,
24964,속조아내과의원,내원,,,내원,내원,내원,내원,내원,
24965,연세조은내과의원,내원,,,내원,내원,내원,내원,내원,
24966,평촌센트럴소아청소년과의원,,내원,,,,,,,
24967,라라산부인과의원,,,,,,,,내원,
24968,사랑가정의학과의원,,내원,,,,,,,
24969,더킹박범정이비인후과의원,내원,,,,,,,,
24970,서울탑내과의원,내원,,,내원,내원,내원,내원,내원,
24971,평촌성모내과의원,내원,,,내원,내원,내원,내원,내원,
24972,햇살조은내과의원,내원,내원,,,,내원,,,
24973,퍼스트키즈소아청소년과의원,,내원,,,,,,,
24974,평촌연세365내과의원,내원,,,내원,내원,내원,내원,내원,
24975,삼성탑내과의원,내원,,,내원,내원,내원,내원,내원,
24976,삼성플러스내과의원,내원,,,내원,내원,내원,내원,내원,
24977,이수국내과의원,내원,,,내원,내원,내원,,,
24978,서울아름산부인과의원,,,,,,,,내원,
24979,한울의원,,내원,,,,,,,
24980,은하여성의원,,,,,,,,내원,
24981,삼성제일산부인과의원,,,,,,,,내원,
24982,인나소아청소년과의원,,내원,,,,,,,
24983,닥터케이365의원,,내원,,,,,,,
24984,유테라산부인과의원,,,,,,,,내원,
24985,애플산부인과의원,,,,,,,,내원,
24986,해담은치과의원,,,내원,,,,,,
24987,위(WE)건강내과의원,내원,,,내원,내원,내원,내원,내원,
24988,(의)영문의료재단다보스병원,내원+출장,내원,내원,내원,내원+출장,내원,내원,내원,내원
24989,(의)효심의료재단용인서울병원,내원,,,내원,내원,내원,내원,내원,
24990,조은손병원,내원,,,내원,내원,내원,,,
24991,용인제일메디병원,내원,내원,,내원,내원,내원,내원,내원,
24992,신미주우리들의원,,내원,,,,,,,
24993,용인성모의원,내원,,,,,,,,
24994,한세환내과의원,내원,내원,,내원,내원,내원,,,
24995,한숲우리가정의학과의원,,내원,,,,,,,
24996,서울삼성의원,내원,,,,,,,,
24997,연세미즈산부인과의원,,,,,,,,내원,
24998,유림명문의원,,내원,,,,,,,
24999,서울산부인과의원,,,,,,,,내원,
25000,김내과의원,내원,내원,,내원,,내원,,,
25001,문소아청소년과의원,,내원,,,,,,,
25002,송승찬내과의원,내원,,,내원,내원,내원,,,
25003,연세드림내과의원,내원,,,내원,,내원,,,
25004,금.란산부인과의원,,,,,,,,내원,
25005,범세이비인후과의원,,내원,,,,,,,
25006,유사랑의원,,내원,,,,,,,
25007,마음심는치과병원,,,내원,,,,,,
25008,서울수치과의원,,,내원,,,,,,
25009,서울김치과의원,,,내원,,,,,,
25010,덴타피아치과의원,,,내원,,,,,,
25011,치클치과의원,,,내원,,,,,,
25012,모던치과의원,,,내원,,,,,,
25013,중앙치과의원,,,내원,,,,,,
25014,고치과의원,,,내원,,,,,,
25015,백암연세치과의원,,,내원,,,,,,
25016,오케이치과의원,,,내원,,,,,,
25017,삼성치과의원,,,내원,,,,,,
25018,양지치과의원,,,내원,,,,,,
25019,수치과의원,,,내원,,,,,,
25020,이튼부부치과의원,,,내원,,,,,,
25021,서울에스치과의원,,,내원,,,,,,
25022,하얀치과의원,,,내원,,,,,,
25023,상쾌한치과의원,,,내원,,,,,,
25024,건보치과의원,,,내원,,,,,,
25025,참미소치과의원,,,내원,,,,,,
25026,제일메디치과의원,,,내원,,,,,,
25027,문치과의원,,,내원,,,,,,
25028,연세수치과의원,,,내원,,,,,,
25029,우리좋은치과의원,,,내원,,,,,,
25030,연세플라워치과의원,,,내원,,,,,,
25031,이편한연세치과의원,,,내원,,,,,,
25032,모현치과의원,,,내원,,,,,,
25033,용인쥬니어치과의원,,,내원,,,,,,
25034,굿모닝치과의원,,,내원,,,,,,
25035,용인서울치과의원,,,내원,,,,,,
25036,신우치과의원,,,내원,,,,,,
25037,용인보스톤치과의원,,,내원,,,,,,
25038,용인치과의원,,,내원,,,,,,
25039,서원치과의원,,,내원,,,,,,
25040,임플라인치과의원,,,내원,,,,,,
25041,오복치과의원,,,내원,,,,,,
25042,연세플란트치과의원,,,내원,,,,,,
25043,올리브치과의원,,,내원,,,,,,
25044,원삼치과의원,,,내원,,,,,,
25045,서울뿌리치과의원,,,내원,,,,,,
25046,용인플란트치과의원,,,내원,,,,,,
25047,THE웃는치과의원,,,내원,,,,,,
25048,민들레치과의원,,,내원,,,,,,
25049,서울센트럴치과의원,,,내원,,,,,,
25050,신플란트치과의원,,,내원,,,,,,
25051,용인선플란트치과의원,,,내원,,,,,,
25052,인플란트치과의원,,,내원,,,,,,
25053,한숲치과의원,,,내원,,,,,,
25054,하나로플란트치과의원,,,내원,,,,,,
25055,용인탑치과의원,,,내원,,,,,,
25056,연세세브란스치과의원,,,내원,,,,,,
25057,성모서울치과의원,,,내원,,,,,,
25058,연세올바른치과의원,,,내원,,,,,,
25059,포곡치과의원,,,내원,,,,,,
25060,편한미소치과의원,,,내원,,,,,,
25061,서울건치과의원,,,내원,,,,,,
25062,용인하이치과의원,,,내원,,,,,,
25063,이튼치과의원,,,내원,,,,,,
25064,용인스마트치과의원,,,내원,,,,,,
25065,연세강남그랜드치과의원,,,내원,,,,,,
25066,포커스치과의원,,,내원,,,,,,
25067,천리바른마음치과의원,,,내원,,,,,,
25068,에버플란트치과의원,,,내원,,,,,,
25069,고릴라치과의원,,,내원,,,,,,
25070,서울감동치과의원,,,내원,,,,,,
25071,서울차오름치과의원,,,내원,,,,,,
25072,진플란트치과의원,,,내원,,,,,,
25073,서울피트치과의원,,,내원,,,,,,
25074,삼성아이웰소아청소년과의원,,내원,,,,,,,
25075,도담소아청소년과의원,,내원,,,,,,,
25076,윤성욱내과의원,내원,,,내원,,내원,,,
25077,용인아산내과의원,내원,,,내원,내원,내원,내원,내원,
25078,용인제일산부인과의원,내원,,,,,,내원,내원,
25079,제일봄소아청소년과의원,,내원,,,,,,,
25080,용인우리내과의원,내원,,,,,,,,
25081,최소아청소년과의원,,내원,,,,,,,
25082,서울내과의원,내원,내원,,내원,내원,내원,내원,내원,
25083,허리편한신경외과의원,내원,,,,,,,,
25084,남사연합의원,내원,내원,,,,,,,
25085,양지내과의원,내원,,,내원,내원,내원,,,
25086,미래내과의원,내원,,,내원,내원,내원,,,
25087,서울박내과의원,내원,,,내원,내원,내원,,,
25088,웰봄소아청소년과의원,,내원,,,,,,,
25089,역북참내과의원,내원,,,내원,내원,내원,내원,내원,
25090,용인한숲내과의원,내원,,,내원,내원,내원,,,
25091,한숲밝은아이소아청소년과의원,,내원,,,,,,,
25092,365한숲가정의학과의원,,내원,,,,,,,
25093,베스트내과의원,내원,,,내원,내원,내원,내원,내원,
25094,꿈소아청소년과의원,,내원,,,,,,,
25095,용인삼성내과의원,내원,,,내원,내원,내원,내원,,
25096,연세행복내과의원,내원,,,내원,내원,내원,내원,내원,
25097,천리베스트의원,내원,,,,,,,,
25098,용인성모내과의원,내원,,,내원,내원,내원,내원,내원,
25099,용인에스의원,내원,,,,,,,,
25100,365용인바른의원,내원,,,내원,내원,내원,내원,내원,
25101,서울하늘플란트치과의원,,,내원,,,,,,
25102,용인터미널퍼스트치과의원,,,내원,,,,,,
25103,강남병원,내원,내원,,내원,내원,내원,내원,내원,내원
25104,우리호병원,내원,,,내원,내원,내원,,,
25105,린병원,내원,,,,,,,,
25106,의료법인이젠의료재단러스크병원,내원+출장,,,,,,,,
25107,명가정의학과의원,,내원,,,,,,,
25108,박수언소아청소년과의원,,내원,,,,,,,
25109,사랑내과의원,내원,,,내원,,내원,,,
25110,우리들소아청소년과의원,,내원,,,,,,,
25111,서울햇님소아청소년과의원,,내원,,,,,,,
25112,최소아청소년과의원,,내원,,,,,,,
25113,조정형외과의원,내원,,,,,,,,
25114,김병연소아청소년과의원,,내원,,,,,,,
25115,연세문소아청소년과의원,,내원,,,,,,,
25116,올리브소아청소년과의원,,내원,,,,,,,
25117,연세미래체크업의원,내원+출장,,,내원,내원,내원,내원,내원,
25118,미즈마리산부인과의원,,,,,,,,내원,
25119,김학선내과의원,내원,,,내원,내원,내원,내원,내원,
25120,미래아이소아과의원,,내원,,,,,,,
25121,해맑은소아청소년과의원,,내원,,,,,,,
25122,기흥성모의원,내원,,,내원,내원,내원,,,
25123,박진녕소아청소년과의원,,내원,,,,,,,
25124,하나소아청소년과의원,,내원,,,,,,,
25125,성안의원,,내원,,,,,,,
25126,마트소아청소년과의원,,내원,,,,,,,
25127,우리들이비인후과의원,,내원,,,,,,,
25128,박지영산부인과의원,,,,,,,,내원,
25129,성모프라임내과의원,내원,,,내원,내원,내원,,,
25130,연세소아청소년과의원,,내원,,,,,,,
25131,김람훈내과의원,내원,,,내원,,내원,,,
25132,예일내과의원,내원,,,내원,내원,내원,,,
25133,윤소아청소년과의원,,내원,,,,,,,
25134,삼성노블카운티의원,내원,,,,,,,,
25135,이승복내과의원,내원,,,내원,,내원,,,
25136,정다운내과의원,,내원,,,,,,,
25137,유영일내과의원,내원,,,내원,내원,내원,,,
25138,수지미래산부인과의원,내원,내원,,내원,내원,내원,내원,내원,
25139,강북삼성수원의원,내원,,내원,,,,,,
25140,곽정아산부인과의원,,,,,,,,내원,
25141,참사랑산부인과의원,,,,,,,,내원,
25142,우리들내과의원,내원,,,내원,,내원,,,
25143,중동서울정형외과의원,내원,,,내원,내원,내원,,,
25144,새봄산부인과의원,,,,,,,,내원,
25145,수의원,,내원,,,,,,,
25146,송샘산부인과의원,,,,,,,,내원,
25147,동천연세소아청소년과의원,,내원,,,,,,,
25148,굿모닝외과의원,내원,,,내원,,,,,
25149,미래연세내과의원,내원,,,내원,내원,내원,내원,내원,
25150,이안소아청소년과의원,,내원,,,,,,,
25151,봄소아청소년과의원,,내원,,,,,,,
25152,노블산부인과의원,,,,,,,,내원,
25153,김진영내과의원,내원,,,내원,,내원,,,
25154,이건내과의원,내원,,,내원,,내원,,,
25155,서울의원,,내원,,,,,,,
25156,컬럼비아치과병원,,,내원,,,,,,
25157,단국대학교치과대학죽전치과병원,,,내원+출장,,,,,,
25158,동백서울치과의원,,,내원,,,,,,
25159,서울한치과의원,,,내원,,,,,,
25160,푸른치과의원,,,내원,,,,,,
25161,샘치과의원,,,내원,,,,,,
25162,부부치과의원,,,내원,,,,,,
25163,보라하나치과의원,,,내원,,,,,,
25164,나이스치과의원,,,내원,,,,,,
25165,사랑이가득한치과의원,,,내원,,,,,,
25166,박정제치과의원,,,내원,,,,,,
25167,열린치과의원,,,내원,,,,,,
25168,유디치과의원,,,내원,,,,,,
25169,해오름치과의원,,,내원,,,,,,
25170,윤치과의원,,,내원,,,,,,
25171,조아치과의원,,,내원,,,,,,
25172,수지예인치과의원,,,내원,,,,,,
25173,보스톤수지치과의원,,,내원,,,,,,
25174,미서울치과의원,,,내원,,,,,,
25175,서인석치과의원,,,내원,,,,,,
25176,서울치과의원,,,내원,,,,,,
25177,구갈강남치과의원,,,내원,,,,,,
25178,미소가담긴치과의원,,,내원,,,,,,
25179,이플러스넷치과의원,,,내원,,,,,,
25180,행복한미소치과의원,,,내원,,,,,,
25181,수지서울치과의원,,,내원,,,,,,
25182,성모플러스치과의원,,,내원,,,,,,
25183,패밀리치과의원,,,내원,,,,,,
25184,연세SK치과의원,,,내원,,,,,,
25185,연세이튼치과의원,,,내원,,,,,,
25186,한일치과의원,,,내원,,,,,,
25187,굿닥터치과의원,,,내원,,,,,,
25188,미플란트치과의원,,,내원,,,,,,
25189,보라미소치과의원,,,내원,,,,,,
25190,죽전아름다운치과의원,,,내원,,,,,,
25191,프라임치과의원,,,내원,,,,,,
25192,죽전사과나무치과의원,,,내원,,,,,,
25193,디자인유시치과의원,,,내원,,,,,,
25194,수지빅스마일치과의원,,,내원,,,,,,
25195,보라심미치과의원,,,내원,,,,,,
25196,이플러스치과의원,,,내원,,,,,,
25197,상현수치과의원,,,내원,,,,,,
25198,미메이드치과의원,,,내원,,,,,,
25199,365일이가편한연세치과의원,,,내원,,,,,,
25200,이사랑치과의원,,,내원,,,,,,
25201,예향치과의원,,,내원,,,,,,
25202,동백탑치과의원,,,내원,,,,,,
25203,빌리지연세치과의원,,,내원,,,,,,
25204,리빙치과의원,,,내원,,,,,,
25205,미소가있는치과의원,,,내원,,,,,,
25206,연원필치과의원,,,내원,,,,,,
25207,흰돌치과의원,,,내원,,,,,,
25208,삼성수치과의원,,,내원,,,,,,
25209,이랑사랑치과의원,,,내원,,,,,,
25210,연세지세븐치과의원,,,내원,,,,,,
25211,아오스치과의원,,,내원,,,,,,
25212,함께하는치과의원,,,내원,,,,,,
25213,소미치과의원,,,내원,,,,,,
25214,연승환치과의원,,,내원,,,,,,
25215,참서울치과의원,,,내원,,,,,,
25216,청치과의원,,,내원,,,,,,
25217,서울새이치과의원,,,내원,,,,,,
25218,해바라기치과의원,,,내원,,,,,,
25219,에이스치과의원,,,내원,,,,,,
25220,연세드림치과의원,,,내원,,,,,,
25221,우리가족치과의원,,,내원,,,,,,
25222,굿모닝치과의원,,,내원,,,,,,
25223,연세플러스치과의원,,,내원,,,,,,
25224,연세W치과의원,,,내원,,,,,,
25225,구성치과의원,,,내원,,,,,,
25226,모아치과의원,,,내원,,,,,,
25227,연세화이트치과의원,,,내원,,,,,,
25228,바로서울치과의원,,,내원,,,,,,
25229,정다운치과의원,,,내원,,,,,,
25230,수지주니어치과의원,,,내원,,,,,,
25231,신갈강남치과의원,,,내원,,,,,,
25232,이튼치과의원,,,내원,,,,,,
25233,뉴욕미치과의원,,,내원,,,,,,
25234,베일러연합치과의원,,,내원,,,,,,
25235,센트럴치과의원,,,내원,,,,,,
25236,모든치과의원,,,내원,,,,,,
25237,그린치과의원,,,내원,,,,,,
25238,트리플에이치과의원,,,내원,,,,,,
25239,서울리더스치과의원,,,내원,,,,,,
25240,이프라임치과의원,,,내원,,,,,,
25241,미푸른치과의원,,,내원,,,,,,
25242,e화이트치과의원,,,내원,,,,,,
25243,미소그린치과의원,,,내원,,,,,,
25244,연세웰치과의원,,,내원,,,,,,
25245,죽전예치과의원,,,내원,,,,,,
25246,보스톤치과의원,,,내원,,,,,,
25247,e프란트치과의원,,,내원,,,,,,
25248,현치과의원,,,내원,,,,,,
25249,고운치과의원,,,내원,,,,,,
25250,이편한치과의원,,,내원,,,,,,
25251,미소치과의원,,,내원,,,,,,
25252,연세치과의원,,,내원,,,,,,
25253,연세예본치과의원,,,내원,,,,,,
25254,정성가득미소치과의원,,,내원,,,,,,
25255,수지어린이치과의원,,,내원,,,,,,
25256,동백열린치과의원,,,내원,,,,,,
25257,연세웰키즈치과의원,,,내원,,,,,,
25258,구성수치과의원,,,내원,,,,,,
25259,연세허브치과의원,,,내원,,,,,,
25260,동천뉴욕치과의원,,,내원,,,,,,
25261,오케이치과의원,,,내원,,,,,,
25262,본치과의원,,,내원,,,,,,
25263,유앤미치과의원,,,내원,,,,,,
25264,뉴욕치과의원,,,내원,,,,,,
25265,죽전모아치과의원,,,내원,,,,,,
25266,서천프라임치과의원,,,내원,,,,,,
25267,연세수지아이들치과의원,,,내원,,,,,,
25268,연세의치과의원,,,내원,,,,,,
25269,서울웰치과의원,,,내원,,,,,,
25270,서울본치과의원,,,내원,,,,,,
25271,신갈트리플에이치과의원,,,내원,,,,,,
25272,서울미소디자인치과의원,,,내원,,,,,,
25273,U-그린치과의원,,,내원,,,,,,
25274,탑실피오레치과의원,,,내원,,,,,,
25275,연세별소아치과치과의원,,,내원,,,,,,
25276,서울삼성치과의원,,,내원,,,,,,
25277,서울믿음치과의원,,,내원,,,,,,
25278,예스안치과의원,,,내원,,,,,,
25279,연세미소누리치과의원,,,내원,,,,,,
25280,연세림치과의원,,,내원,,,,,,
25281,연세예다운치과의원,,,내원,,,,,,
25282,연세스마일치과의원,,,내원,,,,,,
25283,당신을위한치과의원,,,내원,,,,,,
25284,상갈열린치과의원,,,내원,,,,,,
25285,보스톤서울치과의원,,,내원,,,,,,
25286,뉴연세치과의원,,,내원,,,,,,
25287,오블리제치과의원,,,내원,,,,,,
25288,유앤아이시카고치과의원,,,내원,,,,,,
25289,수지열린치과의원,,,내원,,,,,,
25290,주영치과의원,,,내원,,,,,,
25291,백영걸치과의원,,,내원,,,,,,
25292,광교치과의원,,,내원,,,,,,
25293,현치과의원,,,내원,,,,,,
25294,옳치과의원,,,내원,,,,,,
25295,동백트리플에이치과의원,,,내원,,,,,,
25296,서울위캔치과의원,,,내원,,,,,,
25297,뉴욕다나치과의원,,,내원,,,,,,
25298,동백쥬니어치과의원,,,내원,,,,,,
25299,e편한치과의원,,,내원,,,,,,
25300,생각나무치과의원,,,내원,,,,,,
25301,하나치과의원,,,내원,,,,,,
25302,광교웃음진치과의원,,,내원,,,,,,
25303,연세스마트치과의원,,,내원,,,,,,
25304,상현프라임치과의원,,,내원,,,,,,
25305,가족애치과의원,,,내원,,,,,,
25306,동백진치과의원,,,내원,,,,,,
25307,김앤진치과의원,,,내원,,,,,,
25308,서울S치과의원,,,내원,,,,,,
25309,박하치과의원,,,내원,,,,,,
25310,갈보리치과의원,,,내원,,,,,,
25311,서울삼성치과의원,,,내원,,,,,,
25312,자연치과의원,,,내원,,,,,,
25313,연세봄치과의원,,,내원,,,,,,
25314,수지이다치과의원,,,내원,,,,,,
25315,베스트치과의원,,,내원,,,,,,
25316,광교미소바른치과의원,,,내원,,,,,,
25317,연세베스트치과의원,,,내원,,,,,,
25318,수지탑치과의원,,,내원,,,,,,
25319,사랑나무치과의원,,,내원,,,,,,
25320,광교고은e치과의원,,,내원,,,,,,
25321,서울바로치과의원,,,내원,,,,,,
25322,서울그루치과의원,,,내원,,,,,,
25323,수지예치과의원,,,내원+출장,,,,,,
25324,다봄치과의원,,,내원,,,,,,
25325,I-플러스치과의원,,,내원,,,,,,
25326,웃음꽃피는치과의원,,,내원,,,,,,
25327,더바른치과의원,,,내원,,,,,,
25328,행복치과의원,,,내원,,,,,,
25329,이모든치과의원,,,내원,,,,,,
25330,선데이치과의원,,,내원,,,,,,
25331,서울성복치과의원,,,내원,,,,,,
25332,새미소치과의원,,,내원,,,,,,
25333,참좋은치과의원,,,내원,,,,,,
25334,서울함께웃는치과의원,,,내원,,,,,,
25335,서울한스마일치과의원,,,내원,,,,,,
25336,올바름치과의원,,,내원,,,,,,
25337,기흥서울치과의원,,,내원,,,,,,
25338,서울조이치과의원,,,내원,,,,,,
25339,닥터백치과의원,,,내원,,,,,,
25340,미담치과의원,,,내원,,,,,,
25341,리올란트치과의원,,,내원,,,,,,
25342,서울더웃는치과의원,,,내원,,,,,,
25343,광교이음치과의원,,,내원,,,,,,
25344,성복정원치과의원,,,내원,,,,,,
25345,꿈이자라는치과의원,,,내원,,,,,,
25346,그레이스치과의원,,,내원,,,,,,
25347,서울허브치과의원,,,내원,,,,,,
25348,서울미건치과의원,,,내원,,,,,,
25349,오르다치과의원,,,내원,,,,,,
25350,G7치과의원,,,내원,,,,,,
25351,수지오치과의원,,,내원,,,,,,
25352,용인타임치과의원,,,내원,,,,,,
25353,바른스마일치과교정과치과의원,,,내원,,,,,,
25354,아이가행복한치과의원,,,내원,,,,,,
25355,나노치과보존과치과의원,,,내원,,,,,,
25356,봄누리치과의원,,,내원,,,,,,
25357,인플란트수지치과의원,,,내원,,,,,,
25358,연합치과의원,,,내원,,,,,,
25359,동백센트럴치과의원,,,내원,,,,,,
25360,일등플란트치과의원,,,내원,,,,,,
25361,제이비스서울주니어치과의원,,,내원,,,,,,
25362,진치과의원,,,내원,,,,,,
25363,서울닥터유치과의원,,,내원,,,,,,
25364,휴플러스치과의원,,,내원,,,,,,
25365,수지연세NY치과의원,,,내원,,,,,,
25366,드림이든소아치과의원,,,내원,,,,,,
25367,양플란트치과의원,,,내원,,,,,,
25368,수지좋은치과의원,,,내원,,,,,,
25369,죽전에스S치과의원,,,내원,,,,,,
25370,덴아트치과의원,,,내원,,,,,,
25371,동천센트럴치과의원,,,내원,,,,,,
25372,도담주니어치과의원,,,내원,,,,,,
25373,카이스트치과의원,,,내원,,,,,,
25374,디오비치과의원,,,내원,,,,,,
25375,바로봄치과의원,,,내원,,,,,,
25376,서울플란트치과의원,,,내원,,,,,,
25377,서울위더스치과의원,,,내원,,,,,,
25378,소솜치과의원,,,내원,,,,,,
25379,우리들치과의원,,,내원,,,,,,
25380,글로리아치과교정과치과의원,,,내원,,,,,,
25381,고호치과의원,,,내원,,,,,,
25382,다인아트치과의원,,,내원,,,,,,
25383,동백프라임치과의원,,,내원,,,,,,
25384,연세와이디치과의원,,,내원,,,,,,
25385,로덴치과의원,,,내원,,,,,,
25386,수지플란트치과의원,,,내원,,,,,,
25387,수인치과의원,,,내원,,,,,,
25388,비젼플러스치과의원,,,내원,,,,,,
25389,편안한이치과의원,,,내원,,,,,,
25390,씨에스한방병원,내원,,,,,,,,
25391,삼성드림소아청소년과의원,,내원,,,,,,,
25392,동백삼성내과의원,내원,,,내원,내원,내원,내원,내원,
25393,명문내과의원,내원,,,내원,내원,내원,,,
25394,의료법인녹십자의료재단녹십자의원,내원,,,,,,,,
25395,삼성굿모닝의원,,내원,,,,,,,
25396,강남임내과의원,내원,내원,,내원,내원,내원,,,
25397,위편한내과의원,내원,,,내원,내원,내원,,,
25398,김재한내과의원,내원,,,내원,내원,내원,,,
25399,비젼내과의원,내원,,,내원,내원,내원,내원,내원,
25400,김종화푸른소아과의원,,내원,,,,,,,
25401,용한외과의원,내원,내원,,내원,내원,내원,내원,내원,
25402,광교미소모아내과의원,내원,,,내원,내원,내원,내원,내원,
25403,새연세소아청소년과의원,,내원,,,,,,,
25404,꾸러기소아청소년과의원,,내원,,,,,,,
25405,동백내과의원,내원,,,내원,내원,내원,,,
25406,서울손내과의원,내원,,,내원,내원,내원,,,
25407,고려외과의원,내원,내원,,내원,내원,내원,내원,내원,
25408,서울새로운내과의원,내원,,,내원,내원,내원,내원,내원,
25409,동백미즈산부인과의원,,,,,,,,내원,
25410,다건연세내과의원,내원,,,내원,내원,내원,내원,내원,
25411,현내과의원,내원,,,내원,내원,내원,,,
25412,광교연세소아청소년과의원,,내원,,,,,,,
25413,허은주소아청소년과의원,,내원,,,,,,,
25414,아이앤미가정의학과의원,,내원,,,,,,,
25415,더조은내과의원,내원,,,,,내원,,,
25416,이경오내과의원,내원,,,내원,내원,내원,,,
25417,친구들소아청소년과의원,,내원,,,,,,,
25418,수지본내과의원,내원,,,내원,,내원,,,
25419,서울소아청소년과의원,,내원,,,,,,,
25420,성복이안소아청소년과의원,,내원,,,,,,,
25421,삼성드림내과의원,내원,내원,,내원,내원,내원,,,
25422,서울성모내과의원,내원,,,내원,내원,내원,내원,내원,
25423,연세물푸레소아청소년과의원,,내원,,,,,,,
25424,더좋은소아청소년과의원,,내원,,,,,,,
25425,연세손내과의원,내원,,,내원,내원,내원,,,
25426,리본산부인과의원,,,,,,,,내원,
25427,한마음내과영상의학과의원,내원,,,내원,내원,내원,내원,내원,
25428,유앤항외과의원,내원,,,내원,내원,내원,내원,,
25429,용인탑내과의원,내원,,,내원,내원,내원,내원,내원,
25430,피터소아청소년과의원,,내원,,,,,,,
25431,SOK수지속편한내과의원,내원,,,내원,내원,내원,내원,,
25432,연세뉴키즈소아청소년과의원,,내원,,,,,,,
25433,홍종욱내과의원,내원,,,내원,내원,내원,,,
25434,장그린내과의원,내원,,,내원,내원,내원,내원,,
25435,아이웰봄소아청소년과의원,,내원,,,,,,,
25436,삼성키즈소아청소년과의원,,내원,,,,,,,
25437,미나벨라여성의원,,,,,,,,내원,
25438,서울S가정의원,내원,내원,,,,내원,,,
25439,서울내과의원,내원,,,내원,내원,내원,내원,내원,
25440,위드준소아청소년과의원,,내원,,,,,,,
25441,참편한내과의원,내원,,,내원,내원,내원,,,
25442,재단법인서울의과학연구소에스씨엘(SCL)의원,내원+출장,,,,,,,,
25443,편한내과의원,내원,,,내원,내원,내원,,,
25444,삼성드림아이소아청소년과의원,,내원,,,,,,,
25445,아이언소아청소년과의원,,내원,,,,,,,
25446,다정한내과의원,내원,,,,,,,,
25447,현산부인과의원,,,,,,,,내원,
25448,용인항유외과의원,내원,,,내원,내원,내원,내원,내원,
25449,서울건강내과의원,내원,,,내원,내원,내원,,,
25450,배소아청소년과의원,,내원,,,,,,,
25451,유수정소아청소년과의원,,내원,,,,,,,
25452,으뜸가정의학과의원,내원,,,내원,,,,,
25453,동천이안소아청소년과의원,,내원,,,,,,,
25454,광교인내과의원,내원,,,내원,내원,내원,,,
25455,성모다솜의원,,내원,,,,,,,
25456,센텀내과의원,내원,,,내원,내원,내원,내원,내원,
25457,길내과의원,내원,,,내원,내원,내원,내원,내원,
25458,김앤서내과의원,내원,,,내원,내원,내원,내원,내원,
25459,웰봄소아청소년과의원,,내원,,,,,,,
25460,지니여성의원,,,,,,,,내원,
25461,서울삼성내과의원,내원,,,내원,내원,내원,내원,내원,
25462,미즈유영상의학과의원,,,,,,,내원,,
25463,신동백조은내과의원,내원,,,내원,내원,내원,내원,내원,
25464,아산온가족의원,,내원,,,,,,,
25465,서강흠내과의원,내원,,,내원,내원,내원,,,
25466,오즈소아청소년과의원,,내원,,,,,,,
25467,미래소아청소년과의원,,내원,,,,,,,
25468,연세속앤마디편한내과의원,내원,,,내원,내원,내원,,,
25469,꿈이든소아청소년과의원,,내원,,,,,,,
25470,기린웰소아청소년과의원,,내원,,,,,,,
25471,수지사랑내과의원,내원,내원,,내원,,내원,,,
25472,우리소아청소년과의원,,내원,,,,,,,
25473,수지베스트내과의원,내원,,,내원,내원,내원,내원,내원,
25474,성복행복한소아청소년과의원,,내원,,,,,,,
25475,연세더바른내과의원,내원,,,내원,내원,내원,,,
25476,서울위(WE)편한내과의원,내원,,,내원,내원,내원,내원,내원,
25477,누리내과의원,내원,,,,,,,,
25478,서울편한내과의원,내원,,,내원,내원,내원,내원,내원,
25479,호호소아청소년과의원,,내원,,,,,,,
25480,연세김내과의원,내원,,,,,내원,,,
25481,서울제일내과의원,내원,,,내원,내원,내원,내원,내원,
25482,수지바름의원,,내원,,,,,,,
25483,광교바른내과의원,내원,,,내원,내원,내원,내원,내원,
25484,광교장내과의원,내원,,,내원,내원,내원,,,
25485,이레소아청소년과의원,,내원,,,,,,,
25486,진내과의원,내원,,,내원,내원,내원,,,
25487,바른솔내과의원,내원,,,내원,내원,내원,내원,내원,
25488,수지엘내과의원,내원,,,내원,내원,내원,내원,내원,
25489,샛별산부인과의원,,,,,,,,내원,
25490,삼성박내과의원,내원,,,내원,내원,내원,내원,내원,
25491,광교그린산부인과의원,,,,,,,,내원,
25492,수지메디이음내과의원,내원,,,내원,내원,내원,내원,,
25493,연세메디웰내과의원,내원,,,내원,내원,내원,내원,내원,
25494,메디코아내과의원,내원,,,내원,내원,내원,내원,내원,
25495,수지퍼스트내과의원,내원,,,내원,내원,내원,내원,내원,
25496,유앤미여성의원,,,,,,,,내원,
25497,에스더산부인과의원,,,,,,,내원,내원,
25498,플러스건강가정의학과의원,내원,,,내원,내원,내원,,내원,
25499,허원장성장의원,,내원,,,,,,,
25500,정내과의원,내원,,,내원,,내원,,,
25501,용인이엠365의원,내원,,,내원,내원,내원,내원,내원,
25502,오늘봄산부인과의원,,,,,,,,내원,
25503,죽전연세소아청소년과의원,,내원,,,,,,,
25504,솔빛내과의원,내원,,,내원,내원,내원,내원,내원,
25505,좋은솜씨죽전치과의원,,,내원,,,,,,
25506,이·스마일치과교정과치과의원,,,내원,,,,,,
25507,하늘빛어린이병원,,내원,,,,,,,
25508,용인아이들병원,,내원,,,,,,,
25509,동백행복한산부인과의원,,,,,,,,내원,
25510,흥덕드림산부인과의원,,,,,,,,내원,
25511,용인속편한내과의원,내원,,,내원,내원,내원,내원,내원,
25512,연세온아치과병원,,,내원,,,,,,
25513,용인온아소아치과의원,,,내원,,,,,,
25514,연세레이치과의원,,,내원,,,,,,
